iter	Passed	Remaining
0	59	1195497
1	114	1141488
2	168	1119946
3	225	1128085
4	284	1138334
5	346	1154522
6	408	1165952
7	465	1162626
8	527	1171412
9	585	1169751
10	641	1165745
11	696	1159680
12	752	1156762
13	816	1165320
14	881	1174154
15	947	1183288
16	1016	1195273
17	1071	1190036
18	1132	1190836
19	1190	1189269
20	1246	1185458
21	1304	1184425
22	1360	1181733
23	1414	1177243
24	1471	1175359
25	1526	1172954
26	1580	1169281
27	1634	1165514
28	1691	1164835
29	1744	1161053
30	1802	1161196
31	1853	1156715
32	1908	1154619
33	1963	1153200
34	2018	1151445
35	2071	1148569
36	2127	1147806
37	2181	1145723
38	2236	1144787
39	2291	1143513
40	2346	1142236
41	2399	1140234
42	2453	1138708
43	2509	1138250
44	2565	1137666
45	2618	1136004
46	2675	1135954
47	2733	1136289
48	2788	1135568
49	2846	1135735
50	2901	1134781
51	2956	1134124
52	3009	1132752
53	3066	1132794
54	3119	1131140
55	3174	1130693
56	3235	1131874
57	3292	1131999
58	3343	1129992
59	3396	1128893
60	3449	1127647
61	3504	1126940
62	3563	1127787
63	3618	1127087
64	3672	1126357
65	3726	1125647
66	3783	1125686
67	3838	1125260
68	3895	1125296
69	3955	1126088
70	4013	1126455
71	4070	1126700
72	4127	1126600
73	4182	1126147
74	4237	1125698
75	4292	1125396
76	4364	1129341
77	4416	1127980
78	4467	1126573
79	4522	1125983
80	4579	1126251
81	4633	1125445
82	4690	1125595
83	4747	1125527
84	4802	1125101
85	4859	1125170
86	4918	1125716
87	4986	1128227
88	5040	1127755
89	5099	1128111
90	5151	1127091
91	5206	1126538
92	5259	1125833
93	5312	1124959
94	5368	1124866
95	5433	1126543
96	5489	1126461
97	5544	1126081
98	5600	1125858
99	5656	1125677
100	5721	1127200
101	5775	1126707
102	5832	1126729
103	5889	1126722
104	5942	1125990
105	6000	1126123
106	6054	1125611
107	6106	1124768
108	6159	1124048
109	6215	1123913
110	6272	1123953
111	6331	1124212
112	6383	1123370
113	6438	1123193
114	6491	1122486
115	6550	1122896
116	6610	1123465
117	6667	1123372
118	6724	1123422
119	6782	1123574
120	6836	1123095
121	6896	1123624
122	6954	1123829
123	7008	1123419
124	7061	1122710
125	7121	1123198
126	7175	1122828
127	7229	1122344
128	7291	1123213
129	7355	1124212
130	7412	1124261
131	7470	1124456
132	7528	1124641
133	7587	1124924
134	7645	1125065
135	7701	1124901
136	7761	1125243
137	7817	1125205
138	7874	1125193
139	7933	1125443
140	7988	1125165
141	8046	1125218
142	8102	1125121
143	8160	1125253
144	8218	1125378
145	8275	1125367
146	8328	1124768
147	8382	1124327
148	8439	1124331
149	8493	1123944
150	8550	1123924
151	8607	1123975
152	8664	1123942
153	8716	1123306
154	8773	1123264
155	8822	1122272
156	8880	1122448
157	8936	1122227
158	8994	1122341
159	9048	1122036
160	9105	1122041
161	9165	1122355
162	9219	1122042
163	9272	1121518
164	9328	1121428
165	9381	1120929
166	9440	1121101
167	9494	1120744
168	9551	1120759
169	9603	1120176
170	9663	1120591
171	9745	1123421
172	9811	1124480
173	9876	1125351
174	9941	1126194
175	10008	1127374
176	10071	1127969
177	10133	1128502
178	10200	1129546
179	10264	1130254
180	10332	1131390
181	10395	1132000
182	10459	1132659
183	10521	1133074
184	10586	1133869
185	10646	1134172
186	10714	1135182
187	10783	1136387
188	10851	1137421
189	10910	1137598
190	10977	1138505
191	11045	1139479
192	11113	1140529
193	11177	1141166
194	11244	1142031
195	11310	1142788
196	11375	1143459
197	11442	1144335
198	11504	1144685
199	11566	1145123
200	11635	1146093
201	11699	1146712
202	11759	1146786
203	11826	1147596
204	11892	1148319
205	11956	1148907
206	12023	1149621
207	12088	1150299
208	12153	1150853
209	12214	1151087
210	12285	1152198
211	12350	1152754
212	12414	1153271
213	12483	1154232
214	12552	1155115
215	12619	1155863
216	12684	1156407
217	12747	1156765
218	12808	1156934
219	12876	1157683
220	12942	1158331
221	13003	1158478
222	13066	1158822
223	13131	1159329
224	13190	1159326
225	13256	1159928
226	13323	1160587
227	13396	1161752
228	13465	1162558
229	13526	1162732
230	13598	1163744
231	13665	1164401
232	13732	1165055
233	13802	1165875
234	13855	1165341
235	13910	1164970
236	13968	1164845
237	14030	1165021
238	14086	1164710
239	14146	1164736
240	14205	1164672
241	14259	1164181
242	14315	1163926
243	14370	1163531
244	14427	1163305
245	14487	1163338
246	14539	1162740
247	14598	1162724
248	14656	1162606
249	14711	1162180
250	14765	1161802
251	14825	1161780
252	14882	1161620
253	14934	1160978
254	14985	1160349
255	15039	1159942
256	15090	1159277
257	15147	1159080
258	15198	1158447
259	15251	1157932
260	15307	1157715
261	15363	1157414
262	15418	1157075
263	15472	1156718
264	15528	1156418
265	15583	1156132
266	15634	1155461
267	15686	1154958
268	15741	1154636
269	15794	1154147
270	15850	1153917
271	15904	1153534
272	15962	1153415
273	16021	1153441
274	16082	1153524
275	16136	1153156
276	16198	1153362
277	16254	1153153
278	16319	1153541
279	16375	1153295
280	16428	1152892
281	16478	1152232
282	16532	1151812
283	16589	1151696
284	16644	1151374
285	16696	1150908
286	16754	1150794
287	16812	1150720
288	16869	1150543
289	16923	1150237
290	16979	1149964
291	17034	1149741
292	17088	1149365
293	17142	1149001
294	17194	1148567
295	17257	1148790
296	17312	1148531
297	17386	1149470
298	17435	1148819
299	17489	1148496
300	17548	1148457
301	17603	1148191
302	17659	1147983
303	17717	1147900
304	17769	1147426
305	17824	1147171
306	17880	1146999
307	17936	1146768
308	17999	1147047
309	18054	1146754
310	18103	1146131
311	18158	1145854
312	18230	1146671
313	18286	1146450
314	18337	1145959
315	18388	1145460
316	18444	1145224
317	18495	1144727
318	18549	1144420
319	18610	1144565
320	18665	1144263
321	18721	1144097
322	18773	1143661
323	18826	1143289
324	18879	1142915
325	18936	1142837
326	18988	1142407
327	19038	1141853
328	19091	1141514
329	19146	1141237
330	19201	1141017
331	19257	1140844
332	19308	1140360
333	19361	1140025
334	19416	1139750
335	19468	1139379
336	19528	1139412
337	19580	1139027
338	19632	1138627
339	19687	1138377
340	19742	1138153
341	19793	1137709
342	19847	1137436
343	19900	1137110
344	19954	1136825
345	20008	1136561
346	20059	1136126
347	20115	1135934
348	20173	1135902
349	20228	1135692
350	20284	1135515
351	20336	1135162
352	20392	1134988
353	20447	1134758
354	20505	1134726
355	20560	1134504
356	20613	1134228
357	20667	1133962
358	20721	1133660
359	20778	1133605
360	20831	1133244
361	20884	1132958
362	20938	1132709
363	20993	1132492
364	21049	1132334
365	21101	1131964
366	21165	1132254
367	21216	1131859
368	21266	1131415
369	21321	1131205
370	21376	1130997
371	21432	1130841
372	21489	1130740
373	21552	1131006
374	21608	1130820
375	21674	1131249
376	21730	1131055
377	21783	1130787
378	21838	1130574
379	21893	1130403
380	21949	1130251
381	22003	1129991
382	22055	1129685
383	22108	1129396
384	22164	1129220
385	22212	1128718
386	22265	1128409
387	22322	1128338
388	22377	1128146
389	22441	1128386
390	22496	1128239
391	22552	1128088
392	22603	1127690
393	22657	1127474
394	22724	1127902
395	22778	1127661
396	22828	1127206
397	22875	1126650
398	22928	1126356
399	22982	1126128
400	23031	1125694
401	23085	1125424
402	23138	1125174
403	23194	1125038
404	23252	1125016
405	23301	1124574
406	23354	1124267
407	23410	1124141
408	23470	1124225
409	23521	1123864
410	23580	1123882
411	23630	1123503
412	23684	1123257
413	23739	1123117
414	23795	1122964
415	23853	1122940
416	23905	1122648
417	23959	1122414
418	24026	1122816
419	24079	1122564
420	24130	1122232
421	24177	1121697
422	24235	1121666
423	24289	1121456
424	24343	1121238
425	24398	1121080
426	24457	1121089
427	24510	1120854
428	24565	1120657
429	24616	1120330
430	24671	1120190
431	24729	1120144
432	24782	1119889
433	24843	1120026
434	24897	1119821
435	24949	1119538
436	25001	1119252
437	25055	1119020
438	25105	1118641
439	25158	1118418
440	25209	1118059
441	25261	1117778
442	25344	1118857
443	25392	1118394
444	25442	1118032
445	25490	1117594
446	25541	1117247
447	25589	1116797
448	25640	1116461
449	25693	1116251
450	25746	1116018
451	25800	1115833
452	25853	1115570
453	25906	1115358
454	25966	1115399
455	26018	1115132
456	26072	1114964
457	26126	1114768
458	26182	1114647
459	26234	1114399
460	26289	1114272
461	26344	1114123
462	26398	1113910
463	26450	1113664
464	26503	1113446
465	26555	1113155
466	26603	1112737
467	26664	1112834
468	26716	1112563
469	26763	1112106
470	26815	1111844
471	26866	1111529
472	26916	1111217
473	26968	1110931
474	27025	1110885
475	27080	1110772
476	27135	1110637
477	27184	1110258
478	27235	1109948
479	27290	1109819
480	27346	1109739
481	27397	1109433
482	27454	1109389
483	27521	1109735
484	27578	1109670
485	27631	1109450
486	27686	1109336
487	27740	1109156
488	27791	1108868
489	27844	1108685
490	27897	1108469
491	27951	1108292
492	28005	1108104
493	28060	1107990
494	28112	1107748
495	28165	1107524
496	28216	1107275
497	28271	1107118
498	28322	1106861
499	28377	1106708
500	28428	1106434
501	28477	1106097
502	28527	1105771
503	28584	1105706
504	28639	1105586
505	28691	1105366
506	28751	1105425
507	28807	1105362
508	28860	1105128
509	28918	1105133
510	28969	1104876
511	29030	1104957
512	29082	1104750
513	29136	1104564
514	29188	1104347
515	29244	1104281
516	29302	1104260
517	29359	1104195
518	29416	1104154
519	29466	1103870
520	29516	1103536
521	29567	1103300
522	29621	1103117
523	29682	1103223
524	29741	1103251
525	29805	1103477
526	29855	1103187
527	29908	1102978
528	29959	1102733
529	30008	1102402
530	30062	1102251
531	30122	1102296
532	30173	1102032
533	30227	1101885
534	30285	1101868
535	30340	1101763
536	30394	1101599
537	30446	1101396
538	30497	1101140
539	30554	1101076
540	30605	1100846
541	30669	1101043
542	30719	1100749
543	30781	1100886
544	30832	1100627
545	30889	1100580
546	30942	1100414
547	30997	1100307
548	31051	1100161
549	31111	1100222
550	31165	1100080
551	31220	1099945
552	31277	1099919
553	31331	1099770
554	31385	1099636
555	31439	1099468
556	31490	1099228
557	31543	1099034
558	31592	1098733
559	31648	1098651
560	31704	1098577
561	31759	1098476
562	31810	1098216
563	31874	1098441
564	31926	1098204
565	31981	1098102
566	32034	1097921
567	32090	1097853
568	32147	1097824
569	32199	1097620
570	32254	1097514
571	32309	1097387
572	32364	1097282
573	32420	1097196
574	32472	1097011
575	32526	1096858
576	32578	1096666
577	32631	1096483
578	32686	1096390
579	32738	1096191
580	32788	1095889
581	32844	1095816
582	32893	1095540
583	32951	1095508
584	33002	1095300
585	33056	1095155
586	33107	1094910
587	33160	1094760
588	33216	1094682
589	33273	1094636
590	33321	1094324
591	33371	1094045
592	33424	1093879
593	33480	1093822
594	33536	1093754
595	33591	1093647
596	33646	1093539
597	33700	1093410
598	33760	1093474
599	33816	1093386
600	33869	1093235
601	33921	1093034
602	33979	1093024
603	34029	1092776
604	34085	1092720
605	34148	1092853
606	34204	1092789
607	34257	1092643
608	34312	1092519
609	34361	1092255
610	34417	1092192
611	34469	1091995
612	34522	1091809
613	34571	1091526
614	34626	1091432
615	34692	1091701
616	34741	1091398
617	34796	1091307
618	34848	1091122
619	34900	1090908
620	34955	1090817
621	35008	1090669
622	35058	1090419
623	35116	1090418
624	35168	1090235
625	35223	1090122
626	35288	1090335
627	35338	1090084
628	35396	1090081
629	35450	1089962
630	35499	1089679
631	35550	1089468
632	35605	1089364
633	35658	1089208
634	35709	1089012
635	35760	1088786
636	35811	1088563
637	35864	1088409
638	35917	1088266
639	35977	1088333
640	36032	1088232
641	36086	1088104
642	36142	1088027
643	36193	1087831
644	36252	1087860
645	36311	1087871
646	36365	1087756
647	36422	1087738
648	36477	1087623
649	36531	1087514
650	36581	1087269
651	36634	1087120
652	36684	1086879
653	36735	1086686
654	36787	1086485
655	36840	1086335
656	36895	1086247
657	36949	1086129
658	37002	1085977
659	37055	1085835
660	37108	1085701
661	37163	1085593
662	37218	1085503
663	37269	1085312
664	37336	1085565
665	37380	1085148
666	37438	1085154
667	37489	1084953
668	37546	1084915
669	37594	1084642
670	37647	1084474
671	37699	1084320
672	37755	1084246
673	37806	1084053
674	37859	1083914
675	37922	1084053
676	37990	1084327
677	38054	1084500
678	38130	1085008
679	38200	1085329
680	38254	1085233
681	38316	1085343
682	38367	1085122
683	38422	1085044
684	38483	1085125
685	38544	1085207
686	38608	1085363
687	38668	1085427
688	38720	1085245
689	38775	1085146
690	38829	1085029
691	38883	1084919
692	38934	1084726
693	38995	1084780
694	39048	1084645
695	39106	1084655
696	39159	1084489
697	39216	1084451
698	39268	1084297
699	39325	1084258
700	39386	1084328
701	39441	1084234
702	39499	1084241
703	39549	1084015
704	39604	1083936
705	39658	1083817
706	39713	1083711
707	39765	1083540
708	39823	1083540
709	39880	1083523
710	39933	1083365
711	39995	1083478
712	40050	1083373
713	40117	1083613
714	40186	1083918
715	40244	1083912
716	40299	1083819
717	40358	1083824
718	40410	1083658
719	40470	1083717
720	40530	1083762
721	40591	1083821
722	40653	1083916
723	40711	1083922
724	40778	1084148
725	40835	1084110
726	40891	1084050
727	40946	1083965
728	41004	1083936
729	41056	1083792
730	41110	1083663
731	41161	1083478
732	41215	1083365
733	41268	1083203
734	41321	1083078
735	41375	1082953
736	41430	1082879
737	41485	1082781
738	41540	1082689
739	41602	1082778
740	41658	1082734
741	41710	1082559
742	41763	1082425
743	41822	1082442
744	41876	1082331
745	41937	1082384
746	41988	1082200
747	42048	1082234
748	42102	1082122
749	42154	1081971
750	42207	1081827
751	42260	1081676
752	42315	1081592
753	42365	1081387
754	42419	1081287
755	42475	1081203
756	42527	1081059
757	42577	1080838
758	42628	1080644
759	42682	1080542
760	42737	1080457
761	42788	1080267
762	42835	1079974
763	42891	1079928
764	42944	1079795
765	43004	1079835
766	43056	1079669
767	43113	1079630
768	43166	1079503
769	43218	1079329
770	43269	1079160
771	43320	1078982
772	43376	1078907
773	43423	1078626
774	43470	1078349
775	43522	1078181
776	43577	1078104
777	43628	1077925
778	43682	1077822
779	43735	1077681
780	43787	1077530
781	43839	1077370
782	43894	1077282
783	43949	1077212
784	44005	1077158
785	44055	1076937
786	44109	1076835
787	44167	1076829
788	44220	1076714
789	44271	1076532
790	44325	1076422
791	44376	1076244
792	44426	1076048
793	44478	1075896
794	44533	1075808
795	44588	1075724
796	44639	1075556
797	44691	1075394
798	44748	1075361
799	44804	1075308
800	44858	1075201
801	44915	1075177
802	44976	1075234
803	45031	1075166
804	45081	1074967
805	45136	1074869
806	45193	1074832
807	45250	1074801
808	45304	1074696
809	45360	1074647
810	45412	1074502
811	45465	1074372
812	45517	1074230
813	45570	1074087
814	45619	1073880
815	45672	1073750
816	45728	1073685
817	45780	1073545
818	45836	1073482
819	45893	1073453
820	45950	1073437
821	45999	1073202
822	46057	1073207
823	46113	1073155
824	46176	1073263
825	46233	1073211
826	46286	1073107
827	46338	1072941
828	46392	1072841
829	46447	1072762
830	46501	1072662
831	46559	1072666
832	46609	1072458
833	46667	1072449
834	46720	1072326
835	46776	1072278
836	46825	1072069
837	46882	1072037
838	46936	1071926
839	46991	1071848
840	47043	1071700
841	47091	1071467
842	47149	1071451
843	47204	1071386
844	47256	1071232
845	47315	1071255
846	47370	1071187
847	47424	1071075
848	47478	1070982
849	47533	1070893
850	47590	1070873
851	47642	1070721
852	47698	1070670
853	47754	1070621
854	47803	1070406
855	47858	1070341
856	47911	1070218
857	47971	1070240
858	48028	1070202
859	48079	1070038
860	48131	1069910
861	48185	1069802
862	48243	1069790
863	48293	1069607
864	48342	1069404
865	48392	1069215
866	48457	1069362
867	48510	1069233
868	48559	1069025
869	48616	1069005
870	48665	1068802
871	48723	1068794
872	48773	1068594
873	48827	1068500
874	48877	1068325
875	48932	1068252
876	48985	1068139
877	49043	1068121
878	49106	1068222
879	49158	1068076
880	49208	1067896
881	49266	1067892
882	49325	1067892
883	49379	1067808
884	49439	1067844
885	49489	1067653
886	49541	1067517
887	49598	1067474
888	49659	1067541
889	49714	1067474
890	49775	1067515
891	49828	1067411
892	49880	1067260
893	49934	1067176
894	49988	1067068
895	50042	1066980
896	50095	1066862
897	50149	1066772
898	50207	1066752
899	50257	1066573
900	50321	1066685
901	50370	1066482
902	50421	1066334
903	50473	1066206
904	50526	1066091
905	50576	1065905
906	50633	1065875
907	50711	1066285
908	50766	1066210
909	50822	1066145
910	50872	1065976
911	50927	1065907
912	50979	1065766
913	51036	1065725
914	51086	1065553
915	51144	1065557
916	51198	1065456
917	51245	1065222
918	51300	1065136
919	51350	1064971
920	51406	1064910
921	51460	1064818
922	51511	1064670
923	51565	1064566
924	51614	1064373
925	51666	1064248
926	51715	1064050
927	51770	1063977
928	51827	1063943
929	51886	1063948
930	51939	1063832
931	51995	1063785
932	52053	1063777
933	52105	1063647
934	52156	1063498
935	52212	1063429
936	52264	1063301
937	52319	1063226
938	52374	1063167
939	52428	1063072
940	52481	1062960
941	52535	1062866
942	52587	1062742
943	52639	1062599
944	52695	1062545
945	52749	1062465
946	52808	1062470
947	52863	1062402
948	52917	1062308
949	52970	1062196
950	53036	1062338
951	53085	1062154
952	53142	1062127
953	53193	1061964
954	53252	1061980
955	53300	1061780
956	53358	1061760
957	53408	1061591
958	53455	1061367
959	53505	1061194
960	53555	1061017
961	53609	1060936
962	53666	1060892
963	53732	1061058
964	53789	1061012
965	53843	1060922
966	53894	1060789
967	53951	1060755
968	54002	1060595
969	54053	1060445
970	54101	1060235
971	54155	1060158
972	54205	1059980
973	54258	1059884
974	54313	1059811
975	54371	1059804
976	54425	1059703
977	54481	1059665
978	54534	1059546
979	54588	1059458
980	54642	1059365
981	54698	1059315
982	54751	1059215
983	54805	1059127
984	54857	1058996
985	54912	1058934
986	54959	1058713
987	55013	1058621
988	55067	1058525
989	55119	1058400
990	55175	1058351
991	55232	1058325
992	55285	1058213
993	55343	1058211
994	55394	1058061
995	55446	1057945
996	55500	1057849
997	55555	1057785
998	55606	1057627
999	55663	1057608
1000	55723	1057639
1001	55774	1057496
1002	55829	1057419
1003	55877	1057220
1004	55930	1057120
1005	55983	1057009
1006	56039	1056968
1007	56091	1056840
1008	56142	1056690
1009	56192	1056536
1010	56249	1056503
1011	56300	1056363
1012	56355	1056286
1013	56407	1056166
1014	56455	1055964
1015	56511	1055912
1016	56562	1055770
1017	56619	1055739
1018	56671	1055620
1019	56723	1055496
1020	56778	1055426
1021	56845	1055583
1022	56909	1055696
1023	56984	1055997
1024	57044	1056018
1025	57110	1056152
1026	57165	1056084
1027	57225	1056103
1028	57279	1056021
1029	57335	1055966
1030	57392	1055941
1031	57447	1055879
1032	57503	1055822
1033	57553	1055658
1034	57605	1055538
1035	57662	1055521
1036	57709	1055303
1037	57767	1055289
1038	57824	1055249
1039	57875	1055112
1040	57924	1054936
1041	57981	1054907
1042	58032	1054763
1043	58087	1054708
1044	58139	1054584
1045	58189	1054424
1046	58247	1054409
1047	58301	1054327
1048	58356	1054259
1049	58409	1054156
1050	58459	1054003
1051	58514	1053922
1052	58567	1053833
1053	58629	1053882
1054	58681	1053758
1055	58731	1053612
1056	58783	1053493
1057	58839	1053435
1058	58892	1053336
1059	58940	1053135
1060	58989	1052971
1061	59041	1052851
1062	59095	1052761
1063	59148	1052671
1064	59201	1052562
1065	59257	1052517
1066	59314	1052491
1067	59368	1052398
1068	59426	1052383
1069	59476	1052240
1070	59526	1052080
1071	59581	1052012
1072	59639	1051994
1073	59690	1051862
1074	59746	1051808
1075	59799	1051722
1076	59846	1051508
1077	59903	1051487
1078	59955	1051362
1079	60006	1051226
1080	60068	1051274
1081	60116	1051100
1082	60166	1050939
1083	60216	1050783
1084	60265	1050620
1085	60316	1050485
1086	60368	1050367
1087	60417	1050189
1088	60469	1050073
1089	60518	1049920
1090	60572	1049825
1091	60629	1049804
1092	60682	1049710
1093	60738	1049662
1094	60795	1049619
1095	60844	1049463
1096	60903	1049454
1097	60955	1049349
1098	61007	1049221
1099	61058	1049101
1100	61106	1048914
1101	61154	1048733
1102	61208	1048646
1103	61263	1048587
1104	61314	1048452
1105	61364	1048305
1106	61414	1048146
1107	61461	1047958
1108	61514	1047850
1109	61567	1047751
1110	61619	1047649
1111	61673	1047567
1112	61725	1047443
1113	61775	1047299
1114	61832	1047269
1115	61888	1047229
1116	61939	1047095
1117	61991	1046981
1118	62050	1046988
1119	62104	1046897
1120	62154	1046761
1121	62205	1046624
1122	62257	1046517
1123	62311	1046434
1124	62361	1046290
1125	62415	1046204
1126	62475	1046228
1127	62529	1046154
1128	62584	1046092
1129	62638	1046011
1130	62694	1045966
1131	62753	1045973
1132	62807	1045881
1133	62858	1045760
1134	62913	1045687
1135	62964	1045572
1136	63019	1045496
1137	63075	1045451
1138	63129	1045372
1139	63183	1045292
1140	63242	1045305
1141	63293	1045168
1142	63341	1045000
1143	63394	1044893
1144	63445	1044778
1145	63496	1044642
1146	63554	1044629
1147	63604	1044492
1148	63662	1044470
1149	63713	1044348
1150	63763	1044201
1151	63812	1044050
1152	63875	1044104
1153	63929	1044033
1154	63980	1043903
1155	64031	1043788
1156	64085	1043698
1157	64139	1043620
1158	64190	1043490
1159	64240	1043361
1160	64294	1043273
1161	64352	1043256
1162	64405	1043171
1163	64455	1043027
1164	64509	1042951
1165	64562	1042858
1166	64617	1042795
1167	64667	1042645
1168	64722	1042584
1169	64775	1042492
1170	64831	1042445
1171	64884	1042364
1172	64934	1042220
1173	64984	1042077
1174	65036	1041966
1175	65089	1041876
1176	65145	1041828
1177	65203	1041819
1178	65256	1041718
1179	65309	1041631
1180	65362	1041532
1181	65417	1041475
1182	65469	1041367
1183	65522	1041275
1184	65578	1041223
1185	65628	1041094
1186	65686	1041072
1187	65742	1041026
1188	65793	1040910
1189	65846	1040812
1190	65899	1040719
1191	65948	1040563
1192	66001	1040477
1193	66055	1040394
1194	66109	1040318
1195	66162	1040240
1196	66213	1040105
1197	66262	1039963
1198	66321	1039957
1199	66373	1039850
1200	66426	1039757
1201	66479	1039662
1202	66533	1039591
1203	66588	1039539
1204	66647	1039541
1205	66698	1039415
1206	66775	1039689
1207	66823	1039520
1208	66871	1039362
1209	66919	1039187
1210	66972	1039101
1211	67029	1039061
1212	67080	1038938
1213	67131	1038822
1214	67178	1038633
1215	67227	1038488
1216	67277	1038353
1217	67329	1038247
1218	67386	1038216
1219	67435	1038071
1220	67488	1037975
1221	67545	1037947
1222	67599	1037874
1223	67655	1037826
1224	67709	1037745
1225	67762	1037659
1226	67813	1037545
1227	67874	1037571
1228	67930	1037524
1229	67986	1037487
1230	68050	1037562
1231	68107	1037536
1232	68157	1037397
1233	68208	1037270
1234	68258	1037145
1235	68315	1037114
1236	68366	1036998
1237	68420	1036925
1238	68474	1036840
1239	68536	1036885
1240	68589	1036801
1241	68641	1036689
1242	68696	1036635
1243	68753	1036610
1244	68803	1036474
1245	68855	1036368
1246	68909	1036300
1247	68965	1036251
1248	69016	1036135
1249	69072	1036080
1250	69123	1035969
1251	69174	1035846
1252	69227	1035766
1253	69281	1035691
1254	69336	1035624
1255	69392	1035577
1256	69453	1035619
1257	69514	1035648
1258	69565	1035526
1259	69623	1035504
1260	69673	1035373
1261	69728	1035315
1262	69784	1035274
1263	69838	1035203
1264	69894	1035157
1265	69949	1035095
1266	70001	1034998
1267	70055	1034916
1268	70105	1034784
1269	70155	1034655
1270	70212	1034623
1271	70264	1034519
1272	70321	1034487
1273	70375	1034418
1274	70434	1034422
1275	70497	1034477
1276	70551	1034402
1277	70599	1034245
1278	70657	1034222
1279	70710	1034136
1280	70773	1034204
1281	70821	1034041
1282	70867	1033843
1283	70918	1033728
1284	70972	1033662
1285	71023	1033541
1286	71078	1033479
1287	71128	1033358
1288	71183	1033294
1289	71237	1033217
1290	71291	1033139
1291	71346	1033090
1292	71404	1033076
1293	71460	1033034
1294	71514	1032962
1295	71574	1032969
1296	71629	1032918
1297	71679	1032781
1298	71733	1032704
1299	71781	1032543
1300	71831	1032419
1301	71889	1032399
1302	71940	1032282
1303	71990	1032160
1304	72053	1032212
1305	72103	1032086
1306	72152	1031944
1307	72201	1031793
1308	72254	1031710
1309	72307	1031626
1310	72368	1031649
1311	72426	1031636
1312	72483	1031603
1313	72545	1031641
1314	72598	1031556
1315	72655	1031531
1316	72704	1031394
1317	72760	1031350
1318	72816	1031304
1319	72869	1031214
1320	72925	1031176
1321	72976	1031049
1322	73029	1030975
1323	73081	1030871
1324	73136	1030811
1325	73190	1030736
1326	73243	1030653
1327	73297	1030574
1328	73354	1030548
1329	73425	1030714
1330	73469	1030499
1331	73520	1030387
1332	73570	1030269
1333	73621	1030143
1334	73674	1030063
1335	73724	1029942
1336	73773	1029801
1337	73831	1029775
1338	73892	1029799
1339	73947	1029743
1340	73998	1029638
1341	74052	1029564
1342	74110	1029552
1343	74166	1029497
1344	74217	1029392
1345	74269	1029293
1346	74325	1029248
1347	74380	1029190
1348	74431	1029077
1349	74482	1028960
1350	74537	1028901
1351	74586	1028764
1352	74637	1028653
1353	74692	1028598
1354	74744	1028501
1355	74798	1028429
1356	74851	1028334
1357	74905	1028262
1358	74971	1028367
1359	75021	1028238
1360	75072	1028129
1361	75127	1028065
1362	75175	1027917
1363	75234	1027909
1364	75291	1027881
1365	75350	1027874
1366	75403	1027794
1367	75456	1027706
1368	75511	1027652
1369	75566	1027599
1370	75615	1027456
1371	75666	1027342
1372	75716	1027221
1373	75768	1027119
1374	75818	1026993
1375	75871	1026917
1376	75926	1026851
1377	75982	1026805
1378	76032	1026693
1379	76090	1026673
1380	76143	1026591
1381	76193	1026462
1382	76247	1026393
1383	76304	1026359
1384	76358	1026292
1385	76410	1026190
1386	76466	1026144
1387	76517	1026046
1388	76567	1025919
1389	76617	1025790
1390	76664	1025627
1391	76716	1025531
1392	76772	1025483
1393	76838	1025574
1394	76888	1025455
1395	76941	1025374
1396	76994	1025283
1397	77046	1025197
1398	77100	1025128
1399	77153	1025044
1400	77207	1024964
1401	77263	1024926
1402	77321	1024910
1403	77373	1024807
1404	77428	1024761
1405	77485	1024724
1406	77537	1024631
1407	77588	1024527
1408	77638	1024404
1409	77695	1024364
1410	77748	1024279
1411	77801	1024208
1412	77850	1024071
1413	77905	1024016
1414	77962	1023982
1415	78014	1023890
1416	78068	1023812
1417	78125	1023784
1418	78183	1023763
1419	78234	1023654
1420	78286	1023567
1421	78341	1023502
1422	78392	1023395
1423	78448	1023358
1424	78516	1023475
1425	78568	1023380
1426	78632	1023435
1427	78681	1023297
1428	78735	1023228
1429	78800	1023301
1430	78851	1023190
1431	78902	1023091
1432	78953	1022978
1433	79004	1022871
1434	79060	1022824
1435	79107	1022672
1436	79160	1022589
1437	79218	1022562
1438	79279	1022593
1439	79334	1022536
1440	79387	1022450
1441	79437	1022336
1442	79497	1022341
1443	79551	1022268
1444	79611	1022273
1445	79665	1022205
1446	79718	1022122
1447	79767	1021997
1448	79824	1021957
1449	79877	1021879
1450	79926	1021753
1451	79978	1021647
1452	80032	1021588
1453	80080	1021443
1454	80132	1021348
1455	80189	1021313
1456	80243	1021244
1457	80295	1021152
1458	80347	1021059
1459	80402	1021000
1460	80463	1021020
1461	80518	1020962
1462	80575	1020936
1463	80630	1020884
1464	80687	1020853
1465	80740	1020769
1466	80791	1020660
1467	80846	1020607
1468	80904	1020583
1469	80970	1020673
1470	81025	1020612
1471	81074	1020485
1472	81125	1020381
1473	81181	1020333
1474	81234	1020248
1475	81289	1020190
1476	81344	1020133
1477	81397	1020058
1478	81453	1020017
1479	81504	1019909
1480	81555	1019806
1481	81611	1019754
1482	81661	1019640
1483	81711	1019527
1484	81761	1019402
1485	81812	1019291
1486	81864	1019209
1487	81918	1019133
1488	81969	1019030
1489	82024	1018976
1490	82078	1018905
1491	82132	1018841
1492	82186	1018775
1493	82238	1018672
1494	82292	1018614
1495	82354	1018639
1496	82407	1018567
1497	82458	1018461
1498	82509	1018352
1499	82562	1018275
1500	82615	1018195
1501	82667	1018092
1502	82719	1018011
1503	82780	1018020
1504	82835	1017968
1505	82886	1017861
1506	82940	1017796
1507	82993	1017714
1508	83048	1017660
1509	83101	1017577
1510	83160	1017570
1511	83209	1017444
1512	83257	1017305
1513	83309	1017216
1514	83363	1017148
1515	83424	1017157
1516	83479	1017101
1517	83529	1016990
1518	83579	1016872
1519	83628	1016745
1520	83686	1016730
1521	83741	1016674
1522	83794	1016590
1523	83849	1016536
1524	83902	1016460
1525	83956	1016386
1526	84009	1016309
1527	84059	1016190
1528	84120	1016210
1529	84175	1016159
1530	84234	1016156
1531	84291	1016116
1532	84339	1015985
1533	84395	1015942
1534	84447	1015846
1535	84507	1015847
1536	84560	1015770
1537	84616	1015731
1538	84672	1015683
1539	84729	1015657
1540	84784	1015594
1541	84831	1015448
1542	84880	1015320
1543	84937	1015288
1544	84986	1015160
1545	85038	1015075
1546	85093	1015019
1547	85143	1014902
1548	85198	1014844
1549	85257	1014835
1550	85319	1014862
1551	85377	1014845
1552	85430	1014766
1553	85481	1014670
1554	85536	1014608
1555	85586	1014501
1556	85641	1014446
1557	85695	1014378
1558	85747	1014283
1559	85801	1014214
1560	85851	1014105
1561	85903	1014017
1562	85953	1013894
1563	86006	1013825
1564	86058	1013732
1565	86113	1013677
1566	86175	1013699
1567	86232	1013674
1568	86280	1013540
1569	86333	1013452
1570	86387	1013395
1571	86443	1013345
1572	86493	1013238
1573	86541	1013091
1574	86594	1013014
1575	86646	1012931
1576	86699	1012849
1577	86747	1012715
1578	86799	1012623
1579	86858	1012620
1580	86911	1012537
1581	86969	1012514
1582	87017	1012378
1583	87072	1012329
1584	87126	1012263
1585	87187	1012271
1586	87250	1012311
1587	87300	1012198
1588	87353	1012125
1589	87403	1012010
1590	87463	1012018
1591	87512	1011885
1592	87564	1011805
1593	87615	1011696
1594	87663	1011570
1595	87714	1011464
1596	87768	1011393
1597	87821	1011322
1598	87871	1011205
1599	87926	1011149
1600	87976	1011048
1601	88030	1010977
1602	88092	1011004
1603	88148	1010964
1604	88200	1010870
1605	88255	1010814
1606	88308	1010735
1607	88373	1010799
1608	88435	1010822
1609	88485	1010710
1610	88540	1010657
1611	88588	1010526
1612	88642	1010453
1613	88699	1010428
1614	88752	1010347
1615	88804	1010258
1616	88856	1010175
1617	88905	1010049
1618	88962	1010013
1619	89021	1010006
1620	89076	1009950
1621	89130	1009884
1622	89186	1009850
1623	89243	1009809
1624	89301	1009797
1625	89351	1009685
1626	89405	1009615
1627	89465	1009617
1628	89513	1009491
1629	89565	1009393
1630	89614	1009270
1631	89666	1009182
1632	89719	1009113
1633	89770	1009015
1634	89819	1008886
1635	89871	1008798
1636	89923	1008718
1637	89982	1008709
1638	90041	1008695
1639	90098	1008664
1640	90156	1008642
1641	90210	1008579
1642	90258	1008442
1643	90311	1008363
1644	90363	1008281
1645	90413	1008173
1646	90466	1008092
1647	90515	1007973
1648	90564	1007849
1649	90620	1007813
1650	90674	1007739
1651	90727	1007668
1652	90792	1007727
1653	90841	1007607
1654	90889	1007474
1655	90938	1007355
1656	90990	1007264
1657	91041	1007164
1658	91091	1007063
1659	91147	1007017
1660	91196	1006899
1661	91249	1006819
1662	91299	1006713
1663	91353	1006641
1664	91406	1006569
1665	91456	1006456
1666	91505	1006336
1667	91554	1006220
1668	91608	1006158
1669	91655	1006012
1670	91708	1005936
1671	91763	1005881
1672	91820	1005854
1673	91874	1005787
1674	91927	1005718
1675	91984	1005682
1676	92037	1005603
1677	92106	1005710
1678	92150	1005537
1679	92206	1005490
1680	92253	1005347
1681	92304	1005250
1682	92354	1005143
1683	92405	1005042
1684	92454	1004926
1685	92509	1004870
1686	92557	1004748
1687	92614	1004714
1688	92669	1004659
1689	92722	1004584
1690	92773	1004485
1691	92825	1004399
1692	92876	1004300
1693	92927	1004210
1694	92985	1004184
1695	93036	1004087
1696	93083	1003957
1697	93138	1003897
1698	93190	1003810
1699	93249	1003808
1700	93301	1003718
1701	93353	1003627
1702	93424	1003750
1703	93472	1003626
1704	93523	1003521
1705	93572	1003403
1706	93619	1003268
1707	93671	1003183
1708	93718	1003043
1709	93768	1002934
1710	93820	1002852
1711	93876	1002806
1712	93929	1002736
1713	93988	1002722
1714	94038	1002621
1715	94095	1002587
1716	94148	1002509
1717	94198	1002412
1718	94250	1002322
1719	94308	1002302
1720	94365	1002272
1721	94434	1002363
1722	94488	1002302
1723	94547	1002286
1724	94605	1002274
1725	94663	1002253
1726	94722	1002237
1727	94771	1002116
1728	94821	1002016
1729	94877	1001972
1730	94931	1001907
1731	94983	1001822
1732	95031	1001700
1733	95087	1001650
1734	95136	1001537
1735	95187	1001444
1736	95238	1001342
1737	95296	1001323
1738	95348	1001240
1739	95405	1001205
1740	95451	1001061
1741	95511	1001065
1742	95568	1001031
1743	95615	1000895
1744	95663	1000767
1745	95719	1000726
1746	95769	1000618
1747	95825	1000578
1748	95888	1000605
1749	95947	1000595
1750	95996	1000478
1751	96072	1000645
1752	96115	1000463
1753	96162	1000328
1754	96214	1000243
1755	96274	1000245
1756	96329	1000194
1757	96382	1000118
1758	96429	999986
1759	96479	999879
1760	96535	999832
1761	96585	999732
1762	96639	999670
1763	96691	999588
1764	96748	999548
1765	96799	999462
1766	96851	999369
1767	96910	999366
1768	96966	999319
1769	97015	999200
1770	97061	999056
1771	97110	998945
1772	97164	998878
1773	97216	998799
1774	97274	998775
1775	97332	998753
1776	97385	998677
1777	97439	998618
1778	97497	998600
1779	97549	998510
1780	97600	998419
1781	97650	998316
1782	97707	998281
1783	97768	998294
1784	97820	998205
1785	97871	998118
1786	97927	998072
1787	97987	998068
1788	98037	997964
1789	98094	997928
1790	98148	997865
1791	98198	997764
1792	98247	997657
1793	98307	997648
1794	98365	997633
1795	98417	997544
1796	98468	997455
1797	98522	997384
1798	98574	997306
1799	98626	997226
1800	98677	997131
1801	98733	997087
1802	98784	996998
1803	98847	997018
1804	98901	996959
1805	98951	996859
1806	99005	996797
1807	99056	996703
1808	99106	996596
1809	99156	996495
1810	99207	996407
1811	99261	996339
1812	99313	996259
1813	99370	996221
1814	99434	996259
1815	99486	996183
1816	99537	996082
1817	99597	996087
1818	99656	996068
1819	99709	996002
1820	99765	995959
1821	99824	995942
1822	99878	995881
1823	99931	995808
1824	99986	995752
1825	100041	995699
1826	100094	995625
1827	100152	995610
1828	100207	995550
1829	100265	995532
1830	100326	995542
1831	100394	995618
1832	100452	995594
1833	100504	995509
1834	100551	995374
1835	100601	995275
1836	100660	995258
1837	100709	995146
1838	100764	995099
1839	100816	995010
1840	100870	994951
1841	100931	994962
1842	100988	994921
1843	101040	994847
1844	101093	994768
1845	101147	994704
1846	101197	994607
1847	101256	994589
1848	101306	994494
1849	101358	994413
1850	101409	994313
1851	101460	994226
1852	101513	994148
1853	101564	994061
1854	101615	993974
1855	101673	993943
1856	101732	993936
1857	101784	993848
1858	101832	993726
1859	101887	993680
1860	101944	993641
1861	102001	993612
1862	102061	993602
1863	102114	993531
1864	102168	993471
1865	102219	993381
1866	102268	993267
1867	102321	993200
1868	102379	993177
1869	102430	993082
1870	102478	992960
1871	102528	992866
1872	102583	992810
1873	102636	992737
1874	102685	992630
1875	102740	992571
1876	102794	992507
1877	102854	992505
1878	102905	992415
1879	102960	992361
1880	103009	992249
1881	103067	992226
1882	103115	992108
1883	103169	992048
1884	103229	992044
1885	103287	992023
1886	103337	991914
1887	103389	991835
1888	103437	991719
1889	103484	991592
1890	103540	991550
1891	103591	991459
1892	103635	991293
1893	103689	991233
1894	103744	991181
1895	103803	991172
1896	103861	991147
1897	103911	991048
1898	103965	990979
1899	104014	990874
1900	104075	990876
1901	104124	990772
1902	104180	990730
1903	104240	990720
1904	104291	990635
1905	104349	990610
1906	104402	990536
1907	104453	990448
1908	104502	990342
1909	104553	990244
1910	104606	990174
1911	104659	990108
1912	104723	990140
1913	104778	990087
1914	104840	990098
1915	104891	990005
1916	104946	989955
1917	105004	989933
1918	105064	989923
1919	105114	989825
1920	105170	989783
1921	105225	989728
1922	105278	989665
1923	105331	989591
1924	105384	989519
1925	105441	989481
1926	105487	989350
1927	105542	989296
1928	105596	989231
1929	105650	989174
1930	105702	989089
1931	105757	989038
1932	105806	988934
1933	105863	988894
1934	105914	988813
1935	105965	988719
1936	106019	988653
1937	106071	988574
1938	106123	988499
1939	106176	988428
1940	106225	988320
1941	106275	988220
1942	106322	988095
1943	106380	988065
1944	106438	988044
1945	106488	987948
1946	106541	987873
1947	106593	987795
1948	106653	987792
1949	106711	987768
1950	106792	987956
1951	106845	987883
1952	106901	987841
1953	106952	987753
1954	107004	987666
1955	107056	987592
1956	107112	987546
1957	107160	987431
1958	107216	987392
1959	107282	987435
1960	107338	987393
1961	107388	987293
1962	107446	987273
1963	107501	987219
1964	107551	987118
1965	107611	987110
1966	107665	987050
1967	107719	986992
1968	107774	986934
1969	107829	986881
1970	107884	986831
1971	107944	986824
1972	107999	986774
1973	108054	986724
1974	108108	986657
1975	108159	986570
1976	108210	986484
1977	108264	986420
1978	108313	986318
1979	108361	986194
1980	108414	986132
1981	108469	986072
1982	108517	985962
1983	108580	985979
1984	108630	985884
1985	108683	985813
1986	108743	985807
1987	108800	985769
1988	108847	985647
1989	108898	985562
1990	108952	985497
1991	109003	985408
1992	109053	985312
1993	109107	985251
1994	109163	985210
1995	109215	985124
1996	109267	985052
1997	109315	984935
1998	109370	984880
1999	109441	984977
2000	109496	984921
2001	109551	984866
2002	109605	984810
2003	109655	984709
2004	109707	984632
2005	109760	984557
2006	109817	984529
2007	109873	984485
2008	109929	984443
2009	109978	984338
2010	110035	984303
2011	110089	984243
2012	110143	984176
2013	110193	984079
2014	110247	984017
2015	110300	983947
2016	110350	983853
2017	110403	983787
2018	110463	983773
2019	110522	983762
2020	110576	983696
2021	110624	983580
2022	110676	983501
2023	110728	983424
2024	110774	983297
2025	110827	983220
2026	110884	983186
2027	110933	983081
2028	110984	982994
2029	111033	982889
2030	111086	982821
2031	111137	982736
2032	111196	982720
2033	111249	982649
2034	111320	982738
2035	111371	982651
2036	111423	982574
2037	111471	982454
2038	111533	982468
2039	111593	982461
2040	111647	982400
2041	111700	982332
2042	111749	982227
2043	111803	982161
2044	111854	982079
2045	111905	981993
2046	111960	981937
2047	112014	981877
2048	112088	981990
2049	112135	981868
2050	112188	981803
2051	112235	981674
2052	112288	981604
2053	112334	981478
2054	112390	981435
2055	112443	981362
2056	112495	981288
2057	112550	981231
2058	112601	981149
2059	112660	981132
2060	112713	981064
2061	112770	981025
2062	112823	980959
2063	112875	980878
2064	112931	980839
2065	112978	980712
2066	113038	980703
2067	113090	980626
2068	113142	980546
2069	113194	980469
2070	113248	980408
2071	113316	980468
2072	113371	980420
2073	113427	980376
2074	113477	980278
2075	113535	980255
2076	113587	980174
2077	113640	980110
2078	113687	979986
2079	113738	979903
2080	113798	979889
2081	113849	979806
2082	113905	979761
2083	113955	979667
2084	114008	979599
2085	114062	979539
2086	114116	979476
2087	114165	979372
2088	114222	979336
2089	114274	979262
2090	114330	979217
2091	114384	979154
2092	114434	979066
2093	114495	979061
2094	114552	979026
2095	114599	978910
2096	114648	978805
2097	114707	978785
2098	114764	978752
2099	114816	978675
2100	114864	978559
2101	114918	978504
2102	114985	978553
2103	115036	978463
2104	115090	978409
2105	115143	978340
2106	115193	978245
2107	115246	978175
2108	115301	978123
2109	115355	978060
2110	115408	977993
2111	115464	977947
2112	115521	977914
2113	115576	977860
2114	115633	977829
2115	115685	977751
2116	115734	977645
2117	115788	977589
2118	115845	977556
2119	115903	977526
2120	115957	977463
2121	116008	977380
2122	116085	977515
2123	116132	977391
2124	116178	977267
2125	116228	977169
2126	116279	977084
2127	116330	976998
2128	116384	976944
2129	116440	976895
2130	116493	976829
2131	116548	976773
2132	116598	976679
2133	116652	976619
2134	116704	976549
2135	116762	976521
2136	116820	976495
2137	116879	976471
2138	116935	976427
2139	116988	976365
2140	117046	976338
2141	117099	976267
2142	117148	976167
2143	117200	976083
2144	117255	976032
2145	117323	976093
2146	117378	976037
2147	117433	975986
2148	117486	975916
2149	117543	975884
2150	117596	975816
2151	117648	975742
2152	117703	975684
2153	117758	975637
2154	117808	975538
2155	117859	975459
2156	117922	975468
2157	117975	975399
2158	118029	975339
2159	118082	975276
2160	118139	975239
2161	118192	975169
2162	118251	975148
2163	118305	975093
2164	118361	975050
2165	118413	974974
2166	118470	974939
2167	118523	974865
2168	118576	974795
2169	118623	974683
2170	118668	974544
2171	118724	974502
2172	118780	974461
2173	118829	974360
2174	118887	974329
2175	118940	974261
2176	118990	974169
2177	119040	974080
2178	119094	974020
2179	119144	973925
2180	119197	973854
2181	119253	973809
2182	119311	973788
2183	119369	973759
2184	119426	973724
2185	119474	973615
2186	119527	973548
2187	119580	973480
2188	119638	973451
2189	119688	973356
2190	119744	973311
2191	119799	973263
2192	119858	973239
2193	119912	973181
2194	119964	973106
2195	120018	973047
2196	120075	973008
2197	120129	972950
2198	120175	972826
2199	120230	972773
2200	120287	972737
2201	120340	972668
2202	120398	972640
2203	120444	972521
2204	120501	972486
2205	120564	972492
2206	120619	972439
2207	120676	972406
2208	120728	972331
2209	120782	972270
2210	120835	972203
2211	120889	972142
2212	120943	972087
2213	120991	971973
2214	121043	971901
2215	121096	971831
2216	121152	971790
2217	121207	971740
2218	121264	971698
2219	121322	971676
2220	121383	971671
2221	121431	971565
2222	121481	971467
2223	121533	971393
2224	121594	971388
2225	121644	971298
2226	121702	971273
2227	121755	971203
2228	121808	971136
2229	121865	971096
2230	121917	971023
2231	121971	970962
2232	122026	970914
2233	122082	970870
2234	122132	970772
2235	122184	970700
2236	122240	970653
2237	122303	970666
2238	122354	970584
2239	122409	970534
2240	122465	970487
2241	122520	970438
2242	122572	970362
2243	122623	970277
2244	122679	970231
2245	122734	970181
2246	122795	970175
2247	122855	970164
2248	122916	970157
2249	122980	970181
2250	123044	970200
2251	123107	970205
2252	123160	970141
2253	123222	970141
2254	123283	970136
2255	123343	970126
2256	123409	970160
2257	123464	970106
2258	123520	970065
2259	123569	969966
2260	123620	969879
2261	123674	969820
2262	123719	969691
2263	123782	969703
2264	123837	969653
2265	123888	969564
2266	123947	969543
2267	124005	969514
2268	124075	969580
2269	124132	969543
2270	124200	969597
2271	124257	969554
2272	124308	969475
2273	124362	969413
2274	124415	969350
2275	124473	969314
2276	124526	969252
2277	124581	969197
2278	124634	969127
2279	124683	969033
2280	124735	968958
2281	124802	968994
2282	124850	968888
2283	124900	968800
2284	124953	968732
2285	125017	968746
2286	125068	968664
2287	125121	968601
2288	125178	968564
2289	125243	968588
2290	125303	968571
2291	125374	968642
2292	125433	968619
2293	125493	968607
2294	125556	968620
2295	125615	968595
2296	125675	968579
2297	125736	968576
2298	125787	968494
2299	125839	968420
2300	125896	968377
2301	125946	968291
2302	126001	968233
2303	126061	968218
2304	126113	968145
2305	126172	968127
2306	126226	968067
2307	126276	967972
2308	126334	967941
2309	126388	967886
2310	126443	967829
2311	126498	967776
2312	126557	967753
2313	126617	967745
2314	126666	967645
2315	126725	967621
2316	126781	967576
2317	126833	967502
2318	126887	967438
2319	126934	967331
2320	126988	967268
2321	127041	967200
2322	127089	967095
2323	127140	967013
2324	127192	966933
2325	127243	966854
2326	127293	966761
2327	127342	966663
2328	127397	966610
2329	127453	966569
2330	127510	966528
2331	127562	966455
2332	127618	966408
2333	127674	966364
2334	127726	966289
2335	127779	966223
2336	127832	966158
2337	127890	966128
2338	127944	966068
2339	127999	966011
2340	128052	965942
2341	128109	965911
2342	128162	965844
2343	128220	965813
2344	128272	965732
2345	128328	965690
2346	128384	965645
2347	128433	965548
2348	128483	965460
2349	128537	965400
2350	128582	965274
2351	128633	965188
2352	128694	965181
2353	128746	965104
2354	128795	965009
2355	128848	964940
2356	128902	964878
2357	128959	964841
2358	129011	964772
2359	129059	964668
2360	129114	964611
2361	129166	964537
2362	129222	964489
2363	129280	964460
2364	129331	964381
2365	129390	964358
2366	129441	964277
2367	129491	964188
2368	129543	964111
2369	129596	964044
2370	129650	963985
2371	129703	963915
2372	129758	963862
2373	129813	963815
2374	129865	963737
2375	129921	963692
2376	129974	963626
2377	130024	963536
2378	130077	963469
2379	130134	963432
2380	130187	963363
2381	130242	963314
2382	130298	963264
2383	130368	963326
2384	130423	963275
2385	130478	963225
2386	130523	963099
2387	130583	963079
2388	130640	963040
2389	130687	962932
2390	130739	962856
2391	130791	962781
2392	130845	962720
2393	130897	962645
2394	130953	962607
2395	131005	962528
2396	131064	962505
2397	131125	962499
2398	131175	962408
2399	131231	962360
2400	131281	962278
2401	131331	962188
2402	131386	962130
2403	131440	962075
2404	131494	962013
2405	131547	961945
2406	131597	961860
2407	131654	961824
2408	131705	961737
2409	131764	961714
2410	131815	961635
2411	131870	961584
2412	131921	961499
2413	131993	961576
2414	132045	961500
2415	132104	961476
2416	132154	961389
2417	132207	961317
2418	132255	961219
2419	132307	961143
2420	132363	961094
2421	132411	960997
2422	132466	960944
2423	132518	960867
2424	132570	960795
2425	132624	960732
2426	132687	960743
2427	132738	960656
2428	132793	960606
2429	132846	960539
2430	132899	960471
2431	132950	960391
2432	133003	960322
2433	133056	960255
2434	133109	960193
2435	133163	960133
2436	133213	960041
2437	133269	959997
2438	133319	959908
2439	133367	959806
2440	133425	959780
2441	133473	959675
2442	133523	959585
2443	133578	959534
2444	133622	959400
2445	133686	959418
2446	133740	959359
2447	133796	959309
2448	133856	959297
2449	133902	959179
2450	133959	959141
2451	134013	959084
2452	134078	959101
2453	134133	959051
2454	134189	959001
2455	134241	958930
2456	134287	958814
2457	134341	958756
2458	134393	958682
2459	134446	958610
2460	134498	958543
2461	134551	958476
2462	134602	958394
2463	134661	958367
2464	134720	958344
2465	134774	958288
2466	134825	958208
2467	134882	958168
2468	134932	958079
2469	134978	957962
2470	135031	957899
2471	135082	957816
2472	135139	957780
2473	135199	957766
2474	135248	957671
2475	135301	957603
2476	135352	957523
2477	135402	957436
2478	135455	957367
2479	135507	957298
2480	135561	957237
2481	135608	957124
2482	135674	957155
2483	135728	957091
2484	135779	957016
2485	135833	956957
2486	135885	956877
2487	135939	956819
2488	135990	956739
2489	136049	956717
2490	136101	956641
2491	136179	956750
2492	136226	956645
2493	136270	956517
2494	136318	956411
2495	136364	956302
2496	136415	956216
2497	136464	956125
2498	136515	956043
2499	136562	955940
2500	136616	955875
2501	136669	955812
2502	136724	955758
2503	136781	955723
2504	136833	955651
2505	136883	955563
2506	136936	955494
2507	136989	955432
2508	137047	955396
2509	137102	955348
2510	137158	955305
2511	137207	955208
2512	137255	955107
2513	137308	955044
2514	137359	954961
2515	137409	954874
2516	137469	954860
2517	137523	954801
2518	137572	954706
2519	137625	954643
2520	137674	954544
2521	137727	954482
2522	137780	954417
2523	137843	954419
2524	137894	954337
2525	137945	954259
2526	137997	954187
2527	138046	954090
2528	138103	954055
2529	138155	953980
2530	138211	953938
2531	138263	953867
2532	138312	953769
2533	138363	953692
2534	138410	953587
2535	138466	953543
2536	138520	953481
2537	138572	953407
2538	138623	953332
2539	138676	953267
2540	138733	953228
2541	138789	953182
2542	138841	953108
2543	138894	953042
2544	138947	952975
2545	139001	952917
2546	139055	952858
2547	139113	952825
2548	139165	952756
2549	139221	952714
2550	139275	952650
2551	139325	952564
2552	139370	952450
2553	139425	952393
2554	139474	952303
2555	139524	952218
2556	139573	952122
2557	139629	952079
2558	139681	952008
2559	139734	951938
2560	139790	951898
2561	139845	951841
2562	139899	951784
2563	139956	951749
2564	140009	951679
2565	140056	951575
2566	140132	951665
2567	140179	951562
2568	140230	951480
2569	140285	951427
2570	140339	951375
2571	140383	951247
2572	140436	951178
2573	140483	951073
2574	140541	951040
2575	140594	950975
2576	140645	950901
2577	140697	950827
2578	140748	950749
2579	140799	950672
2580	140858	950642
2581	140918	950624
2582	140975	950591
2583	141028	950523
2584	141080	950454
2585	141133	950386
2586	141189	950342
2587	141241	950268
2588	141289	950173
2589	141346	950132
2590	141395	950043
2591	141447	949968
2592	141504	949932
2593	141555	949851
2594	141611	949804
2595	141661	949720
2596	141717	949675
2597	141769	949607
2598	141828	949582
2599	141881	949514
2600	141935	949456
2601	141995	949438
2602	142042	949333
2603	142095	949266
2604	142148	949203
2605	142197	949113
2606	142251	949050
2607	142303	948980
2608	142358	948930
2609	142413	948878
2610	142460	948774
2611	142509	948681
2612	142566	948642
2613	142627	948631
2614	142682	948576
2615	142745	948578
2616	142794	948490
2617	142852	948459
2618	142911	948435
2619	142960	948338
2620	143016	948294
2621	143066	948213
2622	143118	948140
2623	143178	948118
2624	143230	948049
2625	143279	947961
2626	143332	947890
2627	143394	947889
2628	143452	947858
2629	143506	947795
2630	143558	947728
2631	143608	947639
2632	143656	947540
2633	143706	947462
2634	143754	947359
2635	143809	947306
2636	143863	947249
2637	143919	947209
2638	143970	947125
2639	144026	947083
2640	144075	946994
2641	144135	946974
2642	144186	946897
2643	144238	946824
2644	144296	946793
2645	144350	946732
2646	144402	946665
2647	144458	946617
2648	144510	946546
2649	144568	946513
2650	144623	946461
2651	144674	946383
2652	144725	946308
2653	144777	946237
2654	144825	946136
2655	144879	946080
2656	144930	946003
2657	144984	945941
2658	145038	945885
2659	145088	945801
2660	145141	945735
2661	145192	945662
2662	145244	945586
2663	145311	945612
2664	145371	945594
2665	145425	945537
2666	145477	945467
2667	145532	945417
2668	145584	945341
2669	145648	945348
2670	145705	945314
2671	145764	945285
2672	145823	945264
2673	145882	945236
2674	145933	945160
2675	145989	945114
2676	146034	944999
2677	146092	944966
2678	146144	944894
2679	146199	944844
2680	146256	944800
2681	146307	944727
2682	146357	944642
2683	146411	944585
2684	146470	944557
2685	146526	944513
2686	146577	944434
2687	146632	944382
2688	146685	944321
2689	146739	944258
2690	146785	944148
2691	146838	944089
2692	146893	944032
2693	146947	943976
2694	147004	943940
2695	147057	943870
2696	147107	943786
2697	147165	943754
2698	147217	943684
2699	147267	943601
2700	147324	943565
2701	147377	943500
2702	147435	943467
2703	147487	943395
2704	147539	943326
2705	147591	943254
2706	147638	943149
2707	147692	943096
2708	147749	943054
2709	147806	943017
2710	147859	942954
2711	147913	942895
2712	147967	942837
2713	148014	942734
2714	148068	942675
2715	148120	942606
2716	148174	942549
2717	148227	942485
2718	148281	942422
2719	148331	942344
2720	148382	942262
2721	148434	942194
2722	148483	942105
2723	148542	942079
2724	148597	942026
2725	148652	941974
2726	148709	941937
2727	148771	941928
2728	148825	941869
2729	148877	941802
2730	148931	941741
2731	148989	941708
2732	149043	941652
2733	149098	941596
2734	149142	941479
2735	149192	941397
2736	149240	941298
2737	149289	941211
2738	149343	941154
2739	149396	941089
2740	149453	941047
2741	149504	940973
2742	149554	940889
2743	149612	940856
2744	149664	940785
2745	149716	940718
2746	149766	940631
2747	149826	940616
2748	149883	940573
2749	149934	940500
2750	150004	940540
2751	150061	940499
2752	150121	940478
2753	150171	940397
2754	150222	940323
2755	150274	940249
2756	150325	940174
2757	150377	940107
2758	150431	940047
2759	150481	939963
2760	150546	939974
2761	150597	939901
2762	150657	939875
2763	150721	939884
2764	150791	939924
2765	150845	939868
2766	150900	939812
2767	150946	939710
2768	151004	939674
2769	151056	939603
2770	151108	939533
2771	151160	939464
2772	151216	939420
2773	151269	939352
2774	151326	939316
2775	151377	939240
2776	151427	939154
2777	151483	939111
2778	151542	939080
2779	151593	939007
2780	151655	938997
2781	151710	938945
2782	151755	938833
2783	151807	938765
2784	151856	938677
2785	151907	938597
2786	151954	938499
2787	152006	938426
2788	152060	938370
2789	152115	938315
2790	152167	938246
2791	152219	938176
2792	152270	938102
2793	152323	938040
2794	152377	937978
2795	152426	937893
2796	152490	937895
2797	152539	937805
2798	152590	937730
2799	152657	937750
2800	152712	937699
2801	152769	937665
2802	152820	937585
2803	152871	937510
2804	152922	937436
2805	152979	937392
2806	153037	937363
2807	153096	937334
2808	153148	937263
2809	153196	937172
2810	153253	937133
2811	153307	937075
2812	153359	937002
2813	153410	936929
2814	153465	936874
2815	153536	936918
2816	153588	936850
2817	153635	936752
2818	153693	936716
2819	153741	936625
2820	153802	936607
2821	153857	936559
2822	153911	936496
2823	153966	936447
2824	154017	936369
2825	154067	936287
2826	154125	936258
2827	154172	936154
2828	154221	936070
2829	154273	935998
2830	154329	935950
2831	154388	935923
2832	154444	935877
2833	154492	935788
2834	154544	935717
2835	154605	935701
2836	154657	935632
2837	154709	935563
2838	154764	935510
2839	154819	935458
2840	154871	935388
2841	154930	935359
2842	154977	935261
2843	155032	935212
2844	155086	935151
2845	155139	935087
2846	155188	935001
2847	155241	934935
2848	155293	934869
2849	155348	934814
2850	155397	934730
2851	155447	934648
2852	155499	934578
2853	155552	934514
2854	155612	934495
2855	155664	934425
2856	155716	934351
2857	155768	934286
2858	155818	934203
2859	155869	934129
2860	155922	934066
2861	155973	933989
2862	156026	933921
2863	156079	933861
2864	156130	933785
2865	156197	933807
2866	156251	933745
2867	156303	933681
2868	156350	933582
2869	156399	933492
2870	156449	933408
2871	156497	933319
2872	156546	933231
2873	156605	933201
2874	156659	933146
2875	156706	933045
2876	156756	932966
2877	156809	932902
2878	156862	932835
2879	156913	932763
2880	156969	932720
2881	157022	932657
2882	157077	932602
2883	157125	932509
2884	157176	932435
2885	157235	932407
2886	157290	932355
2887	157340	932276
2888	157389	932191
2889	157439	932109
2890	157521	932213
2891	157566	932102
2892	157616	932023
2893	157664	931933
2894	157710	931828
2895	157761	931750
2896	157812	931677
2897	157860	931583
2898	157916	931538
2899	157966	931454
2900	158017	931383
2901	158070	931322
2902	158124	931260
2903	158173	931173
2904	158224	931100
2905	158279	931048
2906	158336	931008
2907	158386	930926
2908	158441	930878
2909	158497	930835
2910	158553	930788
2911	158607	930728
2912	158661	930675
2913	158720	930641
2914	158771	930570
2915	158824	930509
2916	158886	930494
2917	158939	930433
2918	158996	930395
2919	159045	930305
2920	159102	930269
2921	159156	930212
2922	159210	930152
2923	159265	930104
2924	159325	930078
2925	159378	930017
2926	159432	929957
2927	159489	929921
2928	159542	929856
2929	159590	929766
2930	159646	929718
2931	159693	929623
2932	159745	929553
2933	159798	929488
2934	159848	929406
2935	159899	929332
2936	159946	929238
2937	160008	929223
2938	160063	929176
2939	160112	929090
2940	160181	929115
2941	160233	929049
2942	160284	928973
2943	160332	928883
2944	160383	928810
2945	160436	928745
2946	160488	928676
2947	160542	928619
2948	160604	928607
2949	160669	928614
2950	160718	928527
2951	160770	928462
2952	160824	928404
2953	160883	928374
2954	160935	928309
2955	160987	928235
2956	161036	928150
2957	161088	928083
2958	161144	928037
2959	161196	927966
2960	161252	927922
2961	161305	927863
2962	161360	927808
2963	161414	927753
2964	161476	927741
2965	161528	927671
2966	161590	927663
2967	161636	927560
2968	161685	927473
2969	161736	927395
2970	161799	927391
2971	161851	927322
2972	161908	927286
2973	161962	927225
2974	162017	927178
2975	162065	927085
2976	162112	926987
2977	162164	926921
2978	162213	926834
2979	162264	926760
2980	162316	926693
2981	162365	926607
2982	162422	926566
2983	162481	926534
2984	162540	926508
2985	162594	926452
2986	162645	926378
2987	162699	926322
2988	162756	926277
2989	162809	926217
2990	162860	926142
2991	162915	926090
2992	162969	926033
2993	163023	925975
2994	163079	925930
2995	163132	925869
2996	163189	925830
2997	163238	925745
2998	163298	925722
2999	163357	925694
3000	163412	925639
3001	163468	925594
3002	163519	925519
3003	163566	925423
3004	163618	925357
3005	163667	925271
3006	163719	925204
3007	163770	925127
3008	163826	925085
3009	163879	925021
3010	163935	924974
3011	163989	924915
3012	164042	924855
3013	164095	924795
3014	164149	924738
3015	164203	924679
3016	164254	924608
3017	164311	924566
3018	164361	924484
3019	164413	924418
3020	164461	924327
3021	164516	924274
3022	164568	924209
3023	164621	924145
3024	164677	924102
3025	164730	924037
3026	164788	924004
3027	164835	923908
3028	164887	923840
3029	164940	923773
3030	164993	923714
3031	165046	923648
3032	165091	923541
3033	165144	923482
3034	165196	923410
3035	165242	923311
3036	165299	923269
3037	165356	923232
3038	165412	923187
3039	165464	923118
3040	165517	923055
3041	165574	923015
3042	165625	922944
3043	165679	922884
3044	165731	922818
3045	165787	922771
3046	165842	922719
3047	165891	922633
3048	165940	922553
3049	165993	922488
3050	166048	922438
3051	166095	922342
3052	166147	922275
3053	166201	922218
3054	166253	922147
3055	166301	922058
3056	166353	921988
3057	166412	921961
3058	166459	921868
3059	166509	921789
3060	166562	921727
3061	166620	921691
3062	166672	921624
3063	166735	921615
3064	166792	921574
3065	166845	921511
3066	166902	921475
3067	166954	921405
3068	167005	921333
3069	167058	921267
3070	167104	921168
3071	167158	921112
3072	167211	921050
3073	167258	920954
3074	167320	920941
3075	167374	920885
3076	167426	920818
3077	167479	920757
3078	167534	920706
3079	167583	920621
3080	167643	920597
3081	167696	920537
3082	167751	920486
3083	167800	920397
3084	167851	920325
3085	167905	920269
3086	167957	920202
3087	168009	920135
3088	168064	920085
3089	168119	920033
3090	168179	920010
3091	168230	919933
3092	168281	919864
3093	168333	919794
3094	168383	919719
3095	168437	919662
3096	168488	919584
3097	168543	919535
3098	168594	919461
3099	168646	919395
3100	168694	919307
3101	168746	919237
3102	168803	919199
3103	168857	919140
3104	168914	919099
3105	168969	919050
3106	169022	918987
3107	169073	918914
3108	169120	918821
3109	169170	918741
3110	169217	918647
3111	169270	918586
3112	169327	918545
3113	169382	918493
3114	169434	918430
3115	169515	918518
3116	169563	918426
3117	169614	918356
3118	169661	918262
3119	169710	918175
3120	169757	918084
3121	169811	918025
3122	169863	917957
3123	169911	917869
3124	169966	917819
3125	170024	917783
3126	170072	917693
3127	170117	917591
3128	170169	917522
3129	170215	917424
3130	170276	917404
3131	170326	917324
3132	170380	917271
3133	170429	917189
3134	170482	917127
3135	170536	917067
3136	170592	917023
3137	170649	916980
3138	170703	916926
3139	170753	916845
3140	170808	916794
3141	170862	916739
3142	170916	916684
3143	170966	916606
3144	171019	916544
3145	171072	916483
3146	171129	916442
3147	171185	916394
3148	171240	916343
3149	171292	916278
3150	171339	916187
3151	171395	916137
3152	171443	916053
3153	171494	915980
3154	171557	915970
3155	171608	915896
3156	171659	915825
3157	171711	915759
3158	171769	915722
3159	171817	915632
3160	171869	915568
3161	171928	915536
3162	171981	915478
3163	172035	915417
3164	172085	915344
3165	172138	915280
3166	172191	915218
3167	172239	915130
3168	172291	915064
3169	172339	914975
3170	172395	914930
3171	172446	914857
3172	172501	914806
3173	172559	914771
3174	172609	914695
3175	172665	914648
3176	172714	914565
3177	172759	914460
3178	172816	914421
3179	172873	914380
3180	172925	914313
3181	172970	914212
3182	173019	914130
3183	173074	914075
3184	173131	914036
3185	173189	914001
3186	173238	913917
3187	173293	913869
3188	173347	913810
3189	173400	913749
3190	173473	913791
3191	173520	913699
3192	173567	913607
3193	173613	913511
3194	173663	913431
3195	173712	913349
3196	173764	913281
3197	173810	913183
3198	173860	913109
3199	173907	913012
3200	173960	912954
3201	174015	912904
3202	174066	912832
3203	174119	912771
3204	174171	912703
3205	174226	912650
3206	174287	912632
3207	174338	912560
3208	174392	912502
3209	174443	912430
3210	174491	912342
3211	174549	912309
3212	174603	912250
3213	174649	912153
3214	174695	912058
3215	174751	912012
3216	174806	911961
3217	174857	911888
3218	174921	911884
3219	174976	911832
3220	175033	911792
3221	175088	911743
3222	175141	911682
3223	175197	911635
3224	175254	911594
3225	175309	911543
3226	175365	911499
3227	175413	911409
3228	175469	911363
3229	175523	911310
3230	175585	911292
3231	175633	911209
3232	175687	911149
3233	175738	911079
3234	175792	911021
3235	175838	910926
3236	175895	910882
3237	175948	910824
3238	175999	910752
3239	176052	910692
3240	176112	910666
3241	176164	910598
3242	176213	910516
3243	176263	910438
3244	176324	910420
3245	176374	910346
3246	176426	910279
3247	176477	910205
3248	176528	910133
3249	176579	910062
3250	176636	910024
3251	176689	909962
3252	176741	909897
3253	176794	909835
3254	176847	909772
3255	176896	909690
3256	176946	909615
3257	177004	909578
3258	177065	909561
3259	177119	909503
3260	177172	909440
3261	177219	909351
3262	177267	909264
3263	177316	909180
3264	177367	909110
3265	177421	909056
3266	177473	908989
3267	177527	908931
3268	177578	908861
3269	177626	908771
3270	177680	908717
3271	177735	908669
3272	177790	908615
3273	177852	908599
3274	177903	908530
3275	177954	908458
3276	178009	908408
3277	178060	908336
3278	178111	908263
3279	178173	908249
3280	178235	908233
3281	178285	908160
3282	178338	908098
3283	178393	908046
3284	178444	907973
3285	178496	907909
3286	178545	907825
3287	178594	907747
3288	178650	907699
3289	178702	907634
3290	178750	907547
3291	178816	907555
3292	178864	907469
3293	178913	907387
3294	178963	907308
3295	179014	907237
3296	179078	907233
3297	179140	907219
3298	179194	907161
3299	179240	907064
3300	179292	906999
3301	179349	906958
3302	179402	906896
3303	179452	906824
3304	179502	906744
3305	179556	906687
3306	179618	906673
3307	179674	906629
3308	179727	906565
3309	179777	906493
3310	179826	906411
3311	179879	906346
3312	179928	906267
3313	179981	906208
3314	180031	906131
3315	180082	906062
3316	180137	906011
3317	180191	905955
3318	180247	905909
3319	180306	905877
3320	180355	905795
3321	180406	905726
3322	180459	905663
3323	180517	905630
3324	180570	905568
3325	180623	905506
3326	180680	905463
3327	180730	905388
3328	180784	905336
3329	180837	905274
3330	180891	905216
3331	180943	905152
3332	180994	905083
3333	181044	905006
3334	181097	904946
3335	181149	904877
3336	181204	904826
3337	181265	904808
3338	181312	904717
3339	181360	904630
3340	181411	904559
3341	181478	904566
3342	181525	904475
3343	181574	904399
3344	181623	904316
3345	181672	904234
3346	181723	904167
3347	181773	904090
3348	181819	903994
3349	181875	903950
3350	181926	903876
3351	181981	903828
3352	182034	903766
3353	182088	903709
3354	182137	903627
3355	182189	903565
3356	182242	903501
3357	182291	903424
3358	182337	903327
3359	182392	903275
3360	182441	903195
3361	182490	903117
3362	182547	903074
3363	182599	903007
3364	182649	902933
3365	182700	902864
3366	182747	902774
3367	182799	902709
3368	182853	902653
3369	182901	902566
3370	182951	902493
3371	183005	902435
3372	183060	902384
3373	183121	902365
3374	183174	902302
3375	183223	902222
3376	183276	902165
3377	183334	902126
3378	183385	902057
3379	183438	901998
3380	183487	901914
3381	183537	901842
3382	183588	901772
3383	183636	901684
3384	183688	901620
3385	183741	901560
3386	183796	901509
3387	183847	901439
3388	183905	901401
3389	183954	901323
3390	184007	901264
3391	184059	901199
3392	184134	901245
3393	184180	901149
3394	184230	901072
3395	184282	901008
3396	184335	900946
3397	184382	900860
3398	184435	900797
3399	184489	900740
3400	184544	900690
3401	184589	900592
3402	184646	900552
3403	184699	900492
3404	184754	900438
3405	184805	900372
3406	184866	900349
3407	184920	900293
3408	184977	900252
3409	185029	900185
3410	185075	900091
3411	185130	900041
3412	185185	899991
3413	185238	899932
3414	185293	899881
3415	185342	899798
3416	185394	899737
3417	185457	899723
3418	185507	899648
3419	185568	899628
3420	185620	899562
3421	185673	899502
3422	185726	899442
3423	185781	899392
3424	185831	899314
3425	185887	899272
3426	185937	899194
3427	185991	899140
3428	186050	899110
3429	186102	899044
3430	186158	898995
3431	186218	898970
3432	186269	898901
3433	186319	898826
3434	186376	898782
3435	186432	898740
3436	186482	898662
3437	186530	898581
3438	186580	898507
3439	186632	898438
3440	186688	898395
3441	186743	898342
3442	186795	898276
3443	186848	898217
3444	186903	898165
3445	186954	898097
3446	187005	898026
3447	187057	897960
3448	187109	897896
3449	187160	897827
3450	187221	897806
3451	187274	897746
3452	187323	897664
3453	187379	897620
3454	187429	897547
3455	187484	897494
3456	187534	897420
3457	187588	897364
3458	187639	897296
3459	187693	897238
3460	187750	897200
3461	187810	897172
3462	187865	897122
3463	187919	897064
3464	187968	896985
3465	188017	896907
3466	188067	896835
3467	188126	896803
3468	188181	896748
3469	188229	896666
3470	188280	896595
3471	188334	896540
3472	188385	896470
3473	188444	896441
3474	188512	896453
3475	188579	896459
3476	188640	896436
3477	188687	896346
3478	188742	896294
3479	188803	896276
3480	188853	896200
3481	188910	896156
3482	188964	896103
3483	189018	896046
3484	189070	895981
3485	189121	895912
3486	189173	895846
3487	189230	895805
3488	189283	895746
3489	189335	895682
3490	189389	895624
3491	189448	895594
3492	189509	895573
3493	189570	895549
3494	189627	895506
3495	189680	895448
3496	189732	895382
3497	189791	895353
3498	189844	895290
3499	189895	895223
3500	189944	895143
3501	189995	895072
3502	190048	895011
3503	190097	894932
3504	190155	894895
3505	190209	894839
3506	190262	894783
3507	190310	894697
3508	190365	894646
3509	190416	894579
3510	190468	894513
3511	190524	894467
3512	190574	894392
3513	190626	894329
3514	190694	894339
3515	190748	894282
3516	190799	894215
3517	190856	894171
3518	190905	894092
3519	190956	894022
3520	191007	893954
3521	191057	893878
3522	191108	893811
3523	191159	893742
3524	191213	893684
3525	191260	893599
3526	191312	893532
3527	191372	893504
3528	191423	893434
3529	191475	893371
3530	191526	893302
3531	191581	893250
3532	191632	893181
3533	191685	893119
3534	191742	893078
3535	191793	893012
3536	191846	892952
3537	191898	892885
3538	191951	892828
3539	192022	892849
3540	192076	892796
3541	192143	892799
3542	192194	892732
3543	192246	892666
3544	192293	892576
3545	192347	892522
3546	192398	892455
3547	192450	892389
3548	192503	892330
3549	192555	892264
3550	192609	892211
3551	192660	892139
3552	192716	892094
3553	192780	892083
3554	192831	892014
3555	192879	891932
3556	192935	891885
3557	192983	891803
3558	193037	891749
3559	193091	891690
3560	193144	891633
3561	193193	891552
3562	193248	891502
3563	193299	891434
3564	193358	891399
3565	193405	891312
3566	193460	891262
3567	193514	891209
3568	193565	891139
3569	193620	891089
3570	193670	891015
3571	193724	890961
3572	193782	890923
3573	193834	890859
3574	193883	890777
3575	193938	890726
3576	193990	890662
3577	194049	890629
3578	194105	890584
3579	194156	890514
3580	194204	890435
3581	194256	890370
3582	194311	890317
3583	194363	890252
3584	194424	890232
3585	194480	890184
3586	194527	890099
3587	194583	890053
3588	194637	889996
3589	194694	889954
3590	194751	889913
3591	194804	889855
3592	194857	889791
3593	194915	889755
3594	194964	889680
3595	195023	889647
3596	195076	889585
3597	195123	889496
3598	195178	889446
3599	195232	889392
3600	195290	889354
3601	195341	889285
3602	195392	889217
3603	195440	889135
3604	195497	889093
3605	195548	889026
3606	195598	888951
3607	195652	888893
3608	195706	888841
3609	195764	888802
3610	195824	888776
3611	195881	888732
3612	195941	888707
3613	195990	888628
3614	196041	888559
3615	196100	888528
3616	196152	888463
3617	196204	888398
3618	196255	888327
3619	196306	888259
3620	196355	888180
3621	196402	888093
3622	196455	888034
3623	196507	887972
3624	196562	887918
3625	196610	887838
3626	196668	887802
3627	196723	887751
3628	196772	887673
3629	196821	887593
3630	196874	887534
3631	196925	887467
3632	196978	887404
3633	197030	887342
3634	197079	887262
3635	197149	887282
3636	197200	887211
3637	197251	887144
3638	197304	887084
3639	197355	887016
3640	197415	886988
3641	197471	886941
3642	197525	886884
3643	197580	886835
3644	197635	886784
3645	197689	886728
3646	197743	886672
3647	197797	886617
3648	197858	886593
3649	197913	886544
3650	197981	886551
3651	198031	886477
3652	198077	886386
3653	198131	886330
3654	198180	886256
3655	198231	886185
3656	198280	886106
3657	198331	886041
3658	198387	885992
3659	198441	885938
3660	198496	885885
3661	198550	885830
3662	198603	885772
3663	198660	885731
3664	198711	885661
3665	198768	885620
3666	198827	885587
3667	198878	885520
3668	198930	885456
3669	198977	885368
3670	199028	885298
3671	199075	885215
3672	199127	885151
3673	199177	885078
3674	199228	885009
3675	199280	884944
3676	199331	884873
3677	199380	884798
3678	199432	884733
3679	199485	884674
3680	199538	884615
3681	199588	884543
3682	199646	884502
3683	199696	884433
3684	199754	884394
3685	199814	884366
3686	199866	884301
3687	199914	884222
3688	199966	884155
3689	200020	884103
3690	200070	884027
3691	200126	883983
3692	200180	883926
3693	200244	883916
3694	200306	883897
3695	200361	883844
3696	200420	883811
3697	200472	883749
3698	200524	883686
3699	200575	883617
3700	200631	883569
3701	200687	883522
3702	200735	883443
3703	200787	883379
3704	200839	883312
3705	200893	883257
3706	200944	883189
3707	200995	883124
3708	201049	883066
3709	201106	883027
3710	201157	882958
3711	201211	882900
3712	201262	882833
3713	201315	882773
3714	201367	882709
3715	201430	882695
3716	201483	882633
3717	201531	882555
3718	201584	882495
3719	201648	882484
3720	201702	882429
3721	201754	882365
3722	201809	882312
3723	201860	882246
3724	201917	882202
3725	201969	882139
3726	202030	882114
3727	202085	882065
3728	202136	881997
3729	202189	881937
3730	202243	881882
3731	202300	881837
3732	202354	881784
3733	202407	881725
3734	202464	881680
3735	202514	881610
3736	202565	881544
3737	202621	881495
3738	202674	881437
3739	202725	881369
3740	202782	881325
3741	202836	881269
3742	202891	881218
3743	202940	881141
3744	202991	881073
3745	203042	881005
3746	203089	880922
3747	203140	880851
3748	203192	880790
3749	203244	880727
3750	203299	880674
3751	203348	880598
3752	203402	880542
3753	203456	880489
3754	203506	880414
3755	203557	880349
3756	203609	880282
3757	203664	880233
3758	203714	880162
3759	203773	880126
3760	203829	880080
3761	203885	880035
3762	203941	879990
3763	203990	879912
3764	204043	879853
3765	204101	879814
3766	204156	879762
3767	204212	879718
3768	204268	879671
3769	204315	879584
3770	204364	879509
3771	204417	879451
3772	204480	879432
3773	204541	879409
3774	204595	879356
3775	204647	879290
3776	204698	879223
3777	204756	879186
3778	204803	879100
3779	204856	879038
3780	204907	878972
3781	204961	878917
3782	205009	878835
3783	205061	878772
3784	205114	878713
3785	205171	878670
3786	205221	878598
3787	205280	878567
3788	205328	878485
3789	205374	878397
3790	205425	878328
3791	205474	878249
3792	205524	878180
3793	205578	878123
3794	205630	878062
3795	205684	878007
3796	205743	877971
3797	205796	877911
3798	205848	877851
3799	205905	877807
3800	205957	877744
3801	206011	877687
3802	206060	877614
3803	206112	877551
3804	206168	877502
3805	206232	877489
3806	206290	877452
3807	206342	877390
3808	206390	877310
3809	206446	877263
3810	206501	877210
3811	206554	877153
3812	206611	877109
3813	206666	877059
3814	206724	877021
3815	206770	876931
3816	206822	876868
3817	206875	876811
3818	206930	876758
3819	206981	876690
3820	207037	876643
3821	207088	876577
3822	207140	876513
3823	207203	876496
3824	207256	876435
3825	207308	876372
3826	207360	876311
3827	207414	876254
3828	207466	876192
3829	207517	876124
3830	207572	876074
3831	207628	876026
3832	207676	875948
3833	207727	875881
3834	207781	875825
3835	207831	875752
3836	207883	875688
3837	207938	875637
3838	207990	875575
3839	208040	875503
3840	208095	875452
3841	208142	875369
3842	208193	875301
3843	208246	875240
3844	208302	875193
3845	208350	875115
3846	208407	875071
3847	208459	875008
3848	208512	874952
3849	208572	874919
3850	208623	874851
3851	208671	874772
3852	208724	874713
3853	208789	874703
3854	208838	874631
3855	208892	874573
3856	208942	874504
3857	208992	874432
3858	209042	874359
3859	209094	874296
3860	209149	874247
3861	209197	874165
3862	209248	874096
3863	209298	874025
3864	209346	873946
3865	209398	873882
3866	209448	873813
3867	209516	873816
3868	209570	873759
3869	209626	873712
3870	209682	873667
3871	209733	873600
3872	209781	873522
3873	209829	873440
3874	209878	873363
3875	209931	873306
3876	209984	873246
3877	210040	873198
3878	210101	873173
3879	210150	873100
3880	210204	873045
3881	210254	872973
3882	210305	872906
3883	210359	872849
3884	210409	872778
3885	210456	872694
3886	210512	872648
3887	210565	872590
3888	210616	872522
3889	210668	872458
3890	210725	872415
3891	210778	872360
3892	210832	872305
3893	210882	872232
3894	210950	872237
3895	211001	872166
3896	211047	872081
3897	211091	871985
3898	211143	871919
3899	211192	871846
3900	211237	871752
3901	211290	871695
3902	211340	871625
3903	211392	871560
3904	211449	871518
3905	211509	871487
3906	211564	871439
3907	211615	871371
3908	211663	871289
3909	211716	871230
3910	211771	871181
3911	211827	871136
3912	211880	871076
3913	211930	871004
3914	211981	870938
3915	212038	870894
3916	212086	870817
3917	212136	870744
3918	212187	870679
3919	212239	870613
3920	212297	870575
3921	212348	870510
3922	212403	870457
3923	212451	870380
3924	212506	870327
3925	212554	870249
3926	212614	870218
3927	212664	870148
3928	212721	870107
3929	212771	870036
3930	212827	869988
3931	212883	869941
3932	212941	869904
3933	212992	869838
3934	213041	869761
3935	213093	869698
3936	213142	869623
3937	213192	869550
3938	213242	869480
3939	213293	869415
3940	213348	869362
3941	213399	869296
3942	213449	869225
3943	213507	869189
3944	213559	869125
3945	213619	869094
3946	213666	869012
3947	213715	868934
3948	213764	868859
3949	213812	868783
3950	213876	868767
3951	213928	868704
3952	213976	868627
3953	214027	868558
3954	214083	868511
3955	214137	868458
3956	214192	868407
3957	214246	868351
3958	214297	868286
3959	214345	868209
3960	214401	868162
3961	214462	868133
3962	214515	868077
3963	214573	868036
3964	214624	867968
3965	214675	867904
3966	214725	867834
3967	214778	867774
3968	214828	867703
3969	214880	867641
3970	214936	867593
3971	214987	867526
3972	215041	867472
3973	215089	867394
3974	215141	867330
3975	215192	867264
3976	215243	867198
3977	215291	867120
3978	215344	867062
3979	215393	866984
3980	215448	866936
3981	215500	866872
3982	215554	866818
3983	215604	866747
3984	215662	866707
3985	215713	866641
3986	215768	866592
3987	215819	866525
3988	215869	866454
3989	215919	866382
3990	215971	866321
3991	216020	866247
3992	216069	866173
3993	216127	866133
3994	216179	866071
3995	216228	865998
3996	216282	865943
3997	216335	865881
3998	216390	865831
3999	216446	865785
4000	216495	865712
4001	216549	865657
4002	216602	865598
4003	216652	865528
4004	216710	865490
4005	216767	865447
4006	216818	865379
4007	216869	865311
4008	216927	865274
4009	216980	865216
4010	217029	865141
4011	217079	865072
4012	217137	865031
4013	217187	864962
4014	217238	864894
4015	217292	864840
4016	217357	864830
4017	217413	864782
4018	217465	864722
4019	217522	864677
4020	217572	864607
4021	217630	864568
4022	217678	864492
4023	217734	864446
4024	217789	864392
4025	217841	864330
4026	217895	864277
4027	217944	864204
4028	218000	864157
4029	218050	864086
4030	218102	864023
4031	218158	863978
4032	218206	863898
4033	218257	863832
4034	218312	863783
4035	218375	863761
4036	218427	863698
4037	218482	863649
4038	218535	863591
4039	218588	863532
4040	218639	863464
4041	218698	863431
4042	218750	863370
4043	218806	863320
4044	218859	863263
4045	218913	863210
4046	218970	863166
4047	219017	863083
4048	219066	863009
4049	219120	862954
4050	219173	862898
4051	219230	862853
4052	219289	862821
4053	219350	862794
4054	219405	862742
4055	219453	862662
4056	219505	862602
4057	219556	862536
4058	219608	862473
4059	219661	862414
4060	219719	862377
4061	219768	862303
4062	219821	862242
4063	219874	862183
4064	219923	862111
4065	219973	862039
4066	220026	861982
4067	220079	861923
4068	220128	861851
4069	220176	861771
4070	220231	861720
4071	220285	861665
4072	220341	861621
4073	220393	861557
4074	220457	861540
4075	220513	861495
4076	220562	861421
4077	220617	861370
4078	220674	861330
4079	220730	861282
4080	220778	861204
4081	220826	861125
4082	220874	861047
4083	220930	861000
4084	220987	860958
4085	221040	860898
4086	221090	860828
4087	221143	860772
4088	221195	860711
4089	221249	860654
4090	221302	860597
4091	221350	860520
4092	221406	860473
4093	221460	860416
4094	221509	860345
4095	221560	860278
4096	221623	860258
4097	221672	860186
4098	221719	860104
4099	221767	860024
4100	221824	859983
4101	221878	859926
4102	221929	859860
4103	221980	859797
4104	222029	859723
4105	222084	859670
4106	222138	859617
4107	222188	859546
4108	222243	859495
4109	222294	859428
4110	222344	859360
4111	222398	859307
4112	222452	859253
4113	222509	859208
4114	222568	859174
4115	222619	859108
4116	222673	859052
4117	222727	859000
4118	222781	858943
4119	222829	858868
4120	222882	858809
4121	222946	858792
4122	222992	858709
4123	223041	858633
4124	223089	858556
4125	223139	858484
4126	223195	858438
4127	223257	858416
4128	223308	858349
4129	223361	858292
4130	223412	858227
4131	223466	858171
4132	223517	858106
4133	223572	858054
4134	223624	857991
4135	223679	857941
4136	223734	857891
4137	223787	857834
4138	223836	857759
4139	223889	857703
4140	223941	857640
4141	223990	857568
4142	224042	857505
4143	224093	857439
4144	224147	857383
4145	224200	857327
4146	224264	857312
4147	224320	857262
4148	224367	857182
4149	224423	857136
4150	224476	857078
4151	224526	857008
4152	224578	856943
4153	224628	856877
4154	224677	856801
4155	224735	856765
4156	224788	856703
4157	224836	856629
4158	224886	856560
4159	224938	856495
4160	224988	856426
4161	225044	856380
4162	225114	856388
4163	225161	856306
4164	225215	856251
4165	225267	856187
4166	225313	856105
4167	225362	856031
4168	225412	855963
4169	225466	855908
4170	225517	855843
4171	225583	855832
4172	225630	855750
4173	225688	855712
4174	225737	855639
4175	225790	855583
4176	225841	855515
4177	225895	855460
4178	225945	855393
4179	226000	855340
4180	226055	855291
4181	226110	855239
4182	226162	855179
4183	226217	855129
4184	226271	855075
4185	226328	855029
4186	226380	854970
4187	226433	854911
4188	226487	854856
4189	226539	854795
4190	226593	854738
4191	226646	854682
4192	226697	854614
4193	226755	854577
4194	226808	854520
4195	226860	854456
4196	226911	854391
4197	226961	854323
4198	227015	854268
4199	227069	854214
4200	227127	854173
4201	227177	854106
4202	227226	854031
4203	227279	853972
4204	227335	853925
4205	227390	853878
4206	227448	853836
4207	227499	853771
4208	227553	853716
4209	227605	853655
4210	227656	853590
4211	227706	853520
4212	227759	853462
4213	227815	853415
4214	227871	853368
4215	227919	853293
4216	227971	853230
4217	228026	853181
4218	228081	853128
4219	228136	853080
4220	228190	853025
4221	228240	852955
4222	228295	852904
4223	228345	852836
4224	228398	852777
4225	228450	852717
4226	228504	852662
4227	228556	852601
4228	228604	852524
4229	228656	852460
4230	228707	852394
4231	228759	852335
4232	228813	852281
4233	228864	852216
4234	228919	852163
4235	228968	852091
4236	229017	852019
4237	229074	851976
4238	229127	851919
4239	229180	851858
4240	229231	851795
4241	229285	851738
4242	229341	851694
4243	229396	851642
4244	229448	851582
4245	229501	851524
4246	229553	851461
4247	229607	851405
4248	229660	851350
4249	229717	851305
4250	229773	851260
4251	229826	851201
4252	229877	851134
4253	229930	851076
4254	229980	851009
4255	230036	850962
4256	230091	850911
4257	230142	850847
4258	230194	850783
4259	230248	850728
4260	230299	850665
4261	230355	850616
4262	230402	850537
4263	230456	850485
4264	230511	850432
4265	230561	850364
4266	230609	850287
4267	230658	850214
4268	230709	850151
4269	230760	850083
4270	230811	850020
4271	230863	849958
4272	230917	849902
4273	230972	849853
4274	231027	849804
4275	231081	849747
4276	231133	849685
4277	231188	849636
4278	231245	849594
4279	231298	849534
4280	231355	849491
4281	231407	849431
4282	231458	849367
4283	231515	849323
4284	231574	849284
4285	231631	849243
4286	231683	849183
4287	231735	849120
4288	231790	849070
4289	231840	849000
4290	231889	848928
4291	231939	848860
4292	231993	848804
4293	232052	848770
4294	232105	848710
4295	232159	848657
4296	232209	848590
4297	232262	848529
4298	232316	848476
4299	232365	848403
4300	232419	848350
4301	232470	848284
4302	232521	848220
4303	232577	848174
4304	232631	848117
4305	232680	848045
4306	232732	847985
4307	232784	847922
4308	232834	847855
4309	232887	847795
4310	232942	847748
4311	233000	847706
4312	233055	847656
4313	233111	847607
4314	233161	847540
4315	233215	847486
4316	233266	847421
4317	233317	847357
4318	233365	847280
4319	233416	847214
4320	233471	847164
4321	233527	847118
4322	233580	847061
4323	233636	847013
4324	233692	846965
4325	233747	846916
4326	233798	846852
4327	233849	846785
4328	233912	846764
4329	233966	846711
4330	234022	846663
4331	234081	846625
4332	234136	846577
4333	234194	846535
4334	234241	846457
4335	234296	846406
4336	234348	846344
4337	234404	846297
4338	234455	846233
4339	234506	846167
4340	234562	846122
4341	234620	846082
4342	234674	846026
4343	234724	845959
4344	234783	845921
4345	234836	845866
4346	234893	845821
4347	234946	845764
4348	234998	845702
4349	235055	845659
4350	235106	845594
4351	235157	845528
4352	235211	845475
4353	235264	845416
4354	235316	845356
4355	235366	845287
4356	235422	845240
4357	235474	845178
4358	235520	845097
4359	235569	845024
4360	235624	844975
4361	235684	844941
4362	235735	844876
4363	235785	844808
4364	235837	844746
4365	235891	844691
4366	235946	844641
4367	236002	844595
4368	236054	844533
4369	236108	844481
4370	236159	844415
4371	236209	844345
4372	236276	844338
4373	236327	844275
4374	236376	844201
4375	236422	844120
4376	236474	844058
4377	236537	844036
4378	236588	843969
4379	236636	843895
4380	236686	843826
4381	236736	843757
4382	236789	843700
4383	236842	843644
4384	236893	843579
4385	236952	843540
4386	237003	843477
4387	237056	843420
4388	237118	843394
4389	237173	843342
4390	237222	843272
4391	237272	843204
4392	237323	843139
4393	237379	843090
4394	237433	843035
4395	237488	842988
4396	237542	842931
4397	237596	842877
4398	237646	842811
4399	237700	842757
4400	237753	842697
4401	237805	842637
4402	237862	842595
4403	237918	842547
4404	237970	842486
4405	238022	842425
4406	238074	842363
4407	238126	842302
4408	238172	842221
4409	238230	842181
4410	238284	842126
4411	238337	842066
4412	238392	842016
4413	238443	841954
4414	238496	841896
4415	238550	841842
4416	238599	841770
4417	238651	841708
4418	238702	841643
4419	238753	841580
4420	238810	841535
4421	238862	841472
4422	238913	841409
4423	238970	841365
4424	239029	841331
4425	239093	841310
4426	239142	841240
4427	239202	841207
4428	239253	841140
4429	239310	841099
4430	239361	841033
4431	239415	840978
4432	239466	840915
4433	239517	840851
4434	239566	840779
4435	239618	840717
4436	239671	840660
4437	239723	840597
4438	239779	840550
4439	239835	840504
4440	239891	840457
4441	239943	840397
4442	239993	840328
4443	240050	840284
4444	240111	840256
4445	240165	840199
4446	240219	840147
4447	240271	840087
4448	240325	840031
4449	240379	839978
4450	240429	839910
4451	240482	839850
4452	240533	839788
4453	240588	839737
4454	240640	839675
4455	240690	839607
4456	240742	839548
4457	240798	839500
4458	240852	839445
4459	240911	839409
4460	240965	839353
4461	241018	839297
4462	241081	839274
4463	241132	839211
4464	241185	839152
4465	241238	839094
4466	241301	839072
4467	241360	839036
4468	241419	838998
4469	241479	838967
4470	241541	838938
4471	241601	838907
4472	241664	838883
4473	241723	838846
4474	241781	838806
4475	241838	838763
4476	241894	838716
4477	241958	838696
4478	242012	838642
4479	242069	838596
4480	242118	838525
4481	242174	838478
4482	242226	838418
4483	242277	838353
4484	242331	838299
4485	242387	838252
4486	242454	838242
4487	242507	838184
4488	242558	838122
4489	242627	838119
4490	242679	838057
4491	242732	837999
4492	242793	837968
4493	242847	837915
4494	242901	837860
4495	242975	837877
4496	243021	837795
4497	243072	837729
4498	243122	837661
4499	243174	837601
4500	243229	837550
4501	243292	837526
4502	243344	837466
4503	243395	837401
4504	243457	837373
4505	243506	837303
4506	243560	837247
4507	243613	837191
4508	243667	837136
4509	243718	837073
4510	243775	837029
4511	243829	836974
4512	243883	836919
4513	243937	836865
4514	243991	836812
4515	244045	836757
4516	244102	836714
4517	244152	836645
4518	244209	836603
4519	244262	836546
4520	244319	836500
4521	244370	836437
4522	244422	836374
4523	244476	836321
4524	244523	836242
4525	244574	836177
4526	244623	836107
4527	244678	836056
4528	244736	836017
4529	244789	835959
4530	244841	835898
4531	244890	835827
4532	244950	835794
4533	245010	835759
4534	245072	835732
4535	245128	835685
4536	245194	835671
4537	245248	835616
4538	245303	835567
4539	245354	835502
4540	245408	835448
4541	245467	835410
4542	245523	835363
4543	245582	835326
4544	245634	835265
4545	245686	835205
4546	245739	835147
4547	245788	835076
4548	245845	835032
4549	245894	834959
4550	245949	834908
4551	245998	834838
4552	246057	834802
4553	246110	834742
4554	246167	834700
4555	246220	834641
4556	246271	834577
4557	246319	834503
4558	246379	834469
4559	246433	834415
4560	246483	834347
4561	246533	834278
4562	246585	834219
4563	246635	834150
4564	246690	834100
4565	246742	834038
4566	246798	833990
4567	246854	833945
4568	246906	833883
4569	246954	833810
4570	247004	833743
4571	247064	833708
4572	247111	833630
4573	247164	833571
4574	247219	833522
4575	247280	833490
4576	247339	833453
4577	247385	833372
4578	247435	833305
4579	247489	833252
4580	247541	833189
4581	247593	833130
4582	247645	833068
4583	247699	833015
4584	247751	832954
4585	247801	832884
4586	247851	832816
4587	247907	832769
4588	247960	832712
4589	248011	832649
4590	248065	832593
4591	248115	832528
4592	248169	832472
4593	248225	832426
4594	248284	832387
4595	248330	832307
4596	248379	832235
4597	248428	832166
4598	248478	832098
4599	248534	832051
4600	248591	832007
4601	248648	831962
4602	248705	831916
4603	248759	831864
4604	248815	831815
4605	248868	831757
4606	248918	831690
4607	248968	831622
4608	249019	831558
4609	249070	831494
4610	249120	831429
4611	249169	831355
4612	249228	831319
4613	249281	831263
4614	249338	831219
4615	249391	831162
4616	249442	831096
4617	249501	831058
4618	249551	830990
4619	249602	830928
4620	249660	830885
4621	249713	830828
4622	249765	830767
4623	249816	830705
4624	249872	830656
4625	249923	830592
4626	249977	830540
4627	250028	830475
4628	250080	830412
4629	250130	830347
4630	250182	830284
4631	250232	830219
4632	250288	830169
4633	250346	830130
4634	250398	830069
4635	250450	830008
4636	250518	830001
4637	250569	829937
4638	250624	829885
4639	250674	829819
4640	250726	829756
4641	250778	829699
4642	250829	829633
4643	250885	829584
4644	250958	829594
4645	251003	829509
4646	251053	829444
4647	251100	829366
4648	251149	829294
4649	251199	829228
4650	251252	829169
4651	251303	829105
4652	251355	829046
4653	251410	828994
4654	251462	828935
4655	251521	828897
4656	251576	828847
4657	251642	828831
4658	251692	828763
4659	251743	828700
4660	251795	828641
4661	251844	828570
4662	251897	828511
4663	251948	828448
4664	252002	828393
4665	252053	828330
4666	252107	828276
4667	252157	828208
4668	252211	828153
4669	252268	828109
4670	252320	828049
4671	252377	828005
4672	252434	827960
4673	252484	827893
4674	252547	827868
4675	252593	827790
4676	252642	827720
4677	252698	827670
4678	252752	827618
4679	252806	827563
4680	252858	827503
4681	252911	827445
4682	252963	827386
4683	253015	827322
4684	253062	827247
4685	253117	827194
4686	253175	827156
4687	253233	827113
4688	253281	827040
4689	253345	827020
4690	253397	826957
4691	253448	826895
4692	253504	826845
4693	253554	826780
4694	253606	826717
4695	253655	826649
4696	253706	826584
4697	253758	826524
4698	253811	826468
4699	253860	826398
4700	253912	826336
4701	253969	826290
4702	254024	826241
4703	254086	826211
4704	254137	826150
4705	254189	826088
4706	254236	826010
4707	254284	825939
4708	254338	825883
4709	254389	825819
4710	254443	825768
4711	254497	825712
4712	254548	825648
4713	254602	825594
4714	254659	825549
4715	254712	825493
4716	254766	825440
4717	254815	825370
4718	254869	825316
4719	254926	825272
4720	254984	825229
4721	255038	825173
4722	255097	825136
4723	255153	825088
4724	255204	825027
4725	255254	824958
4726	255304	824891
4727	255354	824825
4728	255404	824757
4729	255462	824717
4730	255520	824675
4731	255579	824639
4732	255628	824569
4733	255679	824504
4734	255728	824434
4735	255779	824370
4736	255830	824306
4737	255887	824262
4738	255940	824205
4739	255992	824145
4740	256041	824074
4741	256093	824014
4742	256151	823971
4743	256201	823906
4744	256257	823858
4745	256306	823788
4746	256362	823739
4747	256411	823669
4748	256461	823603
4749	256513	823544
4750	256566	823484
4751	256623	823440
4752	256682	823403
4753	256734	823342
4754	256783	823273
4755	256839	823226
4756	256893	823173
4757	256946	823115
4758	257006	823079
4759	257057	823016
4760	257114	822972
4761	257166	822911
4762	257218	822849
4763	257268	822785
4764	257321	822726
4765	257372	822662
4766	257427	822612
4767	257482	822561
4768	257548	822546
4769	257601	822487
4770	257659	822446
4771	257713	822392
4772	257762	822324
4773	257814	822263
4774	257865	822200
4775	257918	822142
4776	257968	822075
4777	258021	822019
4778	258073	821959
4779	258126	821902
4780	258175	821831
4781	258224	821760
4782	258276	821699
4783	258329	821644
4784	258382	821587
4785	258436	821530
4786	258492	821485
4787	258549	821440
4788	258603	821385
4789	258657	821330
4790	258708	821269
4791	258759	821204
4792	258810	821139
4793	258863	821084
4794	258918	821033
4795	258968	820967
4796	259016	820894
4797	259064	820821
4798	259118	820767
4799	259175	820721
4800	259223	820650
4801	259277	820594
4802	259328	820532
4803	259380	820472
4804	259432	820412
4805	259489	820366
4806	259540	820305
4807	259596	820255
4808	259643	820180
4809	259699	820131
4810	259753	820077
4811	259806	820020
4812	259856	819954
4813	259907	819889
4814	259955	819816
4815	260011	819769
4816	260064	819714
4817	260114	819646
4818	260163	819576
4819	260214	819513
4820	260265	819449
4821	260322	819404
4822	260372	819340
4823	260427	819288
4824	260481	819233
4825	260533	819174
4826	260594	819141
4827	260648	819089
4828	260702	819033
4829	260759	818989
4830	260814	818939
4831	260867	818882
4832	260920	818825
4833	260969	818756
4834	261025	818706
4835	261080	818657
4836	261130	818591
4837	261183	818534
4838	261233	818467
4839	261285	818406
4840	261337	818346
4841	261387	818279
4842	261444	818235
4843	261496	818176
4844	261548	818116
4845	261599	818051
4846	261663	818028
4847	261707	817945
4848	261759	817884
4849	261808	817815
4850	261863	817763
4851	261914	817699
4852	261962	817628
4853	262016	817574
4854	262069	817515
4855	262119	817449
4856	262176	817405
4857	262226	817339
4858	262281	817287
4859	262333	817227
4860	262385	817167
4861	262436	817105
4862	262491	817053
4863	262546	817001
4864	262596	816937
4865	262655	816899
4866	262706	816834
4867	262758	816776
4868	262809	816713
4869	262861	816650
4870	262915	816597
4871	262965	816530
4872	263021	816483
4873	263070	816415
4874	263124	816361
4875	263177	816302
4876	263229	816242
4877	263281	816184
4878	263332	816120
4879	263385	816063
4880	263434	815995
4881	263488	815939
4882	263538	815875
4883	263595	815830
4884	263647	815770
4885	263699	815708
4886	263753	815654
4887	263807	815602
4888	263859	815540
4889	263909	815476
4890	263960	815410
4891	264011	815347
4892	264069	815307
4893	264119	815240
4894	264172	815185
4895	264229	815140
4896	264282	815082
4897	264341	815045
4898	264401	815008
4899	264447	814929
4900	264501	814877
4901	264554	814818
4902	264610	814772
4903	264667	814725
4904	264724	814680
4905	264776	814622
4906	264827	814560
4907	264878	814495
4908	264932	814441
4909	264983	814377
4910	265032	814310
4911	265088	814260
4912	265138	814196
4913	265202	814172
4914	265255	814114
4915	265309	814062
4916	265367	814021
4917	265422	813968
4918	265477	813919
4919	265529	813857
4920	265584	813809
4921	265633	813738
4922	265688	813686
4923	265738	813622
4924	265790	813562
4925	265841	813498
4926	265888	813424
4927	265939	813361
4928	265990	813297
4929	266050	813260
4930	266113	813236
4931	266166	813179
4932	266219	813121
4933	266277	813079
4934	266335	813037
4935	266389	812984
4936	266442	812928
4937	266493	812864
4938	266546	812807
4939	266596	812743
4940	266651	812690
4941	266700	812622
4942	266751	812558
4943	266802	812495
4944	266855	812438
4945	266905	812372
4946	266954	812305
4947	267005	812241
4948	267054	812172
4949	267105	812108
4950	267155	812043
4951	267209	811988
4952	267262	811932
4953	267318	811883
4954	267371	811828
4955	267425	811772
4956	267481	811724
4957	267536	811674
4958	267586	811608
4959	267637	811544
4960	267686	811477
4961	267740	811424
4962	267793	811365
4963	267845	811305
4964	267893	811233
4965	267943	811169
4966	267997	811114
4967	268058	811083
4968	268118	811047
4969	268173	810996
4970	268225	810936
4971	268284	810897
4972	268341	810852
4973	268403	810821
4974	268456	810764
4975	268507	810702
4976	268566	810663
4977	268622	810617
4978	268673	810552
4979	268729	810504
4980	268782	810447
4981	268835	810392
4982	268886	810330
4983	268936	810262
4984	268988	810203
4985	269039	810140
4986	269093	810085
4987	269145	810027
4988	269198	809970
4989	269258	809934
4990	269319	809900
4991	269373	809847
4992	269429	809799
4993	269488	809760
4994	269540	809700
4995	269590	809633
4996	269641	809572
4997	269693	809512
4998	269746	809454
4999	269802	809407
5000	269858	809358
5001	269915	809314
5002	269962	809239
5003	270016	809184
5004	270066	809121
5005	270117	809056
5006	270166	808990
5007	270221	808937
5008	270274	808881
5009	270325	808818
5010	270376	808756
5011	270428	808695
5012	270476	808625
5013	270528	808565
5014	270583	808511
5015	270639	808464
5016	270690	808402
5017	270742	808342
5018	270796	808288
5019	270854	808247
5020	270901	808171
5021	270953	808113
5022	271006	808056
5023	271060	808003
5024	271112	807942
5025	271162	807875
5026	271214	807817
5027	271264	807751
5028	271318	807696
5029	271377	807657
5030	271434	807612
5031	271484	807549
5032	271532	807477
5033	271582	807409
5034	271637	807358
5035	271690	807302
5036	271745	807251
5037	271798	807194
5038	271848	807128
5039	271901	807072
5040	271953	807011
5041	272005	806953
5042	272055	806888
5043	272103	806815
5044	272155	806756
5045	272211	806708
5046	272261	806642
5047	272321	806607
5048	272372	806544
5049	272422	806477
5050	272470	806406
5051	272524	806353
5052	272579	806302
5053	272631	806242
5054	272687	806195
5055	272739	806135
5056	272791	806075
5057	272842	806012
5058	272899	805968
5059	272954	805918
5060	273006	805856
5061	273060	805802
5062	273116	805755
5063	273167	805693
5064	273224	805649
5065	273278	805594
5066	273330	805535
5067	273382	805474
5068	273436	805421
5069	273488	805360
5070	273545	805316
5071	273598	805259
5072	273657	805220
5073	273740	805252
5074	273788	805180
5075	273837	805111
5076	273885	805040
5077	273936	804977
5078	274005	804968
5079	274075	804960
5080	274137	804931
5081	274198	804898
5082	274264	804879
5083	274334	804871
5084	274398	804848
5085	274466	804834
5086	274535	804826
5087	274606	804821
5088	274666	804783
5089	274728	804755
5090	274797	804743
5091	274861	804721
5092	274930	804711
5093	275004	804715
5094	275067	804685
5095	275132	804666
5096	275197	804642
5097	275265	804630
5098	275328	804604
5099	275393	804581
5100	275457	804556
5101	275520	804529
5102	275585	804505
5103	275652	804489
5104	275718	804471
5105	275811	804531
5106	275908	804601
5107	276017	804709
5108	276091	804713
5109	276159	804699
5110	276223	804673
5111	276276	804617
5112	276329	804561
5113	276384	804510
5114	276434	804443
5115	276486	804384
5116	276541	804333
5117	276593	804273
5118	276653	804235
5119	276706	804178
5120	276760	804123
5121	276812	804063
5122	276863	804001
5123	276916	803943
5124	276967	803882
5125	277019	803822
5126	277072	803764
5127	277129	803718
5128	277178	803650
5129	277233	803600
5130	277282	803530
5131	277334	803471
5132	277388	803415
5133	277439	803354
5134	277491	803292
5135	277542	803229
5136	277594	803170
5137	277644	803105
5138	277698	803051
5139	277746	802979
5140	277797	802915
5141	277847	802851
5142	277897	802785
5143	277948	802722
5144	278005	802675
5145	278064	802636
5146	278119	802586
5147	278166	802512
5148	278222	802463
5149	278276	802407
5150	278324	802336
5151	278374	802273
5152	278424	802207
5153	278482	802162
5154	278532	802098
5155	278587	802046
5156	278642	801995
5157	278698	801947
5158	278755	801901
5159	278807	801840
5160	278861	801788
5161	278909	801716
5162	278965	801668
5163	279021	801620
5164	279074	801563
5165	279127	801506
5166	279177	801440
5167	279230	801381
5168	279289	801341
5169	279337	801271
5170	279386	801203
5171	279443	801159
5172	279500	801112
5173	279554	801057
5174	279608	801005
5175	279659	800941
5176	279712	800883
5177	279764	800824
5178	279819	800773
5179	279874	800722
5180	279926	800663
5181	279974	800590
5182	280027	800534
5183	280083	800484
5184	280135	800425
5185	280188	800369
5186	280245	800323
5187	280295	800258
5188	280346	800195
5189	280397	800131
5190	280448	800069
5191	280500	800010
5192	280552	799949
5193	280606	799895
5194	280661	799845
5195	280711	799778
5196	280764	799721
5197	280816	799661
5198	280871	799612
5199	280923	799550
5200	280979	799502
5201	281035	799456
5202	281092	799409
5203	281149	799363
5204	281207	799322
5205	281264	799275
5206	281316	799215
5207	281368	799155
5208	281418	799089
5209	281467	799022
5210	281516	798952
5211	281569	798895
5212	281617	798825
5213	281669	798764
5214	281723	798712
5215	281770	798638
5216	281823	798582
5217	281875	798520
5218	281938	798492
5219	281995	798446
5220	282052	798402
5221	282108	798353
5222	282156	798282
5223	282209	798224
5224	282261	798164
5225	282312	798102
5226	282368	798054
5227	282420	797995
5228	282470	797930
5229	282521	797866
5230	282571	797801
5231	282622	797739
5232	282672	797672
5233	282722	797607
5234	282774	797549
5235	282829	797497
5236	282881	797438
5237	282933	797379
5238	282982	797309
5239	283035	797251
5240	283088	797196
5241	283141	797139
5242	283195	797083
5243	283249	797030
5244	283304	796980
5245	283351	796906
5246	283406	796854
5247	283457	796791
5248	283507	796725
5249	283559	796666
5250	283613	796613
5251	283668	796562
5252	283716	796490
5253	283769	796434
5254	283819	796369
5255	283873	796315
5256	283921	796243
5257	283972	796180
5258	284029	796134
5259	284081	796076
5260	284142	796042
5261	284193	795979
5262	284244	795918
5263	284299	795866
5264	284365	795844
5265	284423	795803
5266	284488	795778
5267	284549	795744
5268	284601	795685
5269	284657	795636
5270	284714	795591
5271	284770	795541
5272	284826	795492
5273	284880	795439
5274	284939	795400
5275	284998	795358
5276	285057	795319
5277	285117	795283
5278	285180	795253
5279	285235	795201
5280	285291	795154
5281	285350	795112
5282	285406	795064
5283	285458	795004
5284	285511	794946
5285	285567	794900
5286	285623	794851
5287	285681	794807
5288	285736	794755
5289	285790	794701
5290	285843	794646
5291	285904	794611
5292	285962	794569
5293	286027	794544
5294	286077	794480
5295	286136	794439
5296	286190	794386
5297	286249	794345
5298	286305	794295
5299	286354	794228
5300	286416	794196
5301	286480	794171
5302	286536	794122
5303	286592	794072
5304	286647	794021
5305	286700	793965
5306	286754	793911
5307	286809	793860
5308	286859	793795
5309	286918	793752
5310	286972	793698
5311	287032	793662
5312	287088	793612
5313	287151	793583
5314	287211	793547
5315	287274	793517
5316	287330	793469
5317	287385	793416
5318	287441	793367
5319	287497	793321
5320	287551	793265
5321	287613	793232
5322	287666	793178
5323	287727	793141
5324	287792	793119
5325	287849	793071
5326	287905	793023
5327	287961	792973
5328	288014	792918
5329	288080	792896
5330	288134	792843
5331	288193	792803
5332	288248	792750
5333	288305	792704
5334	288366	792668
5335	288415	792600
5336	288473	792557
5337	288526	792502
5338	288578	792441
5339	288629	792380
5340	288681	792319
5341	288736	792268
5342	288785	792200
5343	288837	792142
5344	288891	792087
5345	288946	792035
5346	289002	791987
5347	289052	791921
5348	289104	791861
5349	289154	791797
5350	289210	791747
5351	289258	791677
5352	289308	791613
5353	289367	791570
5354	289415	791502
5355	289471	791452
5356	289525	791399
5357	289581	791348
5358	289637	791301
5359	289692	791248
5360	289745	791192
5361	289803	791150
5362	289857	791096
5363	289910	791039
5364	289963	790982
5365	290020	790936
5366	290073	790879
5367	290127	790823
5368	290185	790782
5369	290238	790725
5370	290287	790655
5371	290344	790609
5372	290397	790553
5373	290445	790484
5374	290493	790412
5375	290542	790344
5376	290593	790283
5377	290645	790222
5378	290696	790161
5379	290748	790099
5380	290802	790046
5381	290858	789999
5382	290909	789935
5383	290968	789895
5384	291034	789873
5385	291093	789832
5386	291158	789808
5387	291218	789770
5388	291283	789745
5389	291343	789708
5390	291397	789653
5391	291454	789608
5392	291505	789546
5393	291560	789493
5394	291614	789439
5395	291671	789394
5396	291726	789342
5397	291779	789285
5398	291832	789229
5399	291887	789177
5400	291942	789126
5401	292007	789100
5402	292063	789051
5403	292119	789002
5404	292183	788975
5405	292236	788920
5406	292295	788878
5407	292354	788836
5408	292413	788797
5409	292465	788738
5410	292523	788694
5411	292573	788628
5412	292643	788617
5413	292704	788583
5414	292762	788538
5415	292820	788496
5416	292882	788462
5417	292936	788408
5418	293000	788380
5419	293052	788321
5420	293112	788284
5421	293165	788226
5422	293227	788195
5423	293292	788168
5424	293355	788138
5425	293425	788129
5426	293482	788082
5427	293541	788042
5428	293604	788010
5429	293659	787958
5430	293721	787926
5431	293773	787867
5432	293831	787822
5433	293884	787765
5434	293939	787714
5435	293989	787650
5436	294042	787591
5437	294088	787517
5438	294140	787456
5439	294191	787395
5440	294245	787341
5441	294301	787292
5442	294351	787225
5443	294404	787170
5444	294454	787104
5445	294504	787040
5446	294562	786995
5447	294622	786957
5448	294691	786943
5449	294750	786903
5450	294811	786868
5451	294871	786827
5452	294929	786784
5453	294987	786742
5454	295046	786700
5455	295098	786640
5456	295154	786591
5457	295205	786529
5458	295253	786460
5459	295309	786409
5460	295359	786345
5461	295409	786279
5462	295458	786213
5463	295513	786159
5464	295571	786116
5465	295626	786067
5466	295678	786004
5467	295730	785945
5468	295781	785885
5469	295838	785838
5470	295898	785799
5471	295959	785765
5472	296012	785706
5473	296067	785655
5474	296119	785595
5475	296175	785546
5476	296233	785502
5477	296286	785445
5478	296340	785391
5479	296393	785334
5480	296446	785277
5481	296502	785229
5482	296559	785183
5483	296615	785132
5484	296678	785103
5485	296735	785055
5486	296791	785006
5487	296842	784943
5488	296901	784903
5489	296957	784853
5490	297009	784795
5491	297064	784742
5492	297121	784698
5493	297184	784665
5494	297249	784640
5495	297302	784584
5496	297356	784530
5497	297419	784498
5498	297476	784453
5499	297537	784415
5500	297587	784350
5501	297637	784286
5502	297685	784217
5503	297744	784177
5504	297803	784134
5505	297857	784079
5506	297919	784047
5507	297975	783997
5508	298041	783976
5509	298099	783930
5510	298159	783891
5511	298212	783836
5512	298265	783777
5513	298318	783722
5514	298374	783673
5515	298442	783655
5516	298496	783599
5517	298552	783550
5518	298608	783502
5519	298662	783448
5520	298714	783389
5521	298774	783349
5522	298841	783330
5523	298906	783302
5524	298960	783250
5525	299018	783205
5526	299076	783160
5527	299134	783117
5528	299190	783068
5529	299247	783020
5530	299303	782973
5531	299360	782925
5532	299416	782877
5533	299468	782818
5534	299532	782790
5535	299585	782732
5536	299634	782664
5537	299688	782610
5538	299749	782574
5539	299797	782504
5540	299847	782440
5541	299902	782386
5542	299952	782322
5543	300008	782273
5544	300061	782215
5545	300113	782156
5546	300167	782101
5547	300222	782051
5548	300275	781994
5549	300327	781933
5550	300380	781875
5551	300433	781820
5552	300483	781756
5553	300535	781695
5554	300589	781642
5555	300641	781581
5556	300690	781512
5557	300752	781479
5558	300802	781414
5559	300858	781365
5560	300911	781310
5561	300966	781257
5562	301018	781198
5563	301067	781131
5564	301117	781064
5565	301171	781010
5566	301231	780972
5567	301280	780906
5568	301331	780842
5569	301381	780778
5570	301431	780712
5571	301483	780654
5572	301528	780577
5573	301581	780518
5574	301632	780456
5575	301690	780413
5576	301744	780358
5577	301795	780295
5578	301845	780231
5579	301898	780175
5580	301954	780124
5581	302007	780068
5582	302062	780018
5583	302112	779951
5584	302168	779902
5585	302224	779853
5586	302285	779816
5587	302337	779758
5588	302385	779687
5589	302435	779622
5590	302484	779555
5591	302541	779508
5592	302595	779455
5593	302646	779392
5594	302705	779351
5595	302758	779295
5596	302806	779226
5597	302855	779156
5598	302907	779098
5599	302958	779037
5600	303010	778976
5601	303063	778920
5602	303109	778845
5603	303160	778782
5604	303213	778725
5605	303266	778667
5606	303316	778604
5607	303371	778552
5608	303423	778492
5609	303471	778423
5610	303523	778363
5611	303581	778318
5612	303632	778258
5613	303684	778198
5614	303734	778134
5615	303787	778076
5616	303842	778024
5617	303893	777962
5618	303942	777896
5619	303998	777846
5620	304062	777818
5621	304108	777743
5622	304158	777677
5623	304208	777614
5624	304260	777554
5625	304316	777504
5626	304370	777451
5627	304425	777398
5628	304477	777339
5629	304529	777279
5630	304582	777222
5631	304641	777180
5632	304692	777120
5633	304743	777058
5634	304796	777000
5635	304849	776944
5636	304897	776874
5637	304950	776817
5638	305002	776759
5639	305055	776702
5640	305110	776650
5641	305164	776595
5642	305217	776538
5643	305275	776493
5644	305330	776442
5645	305384	776387
5646	305443	776348
5647	305498	776295
5648	305556	776249
5649	305614	776206
5650	305672	776162
5651	305728	776112
5652	305779	776052
5653	305830	775988
5654	305885	775937
5655	305936	775874
5656	305984	775805
5657	306039	775754
5658	306092	775697
5659	306144	775639
5660	306202	775595
5661	306253	775532
5662	306308	775481
5663	306360	775420
5664	306416	775372
5665	306472	775322
5666	306527	775271
5667	306580	775213
5668	306636	775164
5669	306687	775102
5670	306740	775044
5671	306797	774998
5672	306851	774943
5673	306901	774881
5674	306956	774827
5675	307012	774779
5676	307064	774720
5677	307119	774667
5678	307171	774607
5679	307221	774544
5680	307270	774476
5681	307328	774434
5682	307388	774393
5683	307439	774333
5684	307491	774273
5685	307543	774214
5686	307600	774166
5687	307650	774102
5688	307708	774057
5689	307759	773997
5690	307812	773940
5691	307866	773885
5692	307921	773833
5693	307971	773768
5694	308024	773711
5695	308075	773650
5696	308129	773594
5697	308182	773538
5698	308232	773474
5699	308283	773412
5700	308334	773350
5701	308384	773286
5702	308434	773222
5703	308493	773181
5704	308539	773106
5705	308592	773050
5706	308643	772987
5707	308700	772940
5708	308752	772881
5709	308808	772832
5710	308860	772773
5711	308914	772717
5712	308967	772662
5713	309021	772607
5714	309071	772543
5715	309122	772480
5716	309181	772441
5717	309237	772390
5718	309291	772336
5719	309345	772281
5720	309402	772235
5721	309453	772174
5722	309505	772114
5723	309559	772059
5724	309615	772011
5725	309666	771949
5726	309721	771897
5727	309775	771841
5728	309825	771777
5729	309872	771706
5730	309924	771648
5731	309981	771600
5732	310041	771560
5733	310093	771502
5734	310145	771444
5735	310196	771381
5736	310249	771324
5737	310297	771255
5738	310350	771197
5739	310402	771140
5740	310454	771079
5741	310510	771030
5742	310563	770974
5743	310617	770920
5744	310670	770863
5745	310720	770799
5746	310776	770748
5747	310830	770695
5748	310889	770654
5749	310948	770612
5750	311000	770551
5751	311055	770501
5752	311105	770436
5753	311156	770373
5754	311206	770310
5755	311279	770303
5756	311342	770271
5757	311392	770206
5758	311440	770138
5759	311492	770077
5760	311543	770018
5761	311597	769961
5762	311652	769912
5763	311706	769855
5764	311757	769795
5765	311807	769730
5766	311858	769668
5767	311908	769605
5768	311965	769559
5769	312019	769503
5770	312075	769454
5771	312129	769401
5772	312178	769333
5773	312229	769271
5774	312280	769210
5775	312333	769153
5776	312398	769126
5777	312459	769089
5778	312512	769033
5779	312578	769008
5780	312631	768950
5781	312678	768879
5782	312730	768819
5783	312782	768760
5784	312834	768703
5785	312882	768633
5786	312939	768585
5787	312990	768524
5788	313055	768497
5789	313106	768435
5790	313156	768370
5791	313202	768298
5792	313257	768245
5793	313320	768214
5794	313376	768165
5795	313431	768112
5796	313482	768050
5797	313528	767977
5798	313581	767919
5799	313639	767875
5800	313694	767823
5801	313745	767762
5802	313796	767700
5803	313853	767653
5804	313912	767611
5805	313964	767553
5806	314016	767494
5807	314074	767449
5808	314125	767388
5809	314183	767343
5810	314240	767295
5811	314293	767239
5812	314344	767177
5813	314396	767118
5814	314448	767060
5815	314504	767009
5816	314557	766953
5817	314610	766898
5818	314666	766847
5819	314718	766788
5820	314772	766732
5821	314829	766687
5822	314879	766623
5823	314930	766560
5824	314979	766495
5825	315036	766448
5826	315087	766386
5827	315137	766323
5828	315189	766263
5829	315243	766209
5830	315294	766146
5831	315346	766089
5832	315411	766061
5833	315464	766004
5834	315519	765952
5835	315569	765889
5836	315618	765821
5837	315670	765764
5838	315720	765698
5839	315770	765634
5840	315825	765582
5841	315876	765521
5842	315927	765461
5843	315979	765401
5844	316030	765339
5845	316084	765286
5846	316132	765215
5847	316196	765185
5848	316252	765136
5849	316301	765070
5850	316352	765009
5851	316413	764971
5852	316467	764917
5853	316520	764862
5854	316582	764826
5855	316635	764769
5856	316687	764710
5857	316736	764645
5858	316789	764587
5859	316841	764528
5860	316897	764478
5861	316952	764426
5862	317004	764368
5863	317056	764310
5864	317110	764254
5865	317162	764197
5866	317212	764132
5867	317262	764067
5868	317313	764006
5869	317367	763951
5870	317413	763880
5871	317467	763824
5872	317519	763765
5873	317580	763728
5874	317640	763688
5875	317686	763614
5876	317739	763558
5877	317788	763491
5878	317843	763440
5879	317907	763410
5880	317953	763337
5881	318004	763275
5882	318051	763204
5883	318103	763145
5884	318157	763090
5885	318211	763037
5886	318263	762978
5887	318314	762915
5888	318369	762866
5889	318424	762813
5890	318477	762756
5891	318535	762712
5892	318582	762642
5893	318633	762580
5894	318692	762537
5895	318740	762468
5896	318793	762412
5897	318846	762354
5898	318902	762305
5899	318954	762247
5900	319005	762186
5901	319069	762155
5902	319118	762089
5903	319177	762045
5904	319232	761994
5905	319284	761936
5906	319338	761883
5907	319391	761826
5908	319446	761774
5909	319502	761723
5910	319554	761665
5911	319603	761599
5912	319654	761537
5913	319707	761481
5914	319758	761419
5915	319810	761360
5916	319863	761303
5917	319914	761243
5918	319964	761179
5919	320021	761131
5920	320073	761073
5921	320124	761012
5922	320186	760975
5923	320233	760904
5924	320287	760851
5925	320344	760804
5926	320392	760736
5927	320447	760683
5928	320499	760625
5929	320552	760568
5930	320603	760506
5931	320657	760453
5932	320711	760399
5933	320771	760358
5934	320824	760302
5935	320873	760236
5936	320920	760167
5937	320972	760107
5938	321020	760038
5939	321072	759979
5940	321125	759923
5941	321186	759885
5942	321238	759826
5943	321297	759784
5944	321352	759732
5945	321406	759678
5946	321462	759628
5947	321517	759575
5948	321573	759527
5949	321627	759472
5950	321678	759411
5951	321727	759345
5952	321782	759295
5953	321833	759232
5954	321902	759215
5955	321950	759145
5956	321999	759080
5957	322054	759027
5958	322105	758966
5959	322153	758898
5960	322202	758831
5961	322260	758788
5962	322309	758722
5963	322362	758664
5964	322416	758610
5965	322474	758567
5966	322521	758496
5967	322573	758437
5968	322625	758379
5969	322676	758317
5970	322729	758259
5971	322780	758197
5972	322834	758145
5973	322891	758098
5974	322941	758035
5975	322994	757977
5976	323056	757942
5977	323118	757907
5978	323171	757849
5979	323224	757794
5980	323280	757743
5981	323328	757675
5982	323376	757607
5983	323432	757558
5984	323483	757498
5985	323535	757437
5986	323591	757390
5987	323643	757331
5988	323697	757275
5989	323749	757217
5990	323813	757186
5991	323865	757126
5992	323918	757071
5993	323972	757016
5994	324022	756953
5995	324075	756896
5996	324125	756833
5997	324176	756772
5998	324227	756710
5999	324276	756645
6000	324331	756593
6001	324383	756535
6002	324433	756470
6003	324488	756418
6004	324543	756367
6005	324596	756310
6006	324642	756237
6007	324692	756174
6008	324749	756127
6009	324804	756076
6010	324858	756022
6011	324912	755968
6012	324961	755902
6013	325015	755847
6014	325068	755791
6015	325125	755744
6016	325179	755689
6017	325232	755634
6018	325290	755587
6019	325341	755528
6020	325395	755472
6021	325446	755413
6022	325497	755352
6023	325551	755296
6024	325604	755240
6025	325654	755177
6026	325709	755125
6027	325759	755060
6028	325808	754995
6029	325858	754932
6030	325910	754873
6031	325963	754817
6032	326016	754760
6033	326067	754699
6034	326119	754640
6035	326170	754580
6036	326221	754519
6037	326274	754462
6038	326322	754393
6039	326372	754332
6040	326423	754269
6041	326477	754215
6042	326532	754163
6043	326584	754105
6044	326638	754050
6045	326692	753997
6046	326745	753941
6047	326797	753882
6048	326851	753829
6049	326901	753764
6050	326952	753704
6051	327013	753666
6052	327066	753609
6053	327117	753547
6054	327171	753494
6055	327226	753441
6056	327276	753378
6057	327329	753323
6058	327380	753262
6059	327433	753205
6060	327486	753148
6061	327533	753077
6062	327586	753021
6063	327640	752967
6064	327690	752905
6065	327753	752872
6066	327801	752803
6067	327852	752742
6068	327901	752676
6069	327954	752619
6070	328006	752562
6071	328060	752507
6072	328111	752445
6073	328161	752383
6074	328212	752321
6075	328269	752274
6076	328323	752222
6077	328381	752176
6078	328434	752118
6079	328483	752055
6080	328532	751989
6081	328588	751938
6082	328647	751897
6083	328698	751835
6084	328749	751775
6085	328803	751720
6086	328854	751659
6087	328903	751595
6088	328959	751545
6089	329013	751491
6090	329071	751444
6091	329125	751390
6092	329178	751334
6093	329232	751281
6094	329281	751216
6095	329333	751157
6096	329380	751087
6097	329431	751026
6098	329482	750964
6099	329530	750897
6100	329582	750838
6101	329635	750782
6102	329689	750727
6103	329741	750670
6104	329797	750621
6105	329850	750563
6106	329905	750510
6107	329958	750455
6108	330022	750424
6109	330071	750357
6110	330128	750311
6111	330185	750264
6112	330245	750224
6113	330298	750168
6114	330349	750106
6115	330400	750046
6116	330456	749995
6117	330512	749947
6118	330563	749884
6119	330618	749835
6120	330669	749774
6121	330743	749765
6122	330803	749724
6123	330859	749673
6124	330908	749608
6125	330960	749549
6126	331008	749483
6127	331060	749424
6128	331117	749377
6129	331169	749317
6130	331220	749256
6131	331291	749240
6132	331341	749179
6133	331391	749116
6134	331438	749045
6135	331486	748977
6136	331533	748907
6137	331583	748845
6138	331636	748788
6139	331685	748722
6140	331734	748657
6141	331788	748604
6142	331841	748548
6143	331892	748485
6144	331950	748441
6145	332013	748408
6146	332079	748380
6147	332157	748380
6148	332218	748343
6149	332273	748291
6150	332322	748224
6151	332376	748170
6152	332431	748119
6153	332486	748067
6154	332537	748006
6155	332591	747953
6156	332645	747897
6157	332696	747838
6158	332755	747793
6159	332807	747735
6160	332858	747676
6161	332906	747608
6162	332965	747566
6163	333023	747521
6164	333074	747460
6165	333134	747418
6166	333188	747363
6167	333237	747299
6168	333294	747251
6169	333342	747185
6170	333397	747133
6171	333452	747080
6172	333509	747032
6173	333564	746982
6174	333618	746926
6175	333670	746867
6176	333720	746805
6177	333776	746754
6178	333829	746698
6179	333877	746631
6180	333931	746578
6181	333984	746522
6182	334036	746462
6183	334092	746412
6184	334159	746388
6185	334230	746373
6186	334282	746313
6187	334339	746265
6188	334389	746203
6189	334444	746151
6190	334495	746091
6191	334547	746031
6192	334598	745971
6193	334649	745911
6194	334702	745854
6195	334756	745801
6196	334808	745741
6197	334858	745679
6198	334921	745644
6199	334984	745611
6200	335054	745591
6201	335117	745557
6202	335178	745518
6203	335240	745484
6204	335310	745465
6205	335377	745438
6206	335438	745400
6207	335490	745342
6208	335540	745280
6209	335595	745226
6210	335649	745173
6211	335703	745119
6212	335758	745066
6213	335807	745002
6214	335860	744945
6215	335916	744896
6216	335973	744848
6217	336029	744797
6218	336084	744746
6219	336132	744680
6220	336185	744622
6221	336246	744583
6222	336297	744524
6223	336352	744471
6224	336417	744441
6225	336470	744385
6226	336522	744328
6227	336575	744269
6228	336627	744213
6229	336678	744150
6230	336731	744095
6231	336784	744039
6232	336834	743974
6233	336891	743927
6234	336942	743867
6235	336995	743810
6236	337051	743760
6237	337109	743715
6238	337154	743641
6239	337207	743584
6240	337260	743528
6241	337312	743471
6242	337366	743416
6243	337418	743357
6244	337473	743307
6245	337530	743258
6246	337582	743199
6247	337631	743135
6248	337693	743097
6249	337748	743046
6250	337798	742983
6251	337848	742921
6252	337903	742869
6253	337966	742835
6254	338027	742796
6255	338091	742764
6256	338156	742734
6257	338211	742682
6258	338267	742631
6259	338322	742579
6260	338378	742529
6261	338441	742496
6262	338495	742441
6263	338553	742395
6264	338609	742347
6265	338663	742293
6266	338715	742233
6267	338777	742197
6268	338845	742173
6269	338904	742131
6270	338962	742085
6271	339017	742032
6272	339081	742001
6273	339131	741938
6274	339189	741891
6275	339246	741844
6276	339309	741811
6277	339374	741779
6278	339428	741726
6279	339485	741677
6280	339539	741623
6281	339593	741569
6282	339652	741527
6283	339705	741469
6284	339761	741420
6285	339819	741375
6286	339872	741318
6287	339926	741263
6288	339979	741207
6289	340031	741149
6290	340083	741091
6291	340141	741045
6292	340195	740991
6293	340250	740939
6294	340303	740883
6295	340362	740839
6296	340417	740787
6297	340484	740762
6298	340541	740714
6299	340598	740666
6300	340653	740614
6301	340706	740559
6302	340760	740503
6303	340811	740442
6304	340868	740396
6305	340920	740336
6306	340975	740284
6307	341025	740222
6308	341081	740172
6309	341142	740133
6310	341204	740097
6311	341260	740045
6312	341316	739996
6313	341369	739939
6314	341422	739883
6315	341476	739829
6316	341529	739772
6317	341581	739714
6318	341632	739653
6319	341690	739608
6320	341745	739556
6321	341793	739489
6322	341844	739428
6323	341896	739370
6324	341948	739311
6325	342005	739263
6326	342056	739204
6327	342115	739160
6328	342169	739105
6329	342222	739049
6330	342277	738996
6331	342345	738973
6332	342399	738919
6333	342453	738863
6334	342501	738797
6335	342554	738742
6336	342603	738676
6337	342653	738614
6338	342707	738558
6339	342763	738508
6340	342817	738455
6341	342866	738390
6342	342919	738333
6343	342976	738285
6344	343032	738235
6345	343080	738170
6346	343141	738129
6347	343192	738068
6348	343245	738012
6349	343299	737958
6350	343363	737926
6351	343407	737851
6352	343455	737783
6353	343508	737727
6354	343559	737665
6355	343609	737602
6356	343663	737549
6357	343714	737488
6358	343769	737436
6359	343820	737375
6360	343876	737326
6361	343932	737275
6362	343986	737221
6363	344038	737164
6364	344100	737125
6365	344151	737066
6366	344205	737012
6367	344259	736957
6368	344312	736902
6369	344363	736840
6370	344417	736787
6371	344469	736728
6372	344522	736671
6373	344577	736618
6374	344634	736571
6375	344688	736517
6376	344745	736469
6377	344802	736421
6378	344859	736373
6379	344914	736322
6380	344978	736288
6381	345028	736225
6382	345074	736156
6383	345128	736100
6384	345180	736042
6385	345233	735987
6386	345289	735936
6387	345339	735873
6388	345396	735826
6389	345454	735780
6390	345507	735724
6391	345562	735672
6392	345617	735619
6393	345667	735557
6394	345723	735506
6395	345779	735456
6396	345843	735424
6397	345910	735397
6398	345963	735342
6399	346013	735278
6400	346064	735218
6401	346115	735158
6402	346167	735098
6403	346223	735050
6404	346272	734984
6405	346329	734935
6406	346381	734878
6407	346436	734826
6408	346492	734776
6409	346545	734718
6410	346598	734663
6411	346651	734607
6412	346697	734536
6413	346753	734486
6414	346802	734421
6415	346856	734367
6416	346908	734307
6417	346958	734246
6418	347008	734183
6419	347057	734118
6420	347116	734075
6421	347168	734017
6422	347220	733957
6423	347272	733899
6424	347324	733841
6425	347380	733792
6426	347441	733751
6427	347494	733696
6428	347550	733646
6429	347598	733578
6430	347645	733509
6431	347695	733447
6432	347744	733381
6433	347796	733324
6434	347851	733272
6435	347905	733217
6436	347959	733162
6437	348010	733103
6438	348061	733043
6439	348110	732977
6440	348163	732920
6441	348212	732857
6442	348263	732797
6443	348314	732736
6444	348368	732681
6445	348420	732624
6446	348472	732565
6447	348520	732499
6448	348573	732441
6449	348623	732380
6450	348674	732319
6451	348727	732262
6452	348776	732198
6453	348829	732141
6454	348885	732092
6455	348936	732032
6456	348996	731990
6457	349047	731928
6458	349101	731876
6459	349160	731831
6460	349215	731779
6461	349265	731716
6462	349318	731661
6463	349370	731602
6464	349426	731552
6465	349478	731494
6466	349533	731441
6467	349589	731391
6468	349638	731327
6469	349688	731264
6470	349737	731201
6471	349800	731164
6472	349855	731113
6473	349910	731060
6474	349959	730996
6475	350011	730938
6476	350067	730887
6477	350123	730838
6478	350183	730796
6479	350236	730739
6480	350290	730685
6481	350339	730622
6482	350388	730556
6483	350436	730490
6484	350488	730431
6485	350537	730367
6486	350586	730302
6487	350638	730244
6488	350688	730183
6489	350742	730128
6490	350795	730072
6491	350846	730010
6492	350899	729954
6493	350963	729922
6494	351020	729874
6495	351074	729820
6496	351129	729767
6497	351184	729715
6498	351238	729662
6499	351292	729607
6500	351344	729549
6501	351395	729489
6502	351450	729436
6503	351504	729382
6504	351554	729320
6505	351600	729249
6506	351651	729189
6507	351705	729134
6508	351758	729078
6509	351810	729020
6510	351877	728993
6511	351926	728929
6512	351977	728868
6513	352031	728815
6514	352083	728756
6515	352135	728698
6516	352190	728646
6517	352245	728593
6518	352299	728539
6519	352348	728474
6520	352394	728405
6521	352445	728343
6522	352493	728278
6523	352547	728222
6524	352598	728163
6525	352645	728094
6526	352698	728037
6527	352748	727976
6528	352802	727922
6529	352856	727868
6530	352904	727801
6531	352956	727743
6532	353013	727695
6533	353068	727642
6534	353125	727594
6535	353176	727535
6536	353230	727480
6537	353279	727415
6538	353327	727350
6539	353385	727303
6540	353440	727252
6541	353497	727204
6542	353553	727154
6543	353604	727093
6544	353654	727031
6545	353713	726986
6546	353772	726944
6547	353821	726879
6548	353876	726828
6549	353926	726765
6550	353975	726701
6551	354026	726640
6552	354091	726609
6553	354137	726537
6554	354190	726481
6555	354242	726424
6556	354295	726368
6557	354347	726310
6558	354397	726246
6559	354448	726186
6560	354501	726130
6561	354551	726069
6562	354606	726016
6563	354659	725960
6564	354710	725899
6565	354758	725834
6566	354813	725781
6567	354874	725741
6568	354928	725688
6569	354980	725629
6570	355035	725578
6571	355090	725525
6572	355139	725461
6573	355190	725401
6574	355245	725349
6575	355307	725310
6576	355357	725248
6577	355408	725188
6578	355461	725132
6579	355515	725079
6580	355571	725029
6581	355623	724970
6582	355676	724915
6583	355730	724859
6584	355781	724800
6585	355828	724732
6586	355885	724683
6587	355939	724629
6588	355991	724570
6589	356046	724518
6590	356103	724471
6591	356156	724414
6592	356210	724360
6593	356261	724301
6594	356313	724243
6595	356362	724179
6596	356416	724125
6597	356462	724053
6598	356514	723995
6599	356570	723946
6600	356623	723889
6601	356675	723831
6602	356730	723780
6603	356782	723722
6604	356833	723661
6605	356882	723597
6606	356933	723537
6607	356995	723499
6608	357057	723460
6609	357110	723405
6610	357168	723360
6611	357220	723300
6612	357269	723236
6613	357324	723184
6614	357379	723131
6615	357430	723073
6616	357482	723015
6617	357535	722957
6618	357588	722903
6619	357642	722848
6620	357698	722798
6621	357749	722738
6622	357801	722679
6623	357858	722633
6624	357918	722590
6625	357968	722528
6626	358020	722469
6627	358073	722413
6628	358126	722357
6629	358180	722304
6630	358229	722239
6631	358282	722182
6632	358332	722121
6633	358386	722067
6634	358443	722019
6635	358494	721958
6636	358551	721911
6637	358604	721854
6638	358657	721798
6639	358712	721746
6640	358759	721679
6641	358810	721617
6642	358861	721557
6643	358911	721496
6644	358962	721435
6645	359011	721373
6646	359066	721320
6647	359123	721271
6648	359173	721209
6649	359227	721155
6650	359279	721097
6651	359334	721046
6652	359385	720984
6653	359440	720934
6654	359489	720868
6655	359543	720816
6656	359609	720786
6657	359660	720725
6658	359727	720697
6659	359776	720634
6660	359828	720575
6661	359876	720508
6662	359929	720453
6663	359982	720397
6664	360036	720343
6665	360083	720274
6666	360135	720217
6667	360187	720159
6668	360242	720106
6669	360297	720054
6670	360354	720007
6671	360408	719953
6672	360462	719898
6673	360519	719850
6674	360568	719786
6675	360626	719740
6676	360679	719683
6677	360732	719628
6678	360786	719574
6679	360835	719510
6680	360887	719451
6681	360937	719390
6682	360987	719327
6683	361040	719271
6684	361088	719206
6685	361142	719152
6686	361206	719118
6687	361261	719066
6688	361308	718998
6689	361358	718936
6690	361407	718871
6691	361464	718824
6692	361531	718796
6693	361590	718751
6694	361646	718701
6695	361700	718648
6696	361751	718587
6697	361805	718532
6698	361852	718464
6699	361903	718405
6700	361956	718348
6701	362009	718292
6702	362061	718235
6703	362116	718182
6704	362168	718126
6705	362220	718067
6706	362273	718010
6707	362323	717948
6708	362373	717887
6709	362421	717821
6710	362474	717765
6711	362528	717711
6712	362586	717666
6713	362640	717611
6714	362686	717541
6715	362739	717485
6716	362791	717427
6717	362846	717375
6718	362898	717316
6719	362952	717262
6720	363000	717197
6721	363059	717153
6722	363113	717099
6723	363164	717040
6724	363214	716978
6725	363268	716922
6726	363321	716868
6727	363374	716810
6728	363423	716746
6729	363471	716682
6730	363524	716624
6731	363581	716576
6732	363632	716518
6733	363688	716466
6734	363743	716415
6735	363794	716355
6736	363848	716302
6737	363901	716245
6738	363949	716179
6739	364002	716124
6740	364056	716070
6741	364109	716014
6742	364160	715952
6743	364210	715891
6744	364262	715833
6745	364317	715781
6746	364366	715717
6747	364417	715658
6748	364469	715600
6749	364519	715537
6750	364574	715486
6751	364627	715430
6752	364682	715378
6753	364735	715322
6754	364809	715306
6755	364857	715241
6756	364910	715186
6757	364961	715124
6758	365011	715063
6759	365066	715011
6760	365116	714949
6761	365164	714884
6762	365223	714839
6763	365271	714775
6764	365327	714724
6765	365382	714673
6766	365438	714622
6767	365497	714577
6768	365552	714525
6769	365606	714471
6770	365664	714425
6771	365717	714370
6772	365776	714326
6773	365827	714266
6774	365880	714209
6775	365933	714153
6776	365983	714091
6777	366033	714029
6778	366087	713976
6779	366135	713910
6780	366188	713854
6781	366238	713792
6782	366285	713725
6783	366340	713672
6784	366388	713606
6785	366440	713548
6786	366491	713489
6787	366544	713433
6788	366602	713387
6789	366652	713325
6790	366707	713273
6791	366759	713216
6792	366816	713166
6793	366870	713112
6794	366925	713061
6795	366980	713008
6796	367033	712953
6797	367085	712895
6798	367141	712845
6799	367199	712799
6800	367255	712749
6801	367308	712692
6802	367360	712634
6803	367409	712570
6804	367462	712515
6805	367522	712473
6806	367574	712414
6807	367627	712358
6808	367678	712298
6809	367729	712238
6810	367784	712186
6811	367841	712138
6812	367898	712090
6813	367958	712048
6814	368010	711991
6815	368063	711934
6816	368117	711880
6817	368171	711827
6818	368223	711769
6819	368282	711725
6820	368332	711663
6821	368380	711597
6822	368436	711548
6823	368490	711492
6824	368544	711439
6825	368601	711391
6826	368656	711338
6827	368706	711277
6828	368760	711223
6829	368817	711175
6830	368870	711118
6831	368924	711064
6832	368980	711015
6833	369033	710959
6834	369087	710905
6835	369145	710857
6836	369199	710805
6837	369267	710778
6838	369320	710721
6839	369372	710664
6840	369426	710609
6841	369479	710554
6842	369532	710498
6843	369586	710443
6844	369638	710386
6845	369692	710333
6846	369739	710265
6847	369788	710201
6848	369853	710168
6849	369903	710106
6850	369960	710057
6851	370015	710005
6852	370069	709952
6853	370119	709891
6854	370172	709835
6855	370239	709805
6856	370291	709748
6857	370340	709684
6858	370400	709642
6859	370455	709589
6860	370507	709531
6861	370554	709463
6862	370603	709400
6863	370656	709345
6864	370714	709299
6865	370764	709236
6866	370824	709194
6867	370870	709125
6868	370926	709074
6869	370975	709012
6870	371039	708976
6871	371096	708928
6872	371144	708862
6873	371196	708804
6874	371247	708745
6875	371300	708690
6876	371360	708645
6877	371423	708609
6878	371482	708564
6879	371539	708516
6880	371590	708456
6881	371643	708401
6882	371695	708343
6883	371746	708284
6884	371794	708218
6885	371841	708151
6886	371897	708101
6887	371952	708049
6888	372004	707990
6889	372057	707935
6890	372108	707875
6891	372162	707821
6892	372215	707765
6893	372269	707711
6894	372318	707648
6895	372367	707585
6896	372422	707531
6897	372471	707469
6898	372533	707430
6899	372593	707388
6900	372642	707324
6901	372698	707274
6902	372748	707212
6903	372800	707155
6904	372854	707100
6905	372903	707037
6906	372957	706983
6907	373011	706929
6908	373063	706872
6909	373111	706806
6910	373163	706749
6911	373217	706695
6912	373269	706636
6913	373325	706586
6914	373377	706529
6915	373434	706480
6916	373488	706427
6917	373547	706380
6918	373599	706324
6919	373648	706261
6920	373701	706204
6921	373758	706155
6922	373807	706093
6923	373857	706030
6924	373909	705973
6925	373965	705924
6926	374018	705868
6927	374067	705804
6928	374118	705743
6929	374191	705725
6930	374242	705666
6931	374289	705600
6932	374338	705536
6933	374391	705480
6934	374448	705432
6935	374493	705361
6936	374551	705313
6937	374603	705256
6938	374647	705184
6939	374701	705129
6940	374750	705066
6941	374803	705010
6942	374854	704951
6943	374907	704894
6944	374956	704831
6945	375010	704777
6946	375062	704720
6947	375118	704670
6948	375168	704609
6949	375217	704544
6950	375267	704482
6951	375316	704420
6952	375369	704364
6953	375423	704310
6954	375474	704250
6955	375533	704206
6956	375584	704146
6957	375635	704087
6958	375687	704028
6959	375738	703970
6960	375790	703912
6961	375845	703860
6962	375898	703805
6963	375948	703743
6964	376001	703686
6965	376055	703633
6966	376107	703575
6967	376158	703516
6968	376213	703464
6969	376266	703407
6970	376317	703347
6971	376371	703294
6972	376429	703248
6973	376480	703189
6974	376535	703135
6975	376584	703072
6976	376645	703032
6977	376709	702995
6978	376757	702931
6979	376832	702915
6980	376878	702847
6981	376926	702782
6982	376970	702710
6983	377022	702652
6984	377076	702599
6985	377130	702545
6986	377183	702489
6987	377235	702431
6988	377292	702382
6989	377345	702327
6990	377397	702269
6991	377447	702208
6992	377509	702169
6993	377563	702114
6994	377613	702053
6995	377668	702001
6996	377722	701946
6997	377776	701894
6998	377824	701827
6999	377876	701770
7000	377925	701707
7001	377977	701649
7002	378032	701597
7003	378087	701546
7004	378141	701491
7005	378189	701427
7006	378248	701381
7007	378300	701324
7008	378353	701268
7009	378400	701201
7010	378456	701152
7011	378508	701094
7012	378562	701039
7013	378615	700984
7014	378665	700921
7015	378721	700871
7016	378778	700824
7017	378830	700766
7018	378881	700706
7019	378928	700639
7020	378980	700582
7021	379037	700534
7022	379087	700472
7023	379143	700421
7024	379202	700377
7025	379259	700328
7026	379311	700271
7027	379368	700223
7028	379421	700167
7029	379480	700122
7030	379530	700060
7031	379580	700000
7032	379634	699946
7033	379686	699887
7034	379734	699823
7035	379789	699770
7036	379842	699715
7037	379892	699654
7038	379947	699602
7039	379999	699544
7040	380051	699486
7041	380103	699428
7042	380158	699377
7043	380210	699319
7044	380261	699259
7045	380323	699220
7046	380376	699164
7047	380423	699098
7048	380476	699042
7049	380525	698978
7050	380577	698921
7051	380635	698875
7052	380687	698818
7053	380740	698761
7054	380812	698741
7055	380865	698684
7056	380915	698624
7057	380973	698576
7058	381022	698514
7059	381082	698471
7060	381146	698435
7061	381198	698378
7062	381249	698319
7063	381299	698258
7064	381348	698193
7065	381402	698140
7066	381453	698081
7067	381512	698036
7068	381567	697984
7069	381615	697919
7070	381666	697859
7071	381721	697806
7072	381773	697749
7073	381826	697695
7074	381877	697634
7075	381935	697587
7076	381988	697531
7077	382040	697474
7078	382098	697427
7079	382153	697377
7080	382209	697326
7081	382262	697269
7082	382314	697212
7083	382367	697157
7084	382420	697100
7085	382475	697048
7086	382526	696989
7087	382574	696924
7088	382627	696868
7089	382680	696813
7090	382728	696747
7091	382785	696699
7092	382838	696643
7093	382891	696587
7094	382938	696522
7095	382991	696466
7096	383046	696414
7097	383098	696356
7098	383151	696300
7099	383200	696236
7100	383251	696177
7101	383300	696114
7102	383350	696053
7103	383400	695993
7104	383454	695939
7105	383501	695872
7106	383548	695805
7107	383599	695745
7108	383645	695678
7109	383698	695621
7110	383751	695566
7111	383799	695502
7112	383852	695445
7113	383907	695393
7114	383960	695338
7115	384010	695276
7116	384064	695222
7117	384116	695165
7118	384175	695120
7119	384227	695063
7120	384276	694999
7121	384329	694944
7122	384382	694889
7123	384436	694834
7124	384488	694777
7125	384543	694725
7126	384594	694666
7127	384644	694605
7128	384697	694548
7129	384749	694490
7130	384804	694439
7131	384861	694391
7132	384913	694332
7133	384969	694284
7134	385022	694228
7135	385076	694173
7136	385125	694111
7137	385180	694058
7138	385232	694001
7139	385290	693954
7140	385351	693913
7141	385399	693848
7142	385452	693793
7143	385505	693737
7144	385557	693679
7145	385611	693626
7146	385662	693566
7147	385714	693508
7148	385767	693452
7149	385822	693400
7150	385876	693347
7151	385924	693283
7152	385977	693227
7153	386034	693178
7154	386089	693126
7155	386139	693064
7156	386186	692999
7157	386238	692940
7158	386294	692890
7159	386348	692836
7160	386400	692779
7161	386453	692724
7162	386503	692663
7163	386556	692607
7164	386608	692549
7165	386660	692492
7166	386711	692432
7167	386761	692372
7168	386816	692320
7169	386865	692257
7170	386916	692198
7171	386965	692135
7172	387018	692079
7173	387072	692025
7174	387124	691969
7175	387176	691910
7176	387226	691848
7177	387288	691809
7178	387348	691766
7179	387399	691708
7180	387454	691655
7181	387508	691601
7182	387559	691542
7183	387613	691489
7184	387666	691433
7185	387723	691383
7186	387774	691324
7187	387822	691259
7188	387876	691207
7189	387930	691153
7190	387981	691094
7191	388034	691037
7192	388090	690988
7193	388144	690934
7194	388200	690883
7195	388263	690846
7196	388315	690787
7197	388362	690722
7198	388409	690656
7199	388464	690602
7200	388526	690563
7201	388580	690509
7202	388633	690454
7203	388685	690396
7204	388737	690339
7205	388788	690281
7206	388841	690225
7207	388910	690198
7208	388964	690144
7209	389025	690102
7210	389087	690062
7211	389151	690026
7212	389204	689970
7213	389253	689908
7214	389305	689850
7215	389357	689793
7216	389411	689739
7217	389463	689680
7218	389516	689625
7219	389569	689570
7220	389620	689511
7221	389677	689462
7222	389727	689400
7223	389784	689352
7224	389839	689301
7225	389888	689237
7226	389945	689190
7227	390002	689141
7228	390058	689091
7229	390111	689034
7230	390177	689001
7231	390225	688937
7232	390276	688878
7233	390325	688815
7234	390373	688751
7235	390427	688697
7236	390483	688647
7237	390535	688590
7238	390585	688529
7239	390642	688480
7240	390693	688421
7241	390749	688370
7242	390808	688325
7243	390858	688264
7244	390910	688207
7245	390964	688153
7246	391024	688110
7247	391078	688056
7248	391129	687998
7249	391187	687950
7250	391239	687893
7251	391288	687831
7252	391340	687773
7253	391391	687714
7254	391443	687657
7255	391497	687602
7256	391550	687547
7257	391605	687494
7258	391655	687433
7259	391709	687379
7260	391763	687326
7261	391811	687262
7262	391861	687201
7263	391915	687146
7264	391968	687091
7265	392022	687036
7266	392073	686978
7267	392128	686926
7268	392186	686879
7269	392242	686828
7270	392292	686768
7271	392345	686712
7272	392400	686660
7273	392464	686623
7274	392517	686568
7275	392570	686513
7276	392626	686462
7277	392676	686401
7278	392728	686344
7279	392780	686287
7280	392835	686234
7281	392888	686178
7282	392943	686127
7283	392997	686073
7284	393051	686018
7285	393104	685963
7286	393158	685908
7287	393212	685855
7288	393265	685800
7289	393321	685750
7290	393388	685719
7291	393439	685660
7292	393491	685601
7293	393545	685548
7294	393600	685496
7295	393654	685441
7296	393707	685386
7297	393762	685334
7298	393812	685274
7299	393871	685227
7300	393926	685175
7301	393978	685118
7302	394026	685054
7303	394080	685000
7304	394131	684941
7305	394196	684907
7306	394248	684850
7307	394304	684798
7308	394360	684748
7309	394416	684698
7310	394466	684637
7311	394519	684581
7312	394567	684516
7313	394623	684466
7314	394686	684429
7315	394744	684381
7316	394796	684324
7317	394849	684269
7318	394896	684203
7319	394951	684151
7320	395005	684097
7321	395052	684030
7322	395107	683978
7323	395155	683915
7324	395208	683859
7325	395263	683807
7326	395310	683741
7327	395364	683686
7328	395418	683633
7329	395468	683572
7330	395521	683516
7331	395572	683456
7332	395623	683398
7333	395673	683337
7334	395726	683282
7335	395782	683231
7336	395833	683173
7337	395887	683119
7338	395940	683063
7339	395994	683009
7340	396047	682954
7341	396099	682896
7342	396153	682842
7343	396209	682792
7344	396260	682733
7345	396315	682681
7346	396368	682624
7347	396424	682574
7348	396476	682517
7349	396525	682456
7350	396580	682402
7351	396630	682342
7352	396679	682280
7353	396729	682219
7354	396779	682158
7355	396827	682094
7356	396876	682032
7357	396931	681979
7358	396984	681924
7359	397038	681870
7360	397099	681828
7361	397151	681772
7362	397200	681709
7363	397251	681650
7364	397305	681595
7365	397356	681537
7366	397407	681477
7367	397461	681424
7368	397512	681364
7369	397563	681306
7370	397618	681254
7371	397671	681197
7372	397724	681142
7373	397782	681095
7374	397836	681041
7375	397896	680999
7376	397949	680942
7377	398003	680889
7378	398056	680833
7379	398107	680774
7380	398160	680719
7381	398213	680664
7382	398264	680605
7383	398313	680542
7384	398370	680493
7385	398419	680430
7386	398470	680372
7387	398521	680313
7388	398576	680260
7389	398631	680209
7390	398686	680156
7391	398735	680095
7392	398790	680041
7393	398838	679977
7394	398895	679929
7395	398949	679875
7396	398998	679813
7397	399047	679751
7398	399101	679696
7399	399157	679647
7400	399209	679589
7401	399258	679526
7402	399312	679473
7403	399364	679416
7404	399413	679353
7405	399472	679308
7406	399527	679255
7407	399578	679196
7408	399627	679134
7409	399677	679073
7410	399733	679024
7411	399780	678958
7412	399837	678908
7413	399889	678851
7414	399948	678807
7415	400009	678764
7416	400056	678699
7417	400111	678647
7418	400163	678589
7419	400216	678533
7420	400274	678486
7421	400327	678431
7422	400378	678371
7423	400432	678318
7424	400488	678269
7425	400542	678214
7426	400596	678161
7427	400647	678102
7428	400701	678048
7429	400754	677992
7430	400806	677935
7431	400864	677888
7432	400913	677826
7433	400970	677776
7434	401021	677717
7435	401074	677662
7436	401122	677598
7437	401171	677536
7438	401221	677476
7439	401269	677411
7440	401321	677354
7441	401374	677299
7442	401427	677243
7443	401476	677181
7444	401524	677117
7445	401574	677057
7446	401629	677004
7447	401680	676946
7448	401725	676877
7449	401785	676832
7450	401841	676782
7451	401893	676725
7452	401946	676669
7453	402001	676618
7454	402060	676573
7455	402113	676517
7456	402163	676456
7457	402216	676400
7458	402267	676341
7459	402320	676286
7460	402371	676228
7461	402428	676178
7462	402479	676120
7463	402530	676062
7464	402585	676009
7465	402636	675951
7466	402684	675887
7467	402739	675835
7468	402792	675778
7469	402845	675723
7470	402893	675659
7471	402947	675605
7472	402997	675545
7473	403046	675482
7474	403105	675437
7475	403159	675383
7476	403208	675321
7477	403262	675268
7478	403315	675212
7479	403367	675155
7480	403428	675113
7481	403490	675072
7482	403539	675010
7483	403588	674948
7484	403637	674887
7485	403691	674833
7486	403746	674780
7487	403801	674727
7488	403854	674673
7489	403907	674617
7490	403959	674559
7491	404013	674505
7492	404074	674464
7493	404127	674409
7494	404180	674352
7495	404234	674300
7496	404288	674245
7497	404339	674187
7498	404389	674126
7499	404441	674069
7500	404496	674017
7501	404551	673965
7502	404599	673900
7503	404652	673846
7504	404706	673791
7505	404761	673739
7506	404816	673687
7507	404875	673641
7508	404932	673593
7509	404984	673535
7510	405034	673474
7511	405090	673425
7512	405141	673366
7513	405192	673307
7514	405239	673242
7515	405288	673179
7516	405337	673117
7517	405390	673062
7518	405443	673007
7519	405495	672949
7520	405546	672891
7521	405601	672838
7522	405660	672794
7523	405713	672738
7524	405769	672687
7525	405821	672630
7526	405888	672598
7527	405953	672562
7528	406002	672500
7529	406051	672439
7530	406102	672380
7531	406154	672322
7532	406208	672269
7533	406270	672228
7534	406317	672162
7535	406370	672107
7536	406421	672049
7537	406477	671998
7538	406529	671941
7539	406584	671888
7540	406640	671838
7541	406697	671789
7542	406751	671735
7543	406805	671682
7544	406857	671625
7545	406909	671567
7546	406962	671512
7547	407017	671460
7548	407069	671402
7549	407115	671336
7550	407167	671278
7551	407216	671216
7552	407263	671152
7553	407318	671098
7554	407374	671048
7555	407424	670989
7556	407476	670932
7557	407532	670881
7558	407606	670859
7559	407653	670794
7560	407704	670735
7561	407751	670670
7562	407801	670611
7563	407850	670548
7564	407906	670498
7565	407956	670436
7566	408012	670386
7567	408063	670328
7568	408115	670272
7569	408172	670222
7570	408218	670156
7571	408268	670095
7572	408322	670041
7573	408373	669982
7574	408430	669934
7575	408485	669882
7576	408537	669824
7577	408590	669768
7578	408645	669717
7579	408702	669668
7580	408753	669609
7581	408805	669552
7582	408857	669496
7583	408922	669458
7584	408971	669397
7585	409021	669337
7586	409078	669288
7587	409130	669231
7588	409182	669173
7589	409245	669135
7590	409302	669086
7591	409360	669039
7592	409412	668982
7593	409463	668924
7594	409513	668863
7595	409568	668811
7596	409620	668754
7597	409676	668702
7598	409729	668648
7599	409790	668604
7600	409847	668556
7601	409904	668507
7602	409955	668448
7603	410007	668391
7604	410061	668338
7605	410115	668285
7606	410164	668222
7607	410250	668220
7608	410297	668155
7609	410347	668095
7610	410395	668032
7611	410447	667974
7612	410499	667918
7613	410550	667858
7614	410606	667808
7615	410663	667759
7616	410717	667705
7617	410781	667668
7618	410835	667615
7619	410893	667566
7620	410950	667518
7621	411006	667467
7622	411054	667403
7623	411106	667346
7624	411163	667298
7625	411217	667244
7626	411270	667188
7627	411322	667132
7628	411381	667086
7629	411433	667028
7630	411487	666975
7631	411545	666927
7632	411601	666877
7633	411653	666820
7634	411707	666766
7635	411768	666724
7636	411823	666671
7637	411878	666620
7638	411933	666567
7639	411987	666514
7640	412039	666456
7641	412089	666396
7642	412152	666357
7643	412206	666302
7644	412254	666239
7645	412307	666184
7646	412361	666130
7647	412412	666072
7648	412465	666017
7649	412519	665962
7650	412570	665903
7651	412619	665842
7652	412674	665789
7653	412729	665738
7654	412782	665682
7655	412838	665631
7656	412890	665575
7657	412944	665521
7658	412992	665457
7659	413045	665402
7660	413097	665345
7661	413150	665290
7662	413199	665227
7663	413252	665172
7664	413304	665115
7665	413357	665059
7666	413403	664993
7667	413457	664940
7668	413511	664885
7669	413567	664835
7670	413621	664782
7671	413676	664729
7672	413727	664670
7673	413782	664618
7674	413832	664558
7675	413887	664505
7676	413940	664451
7677	413990	664391
7678	414042	664333
7679	414088	664267
7680	414143	664214
7681	414193	664154
7682	414242	664092
7683	414302	664048
7684	414351	663987
7685	414406	663934
7686	414458	663877
7687	414509	663818
7688	414565	663767
7689	414620	663715
7690	414670	663656
7691	414724	663601
7692	414774	663542
7693	414829	663489
7694	414886	663440
7695	414941	663388
7696	414994	663332
7697	415045	663274
7698	415099	663220
7699	415153	663166
7700	415203	663107
7701	415257	663052
7702	415312	663001
7703	415363	662942
7704	415412	662880
7705	415465	662825
7706	415524	662780
7707	415576	662722
7708	415627	662664
7709	415682	662612
7710	415733	662554
7711	415788	662501
7712	415840	662444
7713	415893	662389
7714	415942	662327
7715	415990	662263
7716	416043	662208
7717	416099	662157
7718	416152	662101
7719	416202	662041
7720	416265	662002
7721	416319	661949
7722	416373	661895
7723	416421	661831
7724	416474	661776
7725	416532	661728
7726	416588	661678
7727	416647	661632
7728	416700	661576
7729	416755	661525
7730	416810	661473
7731	416887	661455
7732	416935	661392
7733	416985	661331
7734	417032	661267
7735	417085	661211
7736	417135	661151
7737	417182	661087
7738	417241	661041
7739	417293	660984
7740	417348	660931
7741	417398	660871
7742	417450	660814
7743	417504	660761
7744	417556	660704
7745	417609	660649
7746	417661	660591
7747	417716	660539
7748	417768	660482
7749	417831	660443
7750	417903	660418
7751	417979	660398
7752	418046	660364
7753	418112	660330
7754	418177	660294
7755	418234	660245
7756	418290	660195
7757	418354	660157
7758	418418	660119
7759	418485	660085
7760	418552	660051
7761	418623	660024
7762	418677	659971
7763	418729	659914
7764	418783	659860
7765	418837	659806
7766	418890	659751
7767	418944	659696
7768	419001	659648
7769	419065	659610
7770	419115	659550
7771	419171	659498
7772	419223	659442
7773	419275	659385
7774	419327	659328
7775	419378	659270
7776	419430	659213
7777	419486	659162
7778	419550	659124
7779	419604	659070
7780	419657	659014
7781	419710	658958
7782	419789	658944
7783	419865	658925
7784	419924	658880
7785	419987	658840
7786	420046	658793
7787	420103	658745
7788	420157	658690
7789	420216	658644
7790	420279	658604
7791	420337	658558
7792	420395	658510
7793	420453	658462
7794	420511	658414
7795	420566	658362
7796	420625	658317
7797	420681	658265
7798	420732	658206
7799	420791	658160
7800	420847	658110
7801	420912	658073
7802	420971	658027
7803	421022	657968
7804	421075	657914
7805	421128	657857
7806	421183	657806
7807	421236	657749
7808	421290	657696
7809	421348	657648
7810	421405	657599
7811	421457	657543
7812	421507	657482
7813	421562	657429
7814	421618	657380
7815	421676	657332
7816	421728	657274
7817	421783	657222
7818	421837	657168
7819	421889	657111
7820	421943	657057
7821	421995	657000
7822	422047	656944
7823	422098	656884
7824	422153	656832
7825	422208	656780
7826	422263	656729
7827	422315	656671
7828	422366	656613
7829	422433	656579
7830	422496	656539
7831	422565	656509
7832	422632	656474
7833	422699	656441
7834	422772	656417
7835	422839	656382
7836	422903	656344
7837	422970	656310
7838	423040	656281
7839	423113	656257
7840	423184	656230
7841	423268	656222
7842	423335	656189
7843	423404	656158
7844	423472	656125
7845	423541	656095
7846	423613	656068
7847	423683	656039
7848	423752	656009
7849	423876	656064
7850	423947	656035
7851	424013	656000
7852	424078	655963
7853	424149	655935
7854	424226	655917
7855	424296	655888
7856	424347	655830
7857	424402	655777
7858	424452	655716
7859	424502	655655
7860	424552	655595
7861	424600	655533
7862	424653	655478
7863	424705	655420
7864	424756	655361
7865	424809	655306
7866	424862	655249
7867	424917	655198
7868	424972	655146
7869	425025	655090
7870	425081	655038
7871	425135	654985
7872	425189	654930
7873	425245	654880
7874	425300	654827
7875	425354	654774
7876	425405	654714
7877	425457	654657
7878	425512	654605
7879	425565	654549
7880	425615	654490
7881	425668	654434
7882	425720	654377
7883	425776	654326
7884	425831	654273
7885	425881	654212
7886	425930	654151
7887	425982	654094
7888	426033	654035
7889	426085	653979
7890	426135	653918
7891	426192	653869
7892	426242	653810
7893	426302	653764
7894	426355	653708
7895	426407	653652
7896	426456	653590
7897	426508	653533
7898	426565	653484
7899	426620	653431
7900	426685	653394
7901	426737	653336
7902	426789	653280
7903	426844	653227
7904	426898	653173
7905	426954	653122
7906	427008	653068
7907	427058	653009
7908	427109	652949
7909	427166	652900
7910	427215	652838
7911	427264	652777
7912	427320	652726
7913	427376	652675
7914	427430	652621
7915	427486	652570
7916	427554	652538
7917	427603	652476
7918	427658	652423
7919	427711	652367
7920	427763	652311
7921	427816	652255
7922	427865	652194
7923	427916	652134
7924	427967	652077
7925	428028	652032
7926	428083	651980
7927	428137	651927
7928	428196	651880
7929	428251	651827
7930	428302	651768
7931	428351	651707
7932	428405	651653
7933	428459	651599
7934	428513	651545
7935	428563	651485
7936	428615	651429
7937	428665	651369
7938	428712	651304
7939	428767	651251
7940	428820	651196
7941	428875	651143
7942	428932	651093
7943	428986	651040
7944	429040	650985
7945	429091	650927
7946	429143	650870
7947	429198	650818
7948	429255	650768
7949	429307	650711
7950	429362	650658
7951	429413	650600
7952	429466	650545
7953	429522	650493
7954	429575	650438
7955	429629	650383
7956	429680	650325
7957	429733	650270
7958	429783	650209
7959	429837	650156
7960	429891	650102
7961	429948	650052
7962	429998	649992
7963	430046	649930
7964	430090	649860
7965	430155	649823
7966	430208	649767
7967	430269	649724
7968	430330	649680
7969	430380	649620
7970	430433	649565
7971	430485	649508
7972	430541	649456
7973	430592	649399
7974	430643	649339
7975	430696	649284
7976	430747	649226
7977	430801	649172
7978	430850	649110
7979	430906	649059
7980	430956	648999
7981	431019	648959
7982	431080	648916
7983	431131	648856
7984	431181	648797
7985	431234	648741
7986	431286	648685
7987	431337	648625
7988	431393	648574
7989	431448	648523
7990	431502	648468
7991	431555	648412
7992	431608	648357
7993	431667	648310
7994	431718	648252
7995	431769	648193
7996	431821	648136
7997	431881	648092
7998	431945	648052
7999	432006	648009
8000	432055	647948
8001	432106	647889
8002	432156	647829
8003	432212	647778
8004	432268	647728
8005	432322	647673
8006	432371	647612
8007	432420	647551
8008	432472	647493
8009	432523	647435
8010	432575	647378
8011	432624	647316
8012	432678	647262
8013	432728	647202
8014	432781	647147
8015	432829	647084
8016	432885	647032
8017	432945	646989
8018	432999	646935
8019	433057	646886
8020	433110	646831
8021	433169	646783
8022	433224	646731
8023	433278	646677
8024	433330	646620
8025	433383	646565
8026	433432	646504
8027	433487	646451
8028	433540	646395
8029	433591	646337
8030	433643	646280
8031	433697	646226
8032	433748	646168
8033	433804	646116
8034	433856	646059
8035	433907	646001
8036	433956	645939
8037	434005	645879
8038	434060	645826
8039	434119	645779
8040	434175	645729
8041	434227	645671
8042	434279	645615
8043	434328	645554
8044	434383	645500
8045	434438	645448
8046	434489	645390
8047	434546	645340
8048	434600	645286
8049	434653	645231
8050	434706	645175
8051	434761	645122
8052	434824	645082
8053	434878	645028
8054	434931	644973
8055	434983	644915
8056	435033	644856
8057	435090	644806
8058	435149	644759
8059	435204	644706
8060	435258	644653
8061	435309	644594
8062	435360	644536
8063	435411	644477
8064	435465	644423
8065	435516	644365
8066	435570	644311
8067	435624	644257
8068	435676	644201
8069	435730	644146
8070	435788	644099
8071	435839	644039
8072	435889	643980
8073	435941	643923
8074	436004	643882
8075	436055	643824
8076	436111	643773
8077	436164	643717
8078	436216	643660
8079	436267	643603
8080	436315	643539
8081	436367	643482
8082	436421	643428
8083	436472	643370
8084	436524	643312
8085	436577	643257
8086	436625	643195
8087	436681	643144
8088	436732	643085
8089	436783	643027
8090	436839	642975
8091	436892	642921
8092	436947	642868
8093	436999	642811
8094	437060	642767
8095	437115	642714
8096	437165	642655
8097	437213	642592
8098	437263	642533
8099	437314	642474
8100	437368	642421
8101	437421	642364
8102	437476	642312
8103	437525	642251
8104	437580	642199
8105	437635	642146
8106	437683	642083
8107	437736	642027
8108	437795	641981
8109	437850	641928
8110	437901	641870
8111	437953	641813
8112	438010	641764
8113	438065	641710
8114	438114	641650
8115	438165	641592
8116	438218	641536
8117	438276	641487
8118	438333	641438
8119	438385	641381
8120	438437	641325
8121	438484	641261
8122	438533	641198
8123	438585	641143
8124	438638	641087
8125	438691	641031
8126	438740	640970
8127	438795	640917
8128	438849	640863
8129	438903	640809
8130	438957	640755
8131	439010	640700
8132	439070	640655
8133	439133	640614
8134	439187	640560
8135	439242	640507
8136	439299	640458
8137	439350	640399
8138	439401	640342
8139	439454	640286
8140	439505	640227
8141	439553	640165
8142	439609	640113
8143	439662	640059
8144	439712	639998
8145	439772	639953
8146	439824	639897
8147	439876	639840
8148	439935	639792
8149	439985	639734
8150	440035	639673
8151	440091	639622
8152	440144	639567
8153	440194	639508
8154	440245	639449
8155	440296	639390
8156	440348	639333
8157	440397	639273
8158	440452	639220
8159	440503	639162
8160	440555	639105
8161	440613	639057
8162	440668	639004
8163	440722	638950
8164	440776	638895
8165	440826	638837
8166	440879	638781
8167	440929	638722
8168	440979	638661
8169	441029	638602
8170	441079	638542
8171	441133	638487
8172	441183	638428
8173	441237	638374
8174	441287	638315
8175	441336	638253
8176	441389	638198
8177	441442	638142
8178	441496	638088
8179	441545	638028
8180	441596	637969
8181	441646	637909
8182	441698	637852
8183	441746	637791
8184	441805	637743
8185	441858	637687
8186	441921	637646
8187	441971	637587
8188	442025	637533
8189	442074	637471
8190	442123	637411
8191	442174	637353
8192	442228	637299
8193	442301	637272
8194	442349	637209
8195	442395	637144
8196	442443	637081
8197	442488	637015
8198	442541	636959
8199	442590	636897
8200	442645	636846
8201	442691	636781
8202	442748	636730
8203	442800	636674
8204	442858	636626
8205	442920	636583
8206	442975	636530
8207	443028	636475
8208	443078	636416
8209	443132	636361
8210	443185	636306
8211	443238	636251
8212	443290	636194
8213	443343	636139
8214	443394	636080
8215	443447	636025
8216	443502	635973
8217	443558	635921
8218	443609	635863
8219	443656	635799
8220	443709	635744
8221	443768	635696
8222	443821	635642
8223	443875	635588
8224	443927	635531
8225	443976	635470
8226	444029	635415
8227	444088	635368
8228	444133	635301
8229	444187	635247
8230	444241	635193
8231	444296	635140
8232	444351	635089
8233	444402	635029
8234	444457	634977
8235	444509	634920
8236	444563	634867
8237	444619	634816
8238	444669	634755
8239	444721	634699
8240	444778	634649
8241	444835	634600
8242	444891	634549
8243	444948	634500
8244	444999	634441
8245	445058	634393
8246	445117	634348
8247	445186	634314
8248	445255	634282
8249	445323	634249
8250	445386	634207
8251	445443	634157
8252	445499	634107
8253	445551	634050
8254	445604	633993
8255	445654	633934
8256	445706	633877
8257	445761	633825
8258	445812	633767
8259	445866	633712
8260	445917	633654
8261	445970	633599
8262	446023	633544
8263	446075	633488
8264	446130	633435
8265	446179	633374
8266	446232	633319
8267	446284	633261
8268	446344	633216
8269	446399	633163
8270	446452	633108
8271	446505	633053
8272	446561	633001
8273	446610	632941
8274	446659	632880
8275	446713	632825
8276	446762	632764
8277	446810	632703
8278	446861	632644
8279	446916	632591
8280	446969	632536
8281	447016	632472
8282	447068	632416
8283	447121	632360
8284	447175	632306
8285	447229	632252
8286	447280	632195
8287	447333	632139
8288	447386	632083
8289	447440	632029
8290	447489	631969
8291	447542	631913
8292	447593	631856
8293	447651	631807
8294	447715	631766
8295	447765	631707
8296	447817	631651
8297	447877	631605
8298	447926	631544
8299	447979	631489
8300	448039	631444
8301	448088	631382
8302	448140	631326
8303	448192	631268
8304	448247	631215
8305	448298	631158
8306	448349	631100
8307	448400	631042
8308	448453	630987
8309	448505	630929
8310	448560	630878
8311	448624	630837
8312	448678	630783
8313	448732	630729
8314	448783	630672
8315	448840	630621
8316	448891	630563
8317	448948	630514
8318	449009	630469
8319	449063	630416
8320	449115	630358
8321	449167	630302
8322	449227	630256
8323	449286	630209
8324	449335	630149
8325	449390	630097
8326	449442	630039
8327	449496	629985
8328	449552	629934
8329	449610	629886
8330	449660	629826
8331	449715	629774
8332	449766	629716
8333	449825	629669
8334	449875	629610
8335	449931	629557
8336	449979	629496
8337	450028	629435
8338	450086	629387
8339	450138	629330
8340	450189	629271
8341	450236	629207
8342	450308	629179
8343	450358	629120
8344	450405	629056
8345	450458	629001
8346	450511	628945
8347	450562	628887
8348	450612	628828
8349	450658	628762
8350	450713	628710
8351	450768	628657
8352	450820	628600
8353	450872	628544
8354	450925	628489
8355	450975	628429
8356	451028	628374
8357	451082	628320
8358	451135	628265
8359	451186	628206
8360	451239	628151
8361	451291	628094
8362	451353	628051
8363	451414	628007
8364	451462	627946
8365	451512	627885
8366	451563	627828
8367	451614	627769
8368	451670	627719
8369	451725	627666
8370	451781	627615
8371	451834	627559
8372	451889	627506
8373	451940	627448
8374	451993	627393
8375	452044	627335
8376	452095	627277
8377	452154	627230
8378	452207	627176
8379	452261	627122
8380	452316	627069
8381	452374	627021
8382	452425	626962
8383	452478	626907
8384	452529	626849
8385	452583	626795
8386	452635	626738
8387	452685	626678
8388	452736	626620
8389	452789	626566
8390	452845	626514
8391	452896	626455
8392	452958	626413
8393	453006	626352
8394	453058	626294
8395	453111	626239
8396	453163	626182
8397	453213	626123
8398	453264	626065
8399	453313	626004
8400	453367	625950
8401	453415	625888
8402	453470	625835
8403	453522	625778
8404	453574	625721
8405	453624	625662
8406	453677	625607
8407	453726	625546
8408	453779	625491
8409	453829	625432
8410	453882	625376
8411	453933	625319
8412	453988	625266
8413	454043	625213
8414	454102	625166
8415	454155	625111
8416	454207	625054
8417	454275	625019
8418	454323	624957
8419	454385	624914
8420	454437	624858
8421	454489	624801
8422	454542	624746
8423	454593	624688
8424	454647	624634
8425	454700	624578
8426	454749	624517
8427	454802	624462
8428	454854	624406
8429	454907	624351
8430	454962	624298
8431	455018	624247
8432	455070	624190
8433	455123	624135
8434	455173	624076
8435	455228	624023
8436	455282	623970
8437	455334	623913
8438	455392	623864
8439	455443	623806
8440	455495	623749
8441	455555	623704
8442	455610	623652
8443	455661	623593
8444	455712	623536
8445	455766	623482
8446	455818	623424
8447	455866	623362
8448	455924	623314
8449	455973	623254
8450	456020	623189
8451	456075	623137
8452	456126	623079
8453	456175	623019
8454	456231	622967
8455	456283	622910
8456	456336	622856
8457	456386	622795
8458	456440	622742
8459	456490	622683
8460	456541	622625
8461	456591	622565
8462	456646	622513
8463	456699	622457
8464	456753	622403
8465	456803	622344
8466	456853	622285
8467	456903	622226
8468	456951	622163
8469	457005	622109
8470	457061	622059
8471	457112	622001
8472	457165	621945
8473	457219	621892
8474	457268	621830
8475	457318	621771
8476	457369	621714
8477	457418	621653
8478	457483	621614
8479	457535	621558
8480	457589	621504
8481	457648	621457
8482	457707	621409
8483	457754	621346
8484	457807	621291
8485	457861	621236
8486	457912	621179
8487	457963	621120
8488	458013	621062
8489	458066	621006
8490	458115	620946
8491	458165	620886
8492	458217	620830
8493	458288	620798
8494	458340	620742
8495	458388	620680
8496	458437	620619
8497	458488	620562
8498	458540	620504
8499	458590	620446
8500	458644	620391
8501	458700	620341
8502	458755	620288
8503	458810	620235
8504	458861	620177
8505	458912	620120
8506	458964	620062
8507	459021	620013
8508	459070	619953
8509	459119	619892
8510	459173	619838
8511	459227	619784
8512	459277	619725
8513	459330	619670
8514	459386	619619
8515	459439	619563
8516	459491	619506
8517	459565	619479
8518	459622	619430
8519	459672	619371
8520	459721	619310
8521	459773	619254
8522	459822	619192
8523	459879	619142
8524	459934	619090
8525	459983	619030
8526	460036	618974
8527	460089	618919
8528	460140	618862
8529	460195	618809
8530	460247	618752
8531	460300	618697
8532	460350	618638
8533	460406	618587
8534	460457	618528
8535	460511	618475
8536	460565	618421
8537	460615	618361
8538	460663	618300
8539	460716	618244
8540	460773	618194
8541	460823	618135
8542	460877	618081
8543	460947	618049
8544	460999	617992
8545	461049	617933
8546	461097	617872
8547	461151	617817
8548	461200	617756
8549	461249	617697
8550	461302	617641
8551	461352	617582
8552	461416	617541
8553	461469	617486
8554	461523	617432
8555	461575	617376
8556	461632	617326
8557	461684	617269
8558	461735	617211
8559	461785	617152
8560	461834	617091
8561	461889	617039
8562	461939	616980
8563	461993	616926
8564	462044	616868
8565	462097	616813
8566	462151	616759
8567	462198	616695
8568	462247	616635
8569	462298	616578
8570	462348	616519
8571	462397	616457
8572	462448	616400
8573	462509	616355
8574	462568	616307
8575	462615	616245
8576	462662	616182
8577	462715	616126
8578	462766	616069
8579	462821	616015
8580	462876	615963
8581	462926	615905
8582	462976	615845
8583	463025	615784
8584	463082	615734
8585	463138	615683
8586	463192	615629
8587	463240	615568
8588	463296	615516
8589	463357	615472
8590	463405	615410
8591	463461	615358
8592	463510	615298
8593	463588	615276
8594	463633	615210
8595	463674	615140
8596	463729	615087
8597	463778	615027
8598	463830	614969
8599	463880	614911
8600	463930	614851
8601	463980	614793
8602	464032	614736
8603	464083	614678
8604	464139	614626
8605	464188	614567
8606	464242	614512
8607	464305	614471
8608	464356	614412
8609	464409	614357
8610	464459	614299
8611	464515	614247
8612	464568	614192
8613	464622	614138
8614	464670	614077
8615	464724	614023
8616	464778	613968
8617	464831	613913
8618	464880	613853
8619	464933	613798
8620	464985	613742
8621	465033	613680
8622	465083	613621
8623	465135	613564
8624	465193	613515
8625	465243	613457
8626	465308	613417
8627	465358	613358
8628	465407	613297
8629	465458	613240
8630	465515	613190
8631	465565	613130
8632	465617	613075
8633	465672	613022
8634	465725	612967
8635	465780	612914
8636	465836	612863
8637	465882	612798
8638	465934	612742
8639	465991	612692
8640	466047	612641
8641	466097	612581
8642	466143	612518
8643	466199	612467
8644	466250	612408
8645	466306	612357
8646	466360	612304
8647	466420	612257
8648	466472	612201
8649	466524	612145
8650	466576	612088
8651	466631	612036
8652	466683	611979
8653	466734	611921
8654	466788	611868
8655	466842	611814
8656	466896	611760
8657	466951	611707
8658	467001	611649
8659	467057	611597
8660	467111	611543
8661	467162	611486
8662	467214	611429
8663	467264	611370
8664	467318	611316
8665	467382	611275
8666	467436	611221
8667	467489	611165
8668	467543	611112
8669	467597	611058
8670	467654	611008
8671	467708	610954
8672	467763	610902
8673	467818	610849
8674	467868	610790
8675	467916	610729
8676	467971	610676
8677	468028	610626
8678	468077	610566
8679	468133	610515
8680	468184	610457
8681	468238	610403
8682	468291	610348
8683	468340	610288
8684	468399	610240
8685	468451	610184
8686	468508	610134
8687	468560	610077
8688	468616	610027
8689	468672	609975
8690	468723	609917
8691	468773	609858
8692	468821	609796
8693	468871	609738
8694	468927	609686
8695	468982	609634
8696	469032	609574
8697	469086	609521
8698	469134	609460
8699	469188	609406
8700	469237	609345
8701	469287	609286
8702	469360	609257
8703	469412	609200
8704	469464	609144
8705	469519	609092
8706	469570	609033
8707	469623	608979
8708	469675	608922
8709	469728	608867
8710	469783	608814
8711	469832	608754
8712	469885	608699
8713	469939	608646
8714	469991	608589
8715	470050	608541
8716	470102	608485
8717	470152	608426
8718	470206	608372
8719	470257	608314
8720	470307	608256
8721	470359	608199
8722	470415	608148
8723	470469	608093
8724	470517	608032
8725	470573	607981
8726	470625	607925
8727	470676	607867
8728	470727	607810
8729	470775	607747
8730	470828	607693
8731	470883	607639
8732	470931	607578
8733	470983	607522
8734	471031	607460
8735	471080	607400
8736	471126	607336
8737	471179	607281
8738	471235	607229
8739	471286	607171
8740	471340	607118
8741	471395	607065
8742	471446	607007
8743	471497	606950
8744	471552	606897
8745	471610	606849
8746	471654	606783
8747	471702	606720
8748	471753	606663
8749	471806	606608
8750	471860	606554
8751	471913	606498
8752	471970	606450
8753	472028	606400
8754	472081	606346
8755	472131	606286
8756	472184	606231
8757	472237	606176
8758	472294	606126
8759	472349	606073
8760	472399	606015
8761	472449	605956
8762	472503	605902
8763	472554	605845
8764	472609	605791
8765	472661	605735
8766	472715	605681
8767	472774	605633
8768	472825	605577
8769	472883	605528
8770	472952	605493
8771	473002	605434
8772	473053	605376
8773	473102	605316
8774	473150	605255
8775	473207	605205
8776	473258	605146
8777	473310	605091
8778	473356	605027
8779	473409	604971
8780	473462	604917
8781	473514	604860
8782	473569	604807
8783	473619	604749
8784	473671	604692
8785	473727	604641
8786	473781	604588
8787	473846	604547
8788	473899	604492
8789	473953	604439
8790	474008	604386
8791	474063	604334
8792	474115	604278
8793	474164	604217
8794	474219	604164
8795	474285	604125
8796	474335	604067
8797	474391	604016
8798	474444	603961
8799	474495	603903
8800	474551	603851
8801	474603	603795
8802	474655	603739
8803	474715	603692
8804	474762	603631
8805	474826	603589
8806	474876	603530
8807	474925	603470
8808	474974	603409
8809	475027	603354
8810	475076	603295
8811	475123	603231
8812	475176	603177
8813	475229	603122
8814	475284	603069
8815	475340	603018
8816	475394	602964
8817	475444	602905
8818	475497	602850
8819	475553	602798
8820	475609	602748
8821	475674	602707
8822	475728	602653
8823	475782	602599
8824	475834	602543
8825	475889	602490
8826	475937	602430
8827	475986	602370
8828	476039	602314
8829	476092	602259
8830	476147	602206
8831	476202	602154
8832	476255	602100
8833	476306	602042
8834	476361	601989
8835	476412	601931
8836	476473	601887
8837	476523	601827
8838	476572	601767
8839	476623	601709
8840	476691	601673
8841	476745	601620
8842	476792	601557
8843	476843	601499
8844	476900	601450
8845	476953	601394
8846	477000	601332
8847	477051	601275
8848	477099	601212
8849	477152	601158
8850	477203	601100
8851	477253	601042
8852	477305	600985
8853	477368	600942
8854	477424	600891
8855	477474	600833
8856	477524	600774
8857	477576	600717
8858	477626	600658
8859	477676	600599
8860	477724	600538
8861	477780	600487
8862	477836	600436
8863	477886	600377
8864	477939	600321
8865	477993	600267
8866	478050	600218
8867	478101	600160
8868	478155	600106
8869	478209	600053
8870	478278	600018
8871	478327	599957
8872	478374	599895
8873	478425	599838
8874	478481	599786
8875	478534	599731
8876	478585	599674
8877	478637	599617
8878	478690	599563
8879	478748	599514
8880	478798	599455
8881	478856	599406
8882	478913	599356
8883	478965	599300
8884	479019	599246
8885	479073	599192
8886	479124	599135
8887	479179	599082
8888	479227	599020
8889	479278	598962
8890	479325	598901
8891	479376	598842
8892	479429	598788
8893	479483	598734
8894	479535	598677
8895	479602	598640
8896	479650	598578
8897	479702	598523
8898	479751	598463
8899	479798	598400
8900	479851	598345
8901	479903	598288
8902	479951	598228
8903	480002	598170
8904	480055	598114
8905	480108	598059
8906	480157	597999
8907	480207	597940
8908	480261	597888
8909	480309	597826
8910	480359	597767
8911	480411	597711
8912	480465	597657
8913	480520	597605
8914	480574	597550
8915	480627	597496
8916	480678	597438
8917	480728	597380
8918	480778	597321
8919	480831	597266
8920	480881	597206
8921	480936	597154
8922	480984	597093
8923	481042	597044
8924	481095	596989
8925	481146	596932
8926	481200	596878
8927	481251	596821
8928	481304	596765
8929	481358	596712
8930	481410	596656
8931	481461	596598
8932	481514	596542
8933	481572	596494
8934	481629	596444
8935	481681	596388
8936	481734	596333
8937	481780	596269
8938	481831	596211
8939	481879	596151
8940	481932	596095
8941	481991	596048
8942	482049	595999
8943	482101	595943
8944	482155	595888
8945	482205	595830
8946	482264	595783
8947	482314	595723
8948	482365	595666
8949	482413	595605
8950	482462	595545
8951	482512	595486
8952	482567	595434
8953	482624	595383
8954	482675	595327
8955	482728	595271
8956	482778	595212
8957	482827	595152
8958	482879	595096
8959	482936	595046
8960	482989	594991
8961	483039	594932
8962	483091	594876
8963	483138	594814
8964	483189	594756
8965	483236	594694
8966	483285	594634
8967	483347	594590
8968	483406	594543
8969	483456	594484
8970	483517	594438
8971	483588	594406
8972	483636	594344
8973	483687	594287
8974	483735	594226
8975	483782	594164
8976	483830	594102
8977	483881	594045
8978	483929	593984
8979	483983	593930
8980	484033	593872
8981	484083	593813
8982	484134	593756
8983	484190	593704
8984	484245	593652
8985	484298	593597
8986	484353	593544
8987	484402	593485
8988	484468	593445
8989	484515	593383
8990	484568	593328
8991	484620	593271
8992	484673	593216
8993	484725	593160
8994	484781	593109
8995	484836	593056
8996	484890	593003
8997	484940	592944
8998	484991	592886
8999	485040	592827
9000	485091	592769
9001	485143	592713
9002	485195	592657
9003	485253	592608
9004	485307	592555
9005	485358	592497
9006	485411	592442
9007	485468	592392
9008	485523	592340
9009	485577	592285
9010	485632	592233
9011	485679	592171
9012	485731	592115
9013	485781	592056
9014	485831	591997
9015	485883	591941
9016	485937	591888
9017	485990	591832
9018	486047	591782
9019	486099	591726
9020	486151	591669
9021	486203	591613
9022	486253	591554
9023	486303	591496
9024	486353	591438
9025	486408	591386
9026	486462	591332
9027	486526	591290
9028	486584	591241
9029	486634	591183
9030	486686	591126
9031	486736	591067
9032	486786	591009
9033	486837	590951
9034	486886	590892
9035	486941	590839
9036	486993	590783
9037	487042	590723
9038	487099	590673
9039	487151	590617
9040	487203	590561
9041	487256	590506
9042	487306	590447
9043	487360	590394
9044	487416	590341
9045	487473	590292
9046	487527	590238
9047	487598	590205
9048	487649	590148
9049	487701	590091
9050	487751	590032
9051	487802	589976
9052	487853	589918
9053	487903	589859
9054	487954	589802
9055	488005	589745
9056	488060	589693
9057	488112	589636
9058	488162	589578
9059	488217	589525
9060	488277	589478
9061	488329	589422
9062	488379	589364
9063	488432	589309
9064	488491	589261
9065	488545	589207
9066	488599	589154
9067	488656	589103
9068	488716	589057
9069	488777	589011
9070	488829	588955
9071	488879	588897
9072	488934	588844
9073	488991	588794
9074	489053	588750
9075	489106	588695
9076	489156	588637
9077	489207	588580
9078	489262	588526
9079	489315	588472
9080	489371	588420
9081	489425	588366
9082	489473	588306
9083	489525	588249
9084	489576	588191
9085	489626	588133
9086	489680	588079
9087	489736	588028
9088	489786	587969
9089	489832	587906
9090	489890	587857
9091	489939	587798
9092	489991	587741
9093	490048	587691
9094	490103	587638
9095	490152	587579
9096	490202	587520
9097	490250	587460
9098	490299	587400
9099	490354	587347
9100	490404	587288
9101	490463	587241
9102	490513	587182
9103	490564	587126
9104	490616	587069
9105	490670	587015
9106	490721	586958
9107	490775	586904
9108	490832	586853
9109	490888	586802
9110	490941	586748
9111	490990	586688
9112	491040	586629
9113	491087	586567
9114	491140	586513
9115	491195	586460
9116	491247	586404
9117	491300	586349
9118	491349	586289
9119	491401	586232
9120	491461	586186
9121	491527	586147
9122	491589	586103
9123	491635	586039
9124	491690	585987
9125	491741	585929
9126	491787	585866
9127	491835	585805
9128	491887	585750
9129	491941	585696
9130	491991	585637
9131	492045	585583
9132	492098	585528
9133	492151	585473
9134	492202	585416
9135	492255	585361
9136	492306	585304
9137	492357	585246
9138	492412	585193
9139	492462	585135
9140	492513	585078
9141	492565	585022
9142	492616	584964
9143	492671	584913
9144	492723	584856
9145	492774	584799
9146	492831	584748
9147	492888	584698
9148	492941	584643
9149	492999	584595
9150	493052	584540
9151	493105	584484
9152	493158	584430
9153	493210	584374
9154	493264	584320
9155	493320	584268
9156	493375	584216
9157	493426	584159
9158	493474	584098
9159	493524	584039
9160	493574	583981
9161	493628	583927
9162	493680	583872
9163	493732	583815
9164	493786	583761
9165	493834	583700
9166	493888	583647
9167	493944	583596
9168	493994	583537
9169	494047	583482
9170	494108	583436
9171	494174	583397
9172	494223	583337
9173	494275	583281
9174	494324	583222
9175	494378	583167
9176	494429	583111
9177	494485	583060
9178	494537	583003
9179	494597	582956
9180	494645	582896
9181	494695	582837
9182	494747	582781
9183	494802	582729
9184	494853	582671
9185	494904	582614
9186	494954	582556
9187	495007	582501
9188	495065	582452
9189	495120	582399
9190	495176	582348
9191	495231	582295
9192	495284	582241
9193	495333	582181
9194	495391	582132
9195	495444	582077
9196	495495	582019
9197	495551	581968
9198	495598	581906
9199	495647	581846
9200	495701	581792
9201	495757	581742
9202	495809	581685
9203	495861	581629
9204	495910	581570
9205	495961	581512
9206	496015	581458
9207	496066	581402
9208	496119	581346
9209	496173	581293
9210	496227	581239
9211	496283	581188
9212	496330	581126
9213	496383	581072
9214	496436	581016
9215	496485	580957
9216	496536	580899
9217	496584	580839
9218	496645	580794
9219	496698	580738
9220	496754	580687
9221	496802	580626
9222	496859	580576
9223	496934	580546
9224	496981	580485
9225	497031	580426
9226	497076	580362
9227	497121	580298
9228	497176	580245
9229	497225	580185
9230	497273	580125
9231	497323	580066
9232	497371	580006
9233	497428	579955
9234	497476	579895
9235	497528	579839
9236	497576	579778
9237	497630	579724
9238	497685	579672
9239	497737	579616
9240	497789	579559
9241	497836	579498
9242	497889	579443
9243	497938	579383
9244	497989	579326
9245	498047	579277
9246	498099	579222
9247	498147	579161
9248	498202	579108
9249	498258	579057
9250	498315	579006
9251	498367	578951
9252	498417	578892
9253	498467	578834
9254	498516	578775
9255	498569	578719
9256	498623	578666
9257	498684	578620
9258	498737	578565
9259	498785	578504
9260	498839	578451
9261	498890	578393
9262	498945	578341
9263	498997	578285
9264	499049	578230
9265	499105	578177
9266	499163	578129
9267	499214	578071
9268	499267	578016
9269	499318	577960
9270	499373	577907
9271	499428	577854
9272	499475	577792
9273	499527	577737
9274	499596	577700
9275	499650	577646
9276	499702	577590
9277	499752	577532
9278	499803	577475
9279	499849	577412
9280	499907	577362
9281	499959	577307
9282	500008	577248
9283	500061	577193
9284	500109	577132
9285	500167	577083
9286	500220	577028
9287	500270	576969
9288	500325	576917
9289	500380	576864
9290	500431	576807
9291	500481	576749
9292	500543	576704
9293	500593	576646
9294	500647	576593
9295	500699	576536
9296	500748	576477
9297	500795	576416
9298	500844	576356
9299	500897	576300
9300	500953	576249
9301	501001	576189
9302	501053	576133
9303	501107	576079
9304	501160	576025
9305	501214	575971
9306	501268	575917
9307	501325	575866
9308	501374	575807
9309	501422	575746
9310	501473	575689
9311	501529	575638
9312	501584	575586
9313	501635	575528
9314	501688	575474
9315	501736	575413
9316	501786	575354
9317	501840	575301
9318	501888	575240
9319	501941	575186
9320	501989	575126
9321	502041	575069
9322	502097	575018
9323	502149	574962
9324	502207	574913
9325	502270	574870
9326	502317	574808
9327	502371	574754
9328	502419	574694
9329	502469	574635
9330	502520	574578
9331	502574	574524
9332	502628	574471
9333	502679	574413
9334	502730	574356
9335	502786	574305
9336	502838	574249
9337	502890	574193
9338	502938	574132
9339	503003	574091
9340	503052	574032
9341	503101	573973
9342	503158	573922
9343	503211	573867
9344	503265	573813
9345	503319	573759
9346	503374	573707
9347	503431	573657
9348	503489	573608
9349	503542	573553
9350	503595	573498
9351	503646	573441
9352	503696	573383
9353	503753	573333
9354	503804	573275
9355	503854	573218
9356	503904	573160
9357	503973	573122
9358	504026	573068
9359	504075	573008
9360	504126	572951
9361	504186	572904
9362	504236	572846
9363	504290	572793
9364	504346	572741
9365	504400	572687
9366	504452	572632
9367	504505	572577
9368	504560	572524
9369	504612	572468
9370	504666	572414
9371	504717	572357
9372	504770	572303
9373	504823	572247
9374	504873	572189
9375	504951	572163
9376	505004	572109
9377	505057	572054
9378	505111	571999
9379	505164	571945
9380	505214	571887
9381	505262	571826
9382	505311	571767
9383	505362	571710
9384	505415	571655
9385	505466	571598
9386	505520	571544
9387	505571	571487
9388	505628	571436
9389	505677	571377
9390	505729	571321
9391	505784	571269
9392	505838	571215
9393	505895	571165
9394	505946	571108
9395	505998	571052
9396	506052	570998
9397	506114	570954
9398	506162	570893
9399	506214	570837
9400	506270	570786
9401	506323	570731
9402	506387	570688
9403	506436	570629
9404	506491	570577
9405	506548	570527
9406	506600	570471
9407	506662	570425
9408	506716	570372
9409	506772	570321
9410	506828	570269
9411	506881	570214
9412	506932	570157
9413	506988	570106
9414	507040	570050
9415	507093	569995
9416	507148	569942
9417	507199	569885
9418	507252	569831
9419	507305	569776
9420	507362	569726
9421	507415	569671
9422	507472	569620
9423	507523	569563
9424	507600	569535
9425	507651	569479
9426	507701	569420
9427	507749	569359
9428	507796	569298
9429	507844	569238
9430	507895	569181
9431	507948	569125
9432	508005	569076
9433	508060	569023
9434	508115	568970
9435	508167	568914
9436	508218	568858
9437	508271	568802
9438	508326	568750
9439	508377	568693
9440	508435	568643
9441	508490	568592
9442	508545	568539
9443	508595	568481
9444	508651	568429
9445	508705	568375
9446	508760	568322
9447	508811	568265
9448	508863	568209
9449	508919	568158
9450	508973	568105
9451	509033	568057
9452	509090	568007
9453	509143	567953
9454	509195	567896
9455	509245	567838
9456	509292	567777
9457	509345	567722
9458	509393	567662
9459	509445	567606
9460	509499	567553
9461	509550	567496
9462	509619	567459
9463	509674	567406
9464	509726	567349
9465	509777	567293
9466	509832	567240
9467	509887	567188
9468	509945	567138
9469	509995	567080
9470	510051	567029
9471	510103	566973
9472	510158	566920
9473	510207	566861
9474	510260	566806
9475	510329	566768
9476	510382	566714
9477	510435	566659
9478	510483	566599
9479	510533	566540
9480	510586	566487
9481	510636	566428
9482	510697	566382
9483	510747	566324
9484	510793	566261
9485	510851	566212
9486	510906	566159
9487	510958	566104
9488	511008	566045
9489	511064	565994
9490	511115	565937
9491	511169	565883
9492	511217	565823
9493	511270	565768
9494	511320	565710
9495	511372	565654
9496	511429	565604
9497	511480	565546
9498	511532	565490
9499	511586	565437
9500	511640	565384
9501	511690	565326
9502	511745	565273
9503	511799	565219
9504	511852	565165
9505	511905	565109
9506	511955	565051
9507	512011	565000
9508	512063	564944
9509	512115	564888
9510	512167	564832
9511	512220	564777
9512	512282	564732
9513	512334	564676
9514	512388	564623
9515	512442	564569
9516	512498	564518
9517	512547	564458
9518	512600	564404
9519	512651	564347
9520	512703	564292
9521	512752	564232
9522	512802	564174
9523	512852	564116
9524	512903	564059
9525	512953	564000
9526	513006	563946
9527	513057	563889
9528	513110	563834
9529	513164	563781
9530	513217	563726
9531	513273	563674
9532	513326	563619
9533	513379	563565
9534	513434	563512
9535	513487	563457
9536	513539	563401
9537	513591	563346
9538	513644	563291
9539	513696	563235
9540	513747	563178
9541	513797	563120
9542	513855	563071
9543	513910	563017
9544	513962	562962
9545	514014	562906
9546	514068	562852
9547	514118	562794
9548	514167	562736
9549	514223	562684
9550	514275	562628
9551	514329	562574
9552	514375	562512
9553	514426	562455
9554	514479	562401
9555	514531	562344
9556	514580	562285
9557	514631	562228
9558	514685	562174
9559	514744	562127
9560	514798	562072
9561	514849	562015
9562	514904	561963
9563	514965	561917
9564	515022	561866
9565	515072	561808
9566	515125	561754
9567	515182	561703
9568	515233	561647
9569	515290	561596
9570	515344	561543
9571	515396	561487
9572	515449	561431
9573	515501	561376
9574	515552	561319
9575	515622	561283
9576	515674	561227
9577	515728	561173
9578	515777	561114
9579	515825	561054
9580	515877	560998
9581	515926	560939
9582	515987	560893
9583	516043	560841
9584	516096	560786
9585	516144	560727
9586	516193	560667
9587	516248	560615
9588	516312	560572
9589	516361	560513
9590	516408	560452
9591	516458	560394
9592	516511	560339
9593	516567	560287
9594	516623	560236
9595	516682	560187
9596	516736	560134
9597	516789	560079
9598	516847	560030
9599	516907	559982
9600	516984	559954
9601	517045	559908
9602	517095	559850
9603	517145	559792
9604	517199	559738
9605	517251	559683
9606	517302	559626
9607	517358	559573
9608	517409	559517
9609	517464	559464
9610	517518	559411
9611	517576	559361
9612	517628	559305
9613	517676	559245
9614	517731	559193
9615	517785	559139
9616	517834	559080
9617	517885	559023
9618	517937	558967
9619	517989	558911
9620	518044	558858
9621	518098	558804
9622	518148	558747
9623	518201	558692
9624	518259	558643
9625	518314	558590
9626	518364	558532
9627	518417	558477
9628	518469	558422
9629	518524	558369
9630	518573	558310
9631	518631	558261
9632	518690	558213
9633	518743	558158
9634	518797	558103
9635	518851	558050
9636	518902	557994
9637	518954	557938
9638	519003	557878
9639	519051	557818
9640	519107	557767
9641	519162	557714
9642	519220	557664
9643	519277	557615
9644	519333	557563
9645	519390	557512
9646	519440	557455
9647	519493	557399
9648	519569	557370
9649	519617	557309
9650	519664	557248
9651	519717	557193
9652	519767	557135
9653	519817	557077
9654	519865	557018
9655	519914	556959
9656	519965	556901
9657	520013	556842
9658	520066	556787
9659	520119	556732
9660	520176	556682
9661	520233	556631
9662	520282	556572
9663	520338	556521
9664	520388	556463
9665	520443	556410
9666	520493	556352
9667	520544	556295
9668	520597	556240
9669	520648	556184
9670	520699	556126
9671	520748	556067
9672	520801	556013
9673	520878	555984
9674	520927	555924
9675	520978	555868
9676	521023	555804
9677	521071	555745
9678	521121	555686
9679	521173	555631
9680	521222	555572
9681	521277	555519
9682	521331	555465
9683	521379	555405
9684	521434	555352
9685	521485	555296
9686	521537	555241
9687	521594	555189
9688	521646	555134
9689	521696	555076
9690	521749	555021
9691	521804	554968
9692	521857	554914
9693	521909	554858
9694	521963	554805
9695	522018	554752
9696	522070	554696
9697	522126	554645
9698	522189	554601
9699	522238	554541
9700	522289	554484
9701	522345	554433
9702	522391	554371
9703	522442	554314
9704	522500	554264
9705	522553	554209
9706	522603	554152
9707	522655	554096
9708	522709	554042
9709	522764	553990
9710	522813	553931
9711	522879	553890
9712	522945	553849
9713	522998	553795
9714	523047	553735
9715	523101	553682
9716	523155	553628
9717	523212	553577
9718	523263	553521
9719	523315	553465
9720	523365	553407
9721	523418	553352
9722	523467	553293
9723	523520	553238
9724	523571	553182
9725	523620	553123
9726	523675	553070
9727	523727	553014
9728	523779	552958
9729	523833	552905
9730	523888	552852
9731	523937	552793
9732	523988	552736
9733	524040	552681
9734	524092	552625
9735	524146	552571
9736	524196	552514
9737	524255	552465
9738	524306	552408
9739	524358	552353
9740	524413	552300
9741	524465	552244
9742	524518	552190
9743	524572	552136
9744	524625	552081
9745	524675	552023
9746	524726	551966
9747	524784	551917
9748	524840	551866
9749	524893	551810
9750	524943	551753
9751	524995	551697
9752	525050	551644
9753	525099	551585
9754	525153	551532
9755	525205	551476
9756	525258	551421
9757	525310	551365
9758	525359	551306
9759	525412	551252
9760	525468	551200
9761	525519	551144
9762	525572	551089
9763	525627	551036
9764	525674	550976
9765	525729	550922
9766	525778	550863
9767	525834	550813
9768	525894	550764
9769	525950	550713
9770	526007	550663
9771	526059	550607
9772	526113	550553
9773	526168	550500
9774	526222	550448
9775	526275	550393
9776	526329	550339
9777	526378	550280
9778	526434	550229
9779	526486	550172
9780	526538	550117
9781	526595	550066
9782	526656	550020
9783	526711	549967
9784	526764	549913
9785	526817	549858
9786	526870	549804
9787	526925	549751
9788	526980	549698
9789	527032	549643
9790	527085	549588
9791	527144	549539
9792	527196	549483
9793	527251	549431
9794	527305	549377
9795	527359	549323
9796	527411	549267
9797	527467	549216
9798	527521	549162
9799	527570	549104
9800	527641	549068
9801	527693	549012
9802	527746	548957
9803	527799	548902
9804	527847	548843
9805	527899	548786
9806	527950	548730
9807	528001	548674
9808	528056	548620
9809	528114	548571
9810	528168	548518
9811	528221	548463
9812	528275	548409
9813	528325	548351
9814	528379	548297
9815	528427	548237
9816	528483	548186
9817	528538	548133
9818	528593	548081
9819	528648	548029
9820	528698	547970
9821	528749	547914
9822	528802	547859
9823	528858	547807
9824	528909	547750
9825	528965	547699
9826	529021	547648
9827	529074	547592
9828	529130	547541
9829	529185	547489
9830	529239	547435
9831	529289	547377
9832	529351	547332
9833	529407	547280
9834	529458	547223
9835	529511	547169
9836	529563	547113
9837	529618	547060
9838	529669	547003
9839	529723	546950
9840	529776	546895
9841	529830	546842
9842	529880	546784
9843	529936	546732
9844	529987	546676
9845	530042	546623
9846	530095	546568
9847	530149	546514
9848	530227	546486
9849	530276	546427
9850	530326	546369
9851	530376	546311
9852	530422	546250
9853	530475	546194
9854	530524	546135
9855	530578	546082
9856	530628	546024
9857	530682	545970
9858	530739	545919
9859	530790	545863
9860	530841	545807
9861	530891	545749
9862	530937	545687
9863	530992	545634
9864	531042	545576
9865	531095	545522
9866	531148	545467
9867	531203	545414
9868	531257	545361
9869	531314	545310
9870	531363	545251
9871	531421	545201
9872	531471	545144
9873	531536	545101
9874	531587	545045
9875	531633	544983
9876	531678	544920
9877	531727	544862
9878	531778	544804
9879	531826	544745
9880	531871	544682
9881	531924	544627
9882	531983	544579
9883	532035	544523
9884	532090	544470
9885	532139	544412
9886	532195	544360
9887	532248	544305
9888	532299	544249
9889	532351	544193
9890	532400	544135
9891	532451	544078
9892	532506	544025
9893	532562	543974
9894	532625	543929
9895	532679	543875
9896	532732	543821
9897	532784	543765
9898	532838	543711
9899	532895	543661
9900	532957	543616
9901	533014	543565
9902	533063	543506
9903	533115	543450
9904	533173	543401
9905	533228	543348
9906	533279	543292
9907	533333	543238
9908	533382	543178
9909	533433	543122
9910	533482	543063
9911	533536	543010
9912	533586	542952
9913	533635	542893
9914	533693	542843
9915	533744	542787
9916	533800	542735
9917	533855	542682
9918	533904	542624
9919	533955	542568
9920	534031	542536
9921	534089	542487
9922	534141	542431
9923	534204	542386
9924	534250	542325
9925	534295	542262
9926	534349	542208
9927	534404	542156
9928	534454	542097
9929	534500	542036
9930	534548	541976
9931	534601	541921
9932	534655	541868
9933	534703	541808
9934	534755	541753
9935	534806	541695
9936	534855	541637
9937	534913	541587
9938	534965	541532
9939	535015	541474
9940	535066	541418
9941	535120	541364
9942	535170	541306
9943	535225	541254
9944	535279	541199
9945	535341	541154
9946	535404	541109
9947	535465	541063
9948	535525	541015
9949	535586	540969
9950	535649	540924
9951	535708	540876
9952	535763	540823
9953	535816	540768
9954	535864	540709
9955	535911	540648
9956	535969	540598
9957	536017	540539
9958	536070	540484
9959	536120	540426
9960	536170	540369
9961	536226	540317
9962	536280	540263
9963	536332	540207
9964	536387	540155
9965	536444	540104
9966	536494	540047
9967	536544	539989
9968	536599	539936
9969	536653	539882
9970	536704	539826
9971	536759	539773
9972	536814	539721
9973	536865	539664
9974	536916	539608
9975	536968	539552
9976	537021	539497
9977	537074	539442
9978	537127	539387
9979	537176	539329
9980	537239	539284
9981	537294	539232
9982	537350	539180
9983	537400	539123
9984	537453	539068
9985	537505	539012
9986	537561	538961
9987	537612	538904
9988	537664	538848
9989	537719	538796
9990	537770	538739
9991	537817	538679
9992	537869	538622
9993	537922	538567
9994	537979	538517
9995	538027	538457
9996	538077	538400
9997	538129	538344
9998	538182	538290
9999	538233	538233
10000	538286	538179
10001	538340	538125
10002	538393	538070
10003	538442	538012
10004	538499	537961
10005	538556	537910
10006	538610	537856
10007	538666	537805
10008	538718	537749
10009	538768	537691
10010	538824	537640
10011	538877	537585
10012	538927	537528
10013	538983	537476
10014	539040	537426
10015	539097	537375
10016	539148	537318
10017	539204	537266
10018	539256	537211
10019	539306	537153
10020	539360	537100
10021	539415	537047
10022	539466	536990
10023	539541	536957
10024	539595	536904
10025	539654	536855
10026	539702	536795
10027	539751	536737
10028	539802	536680
10029	539858	536629
10030	539913	536575
10031	539964	536519
10032	540019	536466
10033	540073	536413
10034	540129	536361
10035	540184	536309
10036	540238	536255
10037	540290	536200
10038	540343	536144
10039	540394	536088
10040	540450	536036
10041	540503	535982
10042	540553	535924
10043	540602	535865
10044	540659	535815
10045	540710	535758
10046	540765	535706
10047	540818	535651
10048	540874	535599
10049	540924	535542
10050	540974	535484
10051	541027	535429
10052	541081	535375
10053	541134	535321
10054	541189	535269
10055	541240	535212
10056	541295	535160
10057	541352	535109
10058	541406	535055
10059	541456	534997
10060	541507	534940
10061	541555	534881
10062	541609	534827
10063	541664	534775
10064	541714	534717
10065	541765	534661
10066	541818	534606
10067	541871	534551
10068	541923	534496
10069	541977	534442
10070	542028	534385
10071	542077	534327
10072	542135	534277
10073	542185	534220
10074	542233	534160
10075	542285	534104
10076	542335	534046
10077	542398	534002
10078	542449	533946
10079	542507	533896
10080	542559	533840
10081	542613	533786
10082	542666	533732
10083	542718	533676
10084	542769	533620
10085	542824	533567
10086	542873	533508
10087	542924	533452
10088	542974	533395
10089	543026	533338
10090	543079	533284
10091	543127	533224
10092	543178	533168
10093	543232	533114
10094	543283	533057
10095	543340	533007
10096	543388	532948
10097	543436	532888
10098	543492	532837
10099	543542	532779
10100	543598	532727
10101	543654	532676
10102	543704	532618
10103	543755	532562
10104	543806	532505
10105	543858	532449
10106	543911	532395
10107	543962	532338
10108	544015	532283
10109	544071	532231
10110	544123	532176
10111	544176	532121
10112	544227	532065
10113	544278	532008
10114	544334	531956
10115	544389	531904
10116	544437	531844
10117	544490	531790
10118	544541	531734
10119	544594	531679
10120	544641	531618
10121	544694	531563
10122	544745	531507
10123	544790	531445
10124	544865	531412
10125	544916	531355
10126	544964	531296
10127	545013	531237
10128	545060	531176
10129	545110	531119
10130	545162	531064
10131	545215	531009
10132	545268	530954
10133	545323	530901
10134	545375	530846
10135	545432	530795
10136	545482	530737
10137	545537	530685
10138	545589	530629
10139	545638	530571
10140	545691	530516
10141	545744	530461
10142	545796	530407
10143	545850	530353
10144	545907	530302
10145	545961	530248
10146	546013	530193
10147	546062	530135
10148	546112	530077
10149	546188	530045
10150	546234	529984
10151	546287	529928
10152	546334	529868
10153	546382	529809
10154	546437	529756
10155	546505	529716
10156	546556	529660
10157	546604	529600
10158	546657	529545
10159	546707	529488
10160	546764	529438
10161	546815	529381
10162	546865	529323
10163	546919	529269
10164	546974	529217
10165	547030	529165
10166	547079	529106
10167	547130	529050
10168	547181	528994
10169	547241	528946
10170	547288	528886
10171	547334	528824
10172	547385	528767
10173	547437	528712
10174	547498	528665
10175	547547	528607
10176	547594	528547
10177	547644	528489
10178	547710	528447
10179	547768	528397
10180	547821	528343
10181	547879	528292
10182	547927	528234
10183	547978	528177
10184	548027	528118
10185	548078	528062
10186	548127	528003
10187	548180	527949
10188	548234	527895
10189	548296	527849
10190	548346	527792
10191	548396	527735
10192	548445	527675
10193	548497	527621
10194	548557	527573
10195	548609	527517
10196	548661	527462
10197	548714	527407
10198	548764	527349
10199	548836	527313
10200	548887	527257
10201	548937	527199
10202	548989	527144
10203	549039	527086
10204	549090	527030
10205	549141	526973
10206	549195	526919
10207	549245	526862
10208	549301	526810
10209	549362	526763
10210	549410	526704
10211	549468	526655
10212	549522	526600
10213	549577	526548
10214	549631	526494
10215	549681	526437
10216	549734	526383
10217	549790	526330
10218	549843	526276
10219	549896	526221
10220	549946	526164
10221	549996	526107
10222	550054	526056
10223	550104	526000
10224	550161	525948
10225	550211	525891
10226	550262	525834
10227	550317	525782
10228	550368	525725
10229	550424	525674
10230	550477	525619
10231	550531	525566
10232	550579	525506
10233	550633	525452
10234	550684	525396
10235	550736	525341
10236	550787	525284
10237	550839	525229
10238	550888	525170
10239	550937	525112
10240	550986	525053
10241	551041	525001
10242	551092	524944
10243	551143	524888
10244	551194	524831
10245	551249	524778
10246	551298	524720
10247	551354	524669
10248	551408	524615
10249	551483	524582
10250	551530	524521
10251	551580	524464
10252	551633	524409
10253	551684	524352
10254	551734	524296
10255	551781	524235
10256	551840	524186
10257	551887	524125
10258	551944	524075
10259	551995	524019
10260	552049	523965
10261	552106	523914
10262	552161	523862
10263	552223	523816
10264	552272	523757
10265	552325	523703
10266	552380	523650
10267	552429	523591
10268	552479	523534
10269	552533	523480
10270	552586	523426
10271	552638	523371
10272	552689	523314
10273	552742	523259
10274	552806	523216
10275	552860	523162
10276	552913	523107
10277	552963	523050
10278	553023	523002
10279	553072	522943
10280	553124	522888
10281	553174	522830
10282	553224	522773
10283	553275	522716
10284	553328	522663
10285	553383	522610
10286	553438	522557
10287	553496	522507
10288	553547	522451
10289	553595	522391
10290	553649	522338
10291	553705	522286
10292	553754	522227
10293	553808	522174
10294	553858	522117
10295	553910	522061
10296	553966	522009
10297	554020	521956
10298	554072	521900
10299	554120	521841
10300	554174	521788
10301	554232	521738
10302	554287	521685
10303	554340	521631
10304	554388	521571
10305	554440	521515
10306	554494	521462
10307	554541	521402
10308	554591	521345
10309	554643	521289
10310	554704	521242
10311	554758	521188
10312	554811	521134
10313	554863	521079
10314	554912	521020
10315	554961	520962
10316	555014	520907
10317	555064	520850
10318	555115	520793
10319	555168	520739
10320	555223	520686
10321	555272	520628
10322	555327	520575
10323	555378	520519
10324	555428	520461
10325	555480	520406
10326	555531	520350
10327	555586	520297
10328	555635	520239
10329	555685	520181
10330	555741	520129
10331	555792	520073
10332	555844	520018
10333	555900	519966
10334	555951	519910
10335	556005	519856
10336	556057	519800
10337	556106	519742
10338	556159	519687
10339	556204	519625
10340	556253	519567
10341	556303	519510
10342	556358	519458
10343	556407	519399
10344	556462	519346
10345	556513	519290
10346	556569	519238
10347	556616	519178
10348	556665	519120
10349	556721	519068
10350	556770	519010
10351	556825	518958
10352	556878	518903
10353	556928	518846
10354	556986	518796
10355	557038	518741
10356	557092	518687
10357	557148	518635
10358	557196	518576
10359	557257	518529
10360	557311	518475
10361	557370	518426
10362	557422	518370
10363	557476	518317
10364	557534	518267
10365	557589	518214
10366	557640	518158
10367	557693	518104
10368	557744	518048
10369	557801	517997
10370	557855	517943
10371	557905	517886
10372	557959	517832
10373	558008	517774
10374	558059	517717
10375	558109	517660
10376	558166	517610
10377	558217	517553
10378	558265	517494
10379	558315	517436
10380	558372	517386
10381	558427	517333
10382	558478	517277
10383	558542	517232
10384	558591	517174
10385	558641	517117
10386	558697	517065
10387	558749	517010
10388	558803	516956
10389	558851	516897
10390	558899	516838
10391	558947	516778
10392	558994	516719
10393	559043	516660
10394	559095	516605
10395	559147	516549
10396	559207	516501
10397	559260	516447
10398	559309	516389
10399	559358	516330
10400	559421	516286
10401	559500	516254
10402	559548	516195
10403	559596	516137
10404	559656	516088
10405	559703	516028
10406	559769	515985
10407	559822	515932
10408	559879	515880
10409	559933	515827
10410	559984	515770
10411	560038	515717
10412	560095	515666
10413	560150	515613
10414	560201	515557
10415	560256	515504
10416	560310	515450
10417	560367	515400
10418	560423	515348
10419	560478	515295
10420	560531	515241
10421	560583	515185
10422	560634	515129
10423	560690	515078
10424	560743	515023
10425	560802	514974
10426	560851	514916
10427	560901	514859
10428	560955	514805
10429	561006	514748
10430	561062	514697
10431	561113	514640
10432	561172	514591
10433	561226	514538
10434	561279	514483
10435	561335	514431
10436	561388	514377
10437	561445	514326
10438	561496	514270
10439	561546	514212
10440	561601	514160
10441	561660	514111
10442	561708	514052
10443	561757	513994
10444	561819	513947
10445	561867	513888
10446	561921	513835
10447	561977	513783
10448	562041	513738
10449	562099	513689
10450	562152	513634
10451	562202	513577
10452	562255	513522
10453	562309	513469
10454	562360	513412
10455	562415	513359
10456	562463	513301
10457	562516	513246
10458	562567	513190
10459	562621	513137
10460	562671	513079
10461	562719	513020
10462	562770	512964
10463	562823	512909
10464	562875	512853
10465	562925	512796
10466	562973	512737
10467	563024	512681
10468	563078	512628
10469	563125	512568
10470	563179	512513
10471	563230	512457
10472	563298	512417
10473	563351	512362
10474	563403	512307
10475	563470	512265
10476	563518	512206
10477	563574	512154
10478	563625	512098
10479	563675	512041
10480	563724	511982
10481	563775	511926
10482	563823	511867
10483	563874	511811
10484	563923	511753
10485	563987	511708
10486	564037	511651
10487	564091	511597
10488	564144	511543
10489	564194	511486
10490	564245	511429
10491	564302	511378
10492	564358	511326
10493	564408	511269
10494	564464	511217
10495	564513	511160
10496	564564	511103
10497	564619	511051
10498	564674	510998
10499	564722	510939
10500	564795	510902
10501	564850	510850
10502	564913	510804
10503	564972	510755
10504	565034	510709
10505	565085	510653
10506	565137	510597
10507	565188	510541
10508	565237	510483
10509	565293	510431
10510	565342	510373
10511	565395	510319
10512	565449	510265
10513	565500	510209
10514	565557	510157
10515	565607	510100
10516	565657	510043
10517	565708	509987
10518	565758	509930
10519	565809	509873
10520	565861	509818
10521	565911	509761
10522	565974	509715
10523	566024	509658
10524	566077	509604
10525	566130	509549
10526	566182	509494
10527	566233	509437
10528	566287	509384
10529	566334	509324
10530	566386	509269
10531	566438	509213
10532	566488	509156
10533	566539	509100
10534	566592	509045
10535	566645	508991
10536	566695	508934
10537	566746	508878
10538	566798	508822
10539	566849	508766
10540	566910	508718
10541	566965	508666
10542	567017	508611
10543	567070	508556
10544	567129	508507
10545	567192	508461
10546	567240	508402
10547	567292	508347
10548	567346	508294
10549	567397	508237
10550	567447	508180
10551	567504	508129
10552	567553	508071
10553	567610	508020
10554	567665	507967
10555	567717	507912
10556	567770	507858
10557	567825	507805
10558	567877	507750
10559	567935	507699
10560	567993	507649
10561	568046	507595
10562	568100	507541
10563	568157	507491
10564	568212	507437
10565	568262	507380
10566	568310	507322
10567	568359	507263
10568	568411	507208
10569	568460	507150
10570	568508	507092
10571	568561	507037
10572	568613	506981
10573	568664	506925
10574	568719	506873
10575	568800	506842
10576	568845	506782
10577	568894	506723
10578	568943	506665
10579	568995	506610
10580	569048	506556
10581	569096	506496
10582	569143	506437
10583	569198	506384
10584	569253	506331
10585	569300	506272
10586	569356	506219
10587	569404	506161
10588	569457	506106
10589	569514	506055
10590	569566	506000
10591	569620	505947
10592	569673	505892
10593	569728	505840
10594	569784	505787
10595	569835	505731
10596	569889	505678
10597	569943	505624
10598	569996	505569
10599	570047	505513
10600	570098	505457
10601	570148	505400
10602	570211	505354
10603	570260	505296
10604	570315	505244
10605	570363	505185
10606	570414	505129
10607	570466	505073
10608	570514	505014
10609	570567	504960
10610	570615	504901
10611	570666	504845
10612	570721	504792
10613	570773	504737
10614	570830	504685
10615	570881	504630
10616	570933	504574
10617	570994	504527
10618	571042	504468
10619	571095	504413
10620	571144	504356
10621	571196	504300
10622	571250	504247
10623	571304	504193
10624	571355	504137
10625	571403	504078
10626	571452	504020
10627	571502	503962
10628	571556	503909
10629	571610	503855
10630	571665	503803
10631	571716	503747
10632	571766	503690
10633	571818	503634
10634	571871	503580
10635	571922	503524
10636	571979	503473
10637	572029	503416
10638	572079	503359
10639	572133	503305
10640	572185	503249
10641	572238	503195
10642	572292	503142
10643	572343	503085
10644	572398	503033
10645	572456	502982
10646	572524	502941
10647	572578	502888
10648	572632	502834
10649	572680	502775
10650	572731	502719
10651	572805	502683
10652	572859	502629
10653	572903	502567
10654	572951	502508
10655	573002	502452
10656	573054	502397
10657	573105	502340
10658	573161	502289
10659	573212	502233
10660	573266	502179
10661	573319	502125
10662	573370	502069
10663	573423	502014
10664	573471	501955
10665	573526	501902
10666	573573	501843
10667	573622	501785
10668	573674	501730
10669	573731	501678
10670	573784	501624
10671	573834	501567
10672	573886	501512
10673	573941	501459
10674	573990	501401
10675	574043	501347
10676	574099	501294
10677	574149	501238
10678	574202	501183
10679	574257	501131
10680	574310	501076
10681	574361	501020
10682	574411	500963
10683	574465	500910
10684	574532	500867
10685	574580	500808
10686	574638	500759
10687	574686	500700
10688	574736	500643
10689	574793	500591
10690	574850	500540
10691	574902	500485
10692	574957	500433
10693	575010	500378
10694	575059	500320
10695	575108	500262
10696	575163	500209
10697	575212	500152
10698	575269	500101
10699	575319	500044
10700	575372	499989
10701	575426	499936
10702	575480	499882
10703	575534	499828
10704	575586	499773
10705	575643	499722
10706	575695	499667
10707	575742	499607
10708	575795	499552
10709	575848	499498
10710	575903	499446
10711	575957	499392
10712	576004	499332
10713	576059	499280
10714	576111	499225
10715	576166	499172
10716	576223	499121
10717	576271	499062
10718	576319	499004
10719	576366	498944
10720	576416	498886
10721	576471	498834
10722	576521	498777
10723	576582	498729
10724	576631	498672
10725	576685	498618
10726	576764	498586
10727	576814	498529
10728	576868	498475
10729	576918	498418
10730	576973	498365
10731	577022	498308
10732	577070	498249
10733	577118	498190
10734	577170	498135
10735	577221	498079
10736	577271	498022
10737	577322	497965
10738	577374	497911
10739	577427	497856
10740	577476	497799
10741	577528	497743
10742	577575	497684
10743	577624	497625
10744	577674	497569
10745	577729	497516
10746	577780	497460
10747	577833	497405
10748	577894	497358
10749	577948	497304
10750	578001	497250
10751	578080	497217
10752	578127	497158
10753	578174	497099
10754	578222	497039
10755	578274	496984
10756	578326	496929
10757	578379	496875
10758	578426	496815
10759	578477	496759
10760	578530	496705
10761	578581	496648
10762	578639	496598
10763	578692	496543
10764	578759	496501
10765	578813	496448
10766	578865	496392
10767	578912	496333
10768	578967	496280
10769	579015	496222
10770	579070	496169
10771	579123	496114
10772	579173	496058
10773	579238	496013
10774	579289	495957
10775	579351	495911
10776	579401	495854
10777	579451	495797
10778	579502	495741
10779	579551	495683
10780	579605	495629
10781	579656	495573
10782	579709	495519
10783	579758	495461
10784	579813	495408
10785	579860	495348
10786	579926	495306
10787	579988	495259
10788	580036	495200
10789	580087	495144
10790	580143	495092
10791	580194	495036
10792	580248	494982
10793	580300	494927
10794	580354	494873
10795	580407	494819
10796	580457	494762
10797	580507	494705
10798	580557	494648
10799	580613	494596
10800	580669	494544
10801	580720	494489
10802	580770	494432
10803	580821	494375
10804	580880	494326
10805	580931	494270
10806	580981	494213
10807	581032	494156
10808	581084	494101
10809	581135	494046
10810	581186	493989
10811	581237	493933
10812	581295	493883
10813	581346	493827
10814	581398	493772
10815	581449	493715
10816	581502	493661
10817	581560	493611
10818	581614	493558
10819	581662	493498
10820	581715	493444
10821	581773	493394
10822	581820	493335
10823	581870	493278
10824	581923	493223
10825	581975	493168
10826	582024	493110
10827	582075	493054
10828	582128	493000
10829	582191	492954
10830	582242	492898
10831	582294	492843
10832	582347	492788
10833	582401	492734
10834	582453	492679
10835	582509	492627
10836	582566	492576
10837	582617	492521
10838	582667	492463
10839	582721	492410
10840	582774	492355
10841	582820	492296
10842	582876	492244
10843	582931	492191
10844	582979	492132
10845	583038	492082
10846	583087	492025
10847	583147	491976
10848	583197	491919
10849	583254	491869
10850	583314	491820
10851	583361	491761
10852	583415	491707
10853	583468	491653
10854	583523	491600
10855	583575	491544
10856	583630	491492
10857	583680	491435
10858	583733	491381
10859	583784	491324
10860	583836	491269
10861	583884	491211
10862	583939	491158
10863	583994	491106
10864	584046	491050
10865	584100	490997
10866	584152	490941
10867	584198	490881
10868	584250	490826
10869	584316	490782
10870	584366	490726
10871	584417	490670
10872	584472	490616
10873	584527	490564
10874	584577	490507
10875	584628	490451
10876	584696	490410
10877	584742	490349
10878	584789	490290
10879	584840	490234
10880	584889	490175
10881	584937	490117
10882	584991	490064
10883	585047	490012
10884	585107	489963
10885	585169	489917
10886	585219	489860
10887	585275	489808
10888	585324	489750
10889	585380	489698
10890	585435	489645
10891	585483	489587
10892	585539	489535
10893	585594	489482
10894	585649	489429
10895	585706	489379
10896	585763	489327
10897	585813	489270
10898	585868	489218
10899	585923	489165
10900	585976	489110
10901	586025	489053
10902	586073	488994
10903	586127	488941
10904	586185	488891
10905	586236	488835
10906	586286	488778
10907	586341	488725
10908	586394	488671
10909	586447	488617
10910	586502	488564
10911	586554	488508
10912	586603	488450
10913	586661	488401
10914	586714	488346
10915	586768	488293
10916	586820	488237
10917	586872	488182
10918	586924	488127
10919	586974	488070
10920	587032	488020
10921	587085	487966
10922	587139	487911
10923	587195	487860
10924	587247	487805
10925	587300	487750
10926	587352	487695
10927	587407	487642
10928	587463	487590
10929	587515	487535
10930	587562	487476
10931	587627	487432
10932	587676	487374
10933	587727	487317
10934	587777	487261
10935	587824	487202
10936	587874	487145
10937	587925	487089
10938	587975	487032
10939	588029	486978
10940	588081	486923
10941	588137	486871
10942	588193	486819
10943	588244	486764
10944	588296	486708
10945	588351	486656
10946	588407	486603
10947	588463	486551
10948	588518	486499
10949	588568	486442
10950	588622	486388
10951	588693	486349
10952	588740	486289
10953	588790	486232
10954	588840	486176
10955	588887	486117
10956	588934	486057
10957	588981	485998
10958	589033	485942
10959	589082	485885
10960	589136	485832
10961	589194	485781
10962	589248	485728
10963	589299	485672
10964	589353	485618
10965	589406	485564
10966	589459	485510
10967	589511	485454
10968	589573	485407
10969	589626	485353
10970	589678	485298
10971	589735	485247
10972	589788	485192
10973	589842	485139
10974	589893	485082
10975	589939	485023
10976	590005	484979
10977	590051	484919
10978	590099	484861
10979	590153	484807
10980	590207	484754
10981	590261	484700
10982	590314	484645
10983	590370	484594
10984	590433	484547
10985	590488	484495
10986	590541	484441
10987	590594	484386
10988	590649	484333
10989	590701	484278
10990	590752	484222
10991	590806	484168
10992	590858	484113
10993	590908	484057
10994	590964	484004
10995	591015	483948
10996	591063	483890
10997	591115	483835
10998	591168	483781
10999	591221	483726
11000	591272	483671
11001	591342	483630
11002	591394	483574
11003	591441	483515
11004	591490	483458
11005	591549	483408
11006	591601	483353
11007	591652	483297
11008	591708	483245
11009	591757	483188
11010	591807	483130
11011	591862	483078
11012	591913	483022
11013	591964	482966
11014	592022	482916
11015	592072	482859
11016	592126	482805
11017	592174	482747
11018	592226	482691
11019	592281	482639
11020	592333	482584
11021	592384	482528
11022	592442	482477
11023	592491	482420
11024	592544	482366
11025	592599	482313
11026	592650	482257
11027	592703	482203
11028	592757	482149
11029	592812	482097
11030	592860	482038
11031	592909	481980
11032	592965	481928
11033	593017	481873
11034	593075	481823
11035	593126	481767
11036	593177	481711
11037	593225	481653
11038	593274	481595
11039	593327	481541
11040	593383	481488
11041	593435	481433
11042	593498	481387
11043	593548	481331
11044	593598	481274
11045	593650	481219
11046	593704	481165
11047	593754	481108
11048	593811	481057
11049	593862	481002
11050	593916	480948
11051	593973	480896
11052	594023	480840
11053	594081	480790
11054	594133	480735
11055	594185	480679
11056	594234	480622
11057	594299	480577
11058	594348	480520
11059	594400	480464
11060	594458	480414
11061	594509	480358
11062	594561	480303
11063	594617	480251
11064	594666	480193
11065	594717	480137
11066	594773	480085
11067	594824	480030
11068	594875	479974
11069	594933	479923
11070	594995	479876
11071	595049	479822
11072	595098	479765
11073	595149	479709
11074	595208	479660
11075	595268	479611
11076	595319	479555
11077	595373	479501
11078	595427	479448
11079	595479	479393
11080	595535	479341
11081	595588	479286
11082	595643	479234
11083	595698	479181
11084	595751	479127
11085	595802	479071
11086	595854	479016
11087	595914	478966
11088	595969	478914
11089	596020	478858
11090	596071	478802
11091	596123	478747
11092	596179	478695
11093	596228	478638
11094	596280	478582
11095	596332	478527
11096	596385	478473
11097	596437	478418
11098	596485	478359
11099	596533	478301
11100	596592	478251
11101	596641	478194
11102	596696	478141
11103	596745	478084
11104	596798	478029
11105	596853	477977
11106	596906	477923
11107	596965	477873
11108	597018	477819
11109	597068	477762
11110	597124	477710
11111	597178	477656
11112	597240	477609
11113	597293	477555
11114	597345	477500
11115	597401	477448
11116	597455	477394
11117	597507	477339
11118	597558	477283
11119	597610	477228
11120	597659	477170
11121	597709	477114
11122	597769	477065
11123	597827	477014
11124	597883	476963
11125	597936	476909
11126	597990	476855
11127	598040	476798
11128	598093	476744
11129	598146	476690
11130	598200	476636
11131	598253	476582
11132	598311	476531
11133	598362	476476
11134	598420	476425
11135	598469	476367
11136	598526	476316
11137	598575	476259
11138	598628	476205
11139	598681	476150
11140	598735	476096
11141	598784	476039
11142	598836	475984
11143	598886	475927
11144	598937	475872
11145	598991	475818
11146	599042	475762
11147	599098	475710
11148	599149	475654
11149	599206	475603
11150	599257	475547
11151	599307	475490
11152	599360	475436
11153	599425	475391
11154	599473	475333
11155	599525	475278
11156	599578	475223
11157	599631	475169
11158	599687	475117
11159	599739	475062
11160	599786	475003
11161	599835	474946
11162	599887	474890
11163	599937	474833
11164	599990	474779
11165	600040	474722
11166	600090	474666
11167	600139	474609
11168	600194	474555
11169	600243	474498
11170	600299	474446
11171	600354	474394
11172	600412	474343
11173	600464	474288
11174	600516	474233
11175	600573	474181
11176	600628	474129
11177	600681	474074
11178	600739	474025
11179	600787	473966
11180	600838	473910
11181	600888	473853
11182	600938	473797
11183	600989	473741
11184	601041	473686
11185	601087	473626
11186	601140	473571
11187	601195	473519
11188	601248	473464
11189	601310	473417
11190	601362	473362
11191	601420	473312
11192	601480	473263
11193	601530	473207
11194	601581	473151
11195	601636	473098
11196	601685	473041
11197	601738	472986
11198	601791	472931
11199	601844	472877
11200	601895	472821
11201	601955	472773
11202	602015	472724
11203	602075	472675
11204	602121	472615
11205	602172	472559
11206	602226	472505
11207	602283	472455
11208	602333	472398
11209	602383	472342
11210	602436	472287
11211	602490	472233
11212	602544	472180
11213	602597	472125
11214	602653	472074
11215	602706	472019
11216	602764	471969
11217	602818	471915
11218	602869	471859
11219	602931	471812
11220	602981	471756
11221	603036	471702
11222	603084	471645
11223	603137	471590
11224	603185	471532
11225	603236	471476
11226	603287	471420
11227	603342	471367
11228	603395	471313
11229	603452	471262
11230	603505	471207
11231	603558	471153
11232	603614	471102
11233	603665	471046
11234	603714	470988
11235	603763	470931
11236	603823	470882
11237	603870	470823
11238	603931	470775
11239	603981	470719
11240	604029	470660
11241	604079	470603
11242	604135	470552
11243	604186	470496
11244	604240	470442
11245	604293	470388
11246	604346	470334
11247	604409	470287
11248	604462	470233
11249	604515	470178
11250	604571	470126
11251	604623	470071
11252	604676	470017
11253	604749	469978
11254	604796	469919
11255	604851	469866
11256	604904	469812
11257	604957	469758
11258	605014	469706
11259	605066	469651
11260	605119	469597
11261	605173	469543
11262	605220	469484
11263	605272	469430
11264	605323	469374
11265	605378	469321
11266	605428	469264
11267	605481	469210
11268	605532	469154
11269	605583	469098
11270	605633	469042
11271	605688	468989
11272	605741	468935
11273	605791	468878
11274	605846	468825
11275	605896	468768
11276	605945	468711
11277	605996	468656
11278	606056	468607
11279	606104	468548
11280	606156	468493
11281	606207	468437
11282	606257	468381
11283	606311	468328
11284	606367	468275
11285	606433	468231
11286	606488	468178
11287	606548	468129
11288	606600	468074
11289	606655	468022
11290	606710	467969
11291	606764	467915
11292	606819	467863
11293	606873	467809
11294	606924	467753
11295	606978	467700
11296	607030	467645
11297	607084	467591
11298	607133	467534
11299	607186	467480
11300	607235	467422
11301	607289	467368
11302	607343	467315
11303	607398	467262
11304	607455	467211
11305	607509	467157
11306	607562	467103
11307	607610	467045
11308	607658	466987
11309	607712	466933
11310	607766	466880
11311	607816	466824
11312	607870	466769
11313	607919	466712
11314	607976	466661
11315	608027	466606
11316	608083	466553
11317	608135	466499
11318	608184	466441
11319	608235	466385
11320	608286	466329
11321	608336	466273
11322	608390	466219
11323	608438	466161
11324	608485	466102
11325	608539	466049
11326	608597	465998
11327	608660	465952
11328	608719	465902
11329	608782	465855
11330	608843	465807
11331	608895	465752
11332	608944	465694
11333	608997	465640
11334	609046	465583
11335	609097	465527
11336	609146	465470
11337	609198	465415
11338	609248	465358
11339	609305	465307
11340	609356	465251
11341	609406	465195
11342	609455	465137
11343	609509	465084
11344	609568	465034
11345	609624	464982
11346	609676	464927
11347	609732	464875
11348	609788	464823
11349	609839	464767
11350	609892	464713
11351	609944	464658
11352	609998	464605
11353	610049	464548
11354	610098	464491
11355	610153	464438
11356	610206	464384
11357	610260	464330
11358	610313	464276
11359	610361	464218
11360	610411	464161
11361	610465	464108
11362	610521	464056
11363	610579	464006
11364	610628	463948
11365	610686	463898
11366	610737	463842
11367	610791	463788
11368	610847	463737
11369	610903	463684
11370	610958	463632
11371	611009	463576
11372	611063	463522
11373	611130	463479
11374	611184	463425
11375	611247	463378
11376	611295	463320
11377	611349	463266
11378	611409	463218
11379	611458	463161
11380	611507	463103
11381	611560	463049
11382	611612	462994
11383	611662	462937
11384	611715	462883
11385	611771	462831
11386	611827	462779
11387	611877	462723
11388	611931	462669
11389	611986	462616
11390	612043	462565
11391	612098	462512
11392	612154	462460
11393	612207	462405
11394	612259	462351
11395	612319	462302
11396	612371	462247
11397	612425	462193
11398	612476	462138
11399	612528	462082
11400	612583	462030
11401	612634	461973
11402	612686	461919
11403	612740	461865
11404	612799	461816
11405	612857	461765
11406	612909	461710
11407	612960	461654
11408	613012	461599
11409	613064	461544
11410	613118	461491
11411	613173	461437
11412	613222	461381
11413	613279	461329
11414	613333	461276
11415	613383	461219
11416	613433	461163
11417	613482	461106
11418	613538	461053
11419	613589	460997
11420	613636	460939
11421	613692	460887
11422	613742	460830
11423	613801	460781
11424	613853	460726
11425	613910	460674
11426	613963	460620
11427	614022	460570
11428	614078	460518
11429	614129	460462
11430	614186	460411
11431	614240	460358
11432	614292	460302
11433	614342	460246
11434	614395	460192
11435	614447	460136
11436	614501	460083
11437	614555	460030
11438	614611	459977
11439	614664	459923
11440	614714	459867
11441	614763	459809
11442	614817	459756
11443	614869	459701
11444	614921	459646
11445	614971	459589
11446	615020	459532
11447	615079	459482
11448	615133	459429
11449	615189	459377
11450	615241	459322
11451	615294	459268
11452	615345	459212
11453	615396	459156
11454	615457	459108
11455	615505	459050
11456	615557	458995
11457	615613	458943
11458	615667	458889
11459	615721	458836
11460	615773	458781
11461	615825	458726
11462	615883	458675
11463	615936	458620
11464	615994	458571
11465	616051	458519
11466	616102	458463
11467	616152	458407
11468	616205	458353
11469	616255	458296
11470	616308	458241
11471	616362	458188
11472	616411	458131
11473	616463	458076
11474	616512	458018
11475	616562	457962
11476	616609	457903
11477	616662	457849
11478	616737	457811
11479	616784	457753
11480	616838	457699
11481	616889	457643
11482	616943	457590
11483	616999	457537
11484	617048	457480
11485	617099	457425
11486	617154	457372
11487	617214	457323
11488	617263	457266
11489	617322	457216
11490	617372	457159
11491	617431	457109
11492	617491	457061
11493	617552	457012
11494	617603	456956
11495	617650	456897
11496	617705	456845
11497	617760	456792
11498	617814	456739
11499	617862	456681
11500	617912	456624
11501	617961	456567
11502	618008	456508
11503	618057	456451
11504	618112	456398
11505	618168	456346
11506	618218	456290
11507	618267	456232
11508	618322	456180
11509	618373	456124
11510	618427	456070
11511	618477	456013
11512	618528	455958
11513	618580	455903
11514	618630	455847
11515	618688	455796
11516	618737	455739
11517	618802	455693
11518	618854	455638
11519	618907	455584
11520	618960	455530
11521	619012	455475
11522	619063	455419
11523	619115	455364
11524	619167	455309
11525	619216	455252
11526	619269	455198
11527	619321	455143
11528	619396	455105
11529	619447	455049
11530	619492	454989
11531	619539	454930
11532	619587	454872
11533	619647	454823
11534	619697	454766
11535	619747	454710
11536	619811	454664
11537	619868	454612
11538	619920	454558
11539	619973	454504
11540	620026	454449
11541	620077	454393
11542	620129	454339
11543	620186	454287
11544	620237	454231
11545	620296	454181
11546	620357	454134
11547	620419	454085
11548	620466	454027
11549	620517	453971
11550	620575	453921
11551	620634	453871
11552	620712	453835
11553	620758	453775
11554	620809	453719
11555	620866	453668
11556	620920	453615
11557	620970	453558
11558	621021	453502
11559	621074	453448
11560	621132	453398
11561	621183	453342
11562	621237	453289
11563	621285	453231
11564	621342	453179
11565	621400	453129
11566	621453	453075
11567	621508	453021
11568	621556	452964
11569	621606	452907
11570	621660	452854
11571	621724	452807
11572	621777	452754
11573	621828	452697
11574	621883	452645
11575	621938	452592
11576	621991	452537
11577	622039	452480
11578	622089	452424
11579	622146	452372
11580	622199	452317
11581	622251	452263
11582	622303	452208
11583	622370	452164
11584	622425	452111
11585	622478	452057
11586	622530	452002
11587	622584	451948
11588	622632	451891
11589	622685	451836
11590	622736	451781
11591	622786	451724
11592	622845	451674
11593	622896	451618
11594	622947	451563
11595	623005	451512
11596	623057	451457
11597	623108	451402
11598	623158	451345
11599	623210	451290
11600	623265	451237
11601	623315	451181
11602	623365	451124
11603	623420	451071
11604	623474	451018
11605	623529	450965
11606	623582	450911
11607	623638	450858
11608	623690	450804
11609	623739	450746
11610	623789	450690
11611	623848	450640
11612	623902	450587
11613	623959	450536
11614	624008	450479
11615	624062	450425
11616	624113	450369
11617	624165	450314
11618	624218	450260
11619	624267	450203
11620	624322	450150
11621	624375	450096
11622	624434	450046
11623	624483	449989
11624	624534	449933
11625	624587	449879
11626	624646	449829
11627	624699	449774
11628	624751	449719
11629	624799	449662
11630	624853	449608
11631	624906	449554
11632	624958	449499
11633	625010	449444
11634	625063	449390
11635	625114	449334
11636	625164	449278
11637	625218	449224
11638	625293	449186
11639	625358	449140
11640	625443	449109
11641	625528	449078
11642	625618	449050
11643	625699	449016
11644	625775	448978
11645	625858	448945
11646	625955	448922
11647	626037	448889
11648	626119	448856
11649	626205	448825
11650	626282	448788
11651	626362	448753
11652	626446	448721
11653	626524	448684
11654	626595	448643
11655	626660	448598
11656	626729	448554
11657	626789	448505
11658	626850	448457
11659	626901	448401
11660	626957	448348
11661	627026	448306
11662	627085	448256
11663	627140	448203
11664	627196	448151
11665	627274	448114
11666	627341	448070
11667	627419	448033
11668	627490	447992
11669	627567	447954
11670	627640	447915
11671	627702	447867
11672	627770	447823
11673	627836	447778
11674	627907	447736
11675	627983	447699
11676	628065	447665
11677	628133	447621
11678	628197	447574
11679	628250	447520
11680	628321	447479
11681	628383	447431
11682	628445	447383
11683	628507	447335
11684	628564	447283
11685	628624	447234
11686	628679	447181
11687	628732	447127
11688	628788	447075
11689	628862	447035
11690	628933	446994
11691	629007	446954
11692	629067	446905
11693	629131	446858
11694	629182	446803
11695	629244	446754
11696	629298	446701
11697	629360	446653
11698	629418	446602
11699	629484	446557
11700	629537	446503
11701	629591	446449
11702	629652	446400
11703	629704	446345
11704	629765	446297
11705	629818	446242
11706	629875	446190
11707	629933	446140
11708	629991	446089
11709	630049	446038
11710	630104	445985
11711	630158	445932
11712	630214	445879
11713	630273	445829
11714	630329	445777
11715	630383	445723
11716	630443	445673
11717	630501	445623
11718	630550	445566
11719	630606	445514
11720	630679	445473
11721	630750	445432
11722	630805	445379
11723	630863	445328
11724	630915	445272
11725	630970	445219
11726	631030	445170
11727	631091	445121
11728	631161	445079
11729	631217	445027
11730	631272	444974
11731	631345	444933
11732	631406	444885
11733	631465	444834
11734	631528	444787
11735	631582	444733
11736	631636	444680
11737	631692	444627
11738	631762	444585
11739	631820	444534
11740	631879	444484
11741	631940	444435
11742	631994	444382
11743	632046	444327
11744	632104	444276
11745	632160	444223
11746	632220	444174
11747	632272	444119
11748	632326	444065
11749	632379	444011
11750	632437	443960
11751	632493	443907
11752	632551	443856
11753	632611	443807
11754	632689	443770
11755	632825	443774
11756	632908	443741
11757	632966	443690
11758	633022	443637
11759	633082	443588
11760	633134	443533
11761	633191	443481
11762	633245	443427
11763	633299	443374
11764	633357	443323
11765	633422	443277
11766	633475	443223
11767	633525	443166
11768	633578	443111
11769	633635	443060
11770	633684	443003
11771	633732	442945
11772	633784	442889
11773	633836	442834
11774	633920	442802
11775	633983	442754
11776	634047	442708
11777	634121	442668
11778	634192	442626
11779	634266	442586
11780	634338	442545
11781	634407	442502
11782	634487	442466
11783	634557	442423
11784	634623	442378
11785	634690	442334
11786	634761	442291
11787	634827	442246
11788	634891	442199
11789	634957	442154
11790	635021	442107
11791	635091	442064
11792	635158	442020
11793	635230	441979
11794	635300	441936
11795	635375	441897
11796	635454	441861
11797	635522	441816
11798	635592	441774
11799	635657	441728
11800	635709	441673
11801	635784	441633
11802	635840	441581
11803	635903	441533
11804	635975	441492
11805	636039	441445
11806	636109	441402
11807	636179	441359
11808	636244	441314
11809	636311	441269
11810	636370	441218
11811	636431	441169
11812	636490	441119
11813	636541	441064
11814	636600	441013
11815	636653	440959
11816	636708	440906
11817	636763	440852
11818	636814	440797
11819	636870	440744
11820	636930	440694
11821	636984	440641
11822	637036	440585
11823	637085	440528
11824	637138	440474
11825	637190	440419
11826	637245	440366
11827	637299	440312
11828	637358	440261
11829	637409	440205
11830	637464	440152
11831	637514	440095
11832	637567	440041
11833	637616	439984
11834	637667	439928
11835	637720	439874
11836	637780	439824
11837	637839	439774
11838	637891	439719
11839	637947	439666
11840	638007	439616
11841	638063	439564
11842	638121	439513
11843	638172	439457
11844	638228	439404
11845	638293	439359
11846	638349	439306
11847	638407	439255
11848	638466	439205
11849	638521	439152
11850	638575	439097
11851	638627	439043
11852	638678	438986
11853	638732	438933
11854	638783	438877
11855	638839	438824
11856	638889	438768
11857	638937	438710
11858	638988	438654
11859	639040	438599
11860	639094	438545
11861	639150	438493
11862	639205	438440
11863	639256	438384
11864	639311	438331
11865	639363	438276
11866	639418	438223
11867	639473	438169
11868	639534	438120
11869	639586	438065
11870	639633	438007
11871	639683	437950
11872	639738	437896
11873	639788	437840
11874	639837	437783
11875	639891	437729
11876	639942	437673
11877	639987	437614
11878	640040	437559
11879	640089	437501
11880	640152	437454
11881	640201	437397
11882	640248	437339
11883	640304	437286
11884	640353	437229
11885	640406	437174
11886	640460	437120
11887	640515	437068
11888	640567	437012
11889	640621	436958
11890	640670	436901
11891	640725	436848
11892	640777	436793
11893	640827	436737
11894	640877	436680
11895	640924	436621
11896	640975	436565
11897	641033	436514
11898	641091	436463
11899	641136	436404
11900	641193	436351
11901	641243	436295
11902	641307	436248
11903	641360	436194
11904	641413	436139
11905	641465	436084
11906	641516	436028
11907	641564	435970
11908	641618	435916
11909	641668	435860
11910	641726	435809
11911	641780	435755
11912	641830	435699
11913	641880	435642
11914	641934	435588
11915	641984	435532
11916	642037	435477
11917	642092	435424
11918	642146	435370
11919	642198	435315
11920	642245	435257
11921	642293	435199
11922	642343	435142
11923	642401	435091
11924	642455	435037
11925	642511	434985
11926	642566	434932
11927	642617	434876
11928	642668	434820
11929	642721	434766
11930	642778	434714
11931	642829	434659
11932	642880	434603
11933	642932	434547
11934	642986	434493
11935	643039	434439
11936	643090	434383
11937	643141	434327
11938	643189	434270
11939	643239	434213
11940	643290	434157
11941	643341	434101
11942	643396	434048
11943	643445	433991
11944	643497	433936
11945	643549	433881
11946	643600	433825
11947	643655	433772
11948	643705	433716
11949	643758	433661
11950	643817	433611
11951	643866	433554
11952	643919	433499
11953	643968	433442
11954	644019	433386
11955	644067	433328
11956	644123	433276
11957	644175	433220
11958	644228	433166
11959	644281	433112
11960	644334	433057
11961	644393	433007
11962	644440	432948
11963	644501	432899
11964	644549	432842
11965	644604	432788
11966	644662	432738
11967	644711	432680
11968	644765	432627
11969	644813	432569
11970	644880	432524
11971	644941	432474
11972	644993	432419
11973	645041	432362
11974	645095	432307
11975	645145	432251
11976	645199	432198
11977	645254	432144
11978	645304	432088
11979	645359	432035
11980	645411	431980
11981	645466	431926
11982	645528	431878
11983	645581	431824
11984	645631	431768
11985	645687	431715
11986	645741	431661
11987	645790	431604
11988	645840	431547
11989	645889	431490
11990	645955	431444
11991	646004	431387
11992	646059	431334
11993	646108	431277
11994	646164	431224
11995	646216	431169
11996	646270	431116
11997	646320	431060
11998	646371	431004
11999	646427	430951
12000	646481	430897
12001	646530	430840
12002	646580	430784
12003	646633	430730
12004	646689	430677
12005	646739	430620
12006	646793	430567
12007	646840	430508
12008	646889	430451
12009	646944	430398
12010	646995	430342
12011	647043	430284
12012	647100	430233
12013	647151	430177
12014	647206	430124
12015	647260	430070
12016	647317	430018
12017	647365	429960
12018	647420	429907
12019	647472	429852
12020	647524	429797
12021	647574	429740
12022	647626	429686
12023	647677	429630
12024	647727	429574
12025	647781	429520
12026	647830	429463
12027	647880	429406
12028	647930	429350
12029	647979	429293
12030	648034	429240
12031	648083	429182
12032	648139	429130
12033	648191	429075
12034	648243	429020
12035	648295	428964
12036	648347	428909
12037	648406	428859
12038	648456	428803
12039	648511	428749
12040	648562	428694
12041	648615	428639
12042	648662	428581
12043	648714	428526
12044	648765	428470
12045	648815	428413
12046	648872	428362
12047	648918	428303
12048	648971	428249
12049	649025	428195
12050	649079	428141
12051	649137	428090
12052	649192	428037
12053	649242	427980
12054	649295	427926
12055	649345	427869
12056	649395	427813
12057	649446	427757
12058	649499	427703
12059	649553	427649
12060	649606	427595
12061	649660	427541
12062	649712	427486
12063	649764	427431
12064	649816	427376
12065	649867	427320
12066	649924	427268
12067	649976	427213
12068	650021	427153
12069	650072	427098
12070	650122	427041
12071	650178	426989
12072	650231	426934
12073	650287	426882
12074	650340	426828
12075	650388	426770
12076	650438	426714
12077	650490	426658
12078	650545	426605
12079	650595	426549
12080	650647	426494
12081	650695	426436
12082	650748	426382
12083	650802	426328
12084	650853	426272
12085	650911	426221
12086	650963	426166
12087	651015	426111
12088	651067	426056
12089	651118	426000
12090	651172	425946
12091	651223	425890
12092	651277	425837
12093	651330	425783
12094	651383	425728
12095	651433	425672
12096	651487	425618
12097	651543	425565
12098	651598	425512
12099	651649	425456
12100	651699	425400
12101	651749	425344
12102	651801	425289
12103	651857	425236
12104	651912	425183
12105	651962	425127
12106	652014	425072
12107	652070	425019
12108	652123	424965
12109	652174	424909
12110	652226	424854
12111	652277	424798
12112	652333	424746
12113	652386	424692
12114	652436	424636
12115	652487	424579
12116	652543	424527
12117	652600	424475
12118	652653	424421
12119	652704	424365
12120	652757	424311
12121	652809	424256
12122	652866	424204
12123	652917	424148
12124	652973	424096
12125	653020	424038
12126	653073	423983
12127	653122	423926
12128	653174	423871
12129	653229	423818
12130	653278	423761
12131	653332	423707
12132	653382	423651
12133	653434	423595
12134	653487	423541
12135	653544	423490
12136	653598	423436
12137	653655	423384
12138	653719	423336
12139	653772	423282
12140	653824	423227
12141	653878	423173
12142	653934	423121
12143	653983	423064
12144	654034	423008
12145	654090	422956
12146	654141	422900
12147	654197	422847
12148	654248	422792
12149	654302	422738
12150	654353	422682
12151	654409	422630
12152	654459	422573
12153	654510	422518
12154	654560	422461
12155	654613	422407
12156	654669	422355
12157	654722	422300
12158	654774	422245
12159	654825	422189
12160	654875	422133
12161	654930	422080
12162	654988	422029
12163	655037	421972
12164	655091	421918
12165	655144	421864
12166	655203	421813
12167	655254	421758
12168	655306	421703
12169	655360	421649
12170	655412	421594
12171	655458	421535
12172	655511	421481
12173	655566	421427
12174	655623	421375
12175	655677	421322
12176	655727	421266
12177	655784	421214
12178	655837	421159
12179	655899	421111
12180	655958	421060
12181	656010	421005
12182	656062	420950
12183	656112	420894
12184	656160	420836
12185	656216	420783
12186	656272	420731
12187	656321	420674
12188	656384	420626
12189	656442	420575
12190	656493	420519
12191	656550	420467
12192	656595	420408
12193	656649	420355
12194	656702	420300
12195	656751	420243
12196	656804	420189
12197	656856	420133
12198	656906	420077
12199	656956	420021
12200	657007	419965
12201	657058	419909
12202	657109	419854
12203	657162	419799
12204	657218	419747
12205	657269	419691
12206	657315	419633
12207	657366	419577
12208	657423	419525
12209	657472	419468
12210	657526	419414
12211	657576	419358
12212	657634	419307
12213	657687	419252
12214	657752	419206
12215	657798	419147
12216	657847	419090
12217	657897	419034
12218	657955	418983
12219	658010	418929
12220	658067	418878
12221	658129	418829
12222	658186	418777
12223	658233	418719
12224	658283	418662
12225	658334	418606
12226	658388	418553
12227	658439	418498
12228	658492	418443
12229	658542	418387
12230	658596	418333
12231	658652	418281
12232	658704	418225
12233	658758	418172
12234	658813	418119
12235	658864	418063
12236	658913	418006
12237	658965	417951
12238	659015	417895
12239	659068	417840
12240	659118	417784
12241	659172	417730
12242	659222	417674
12243	659278	417622
12244	659330	417567
12245	659383	417512
12246	659434	417456
12247	659483	417400
12248	659536	417345
12249	659588	417290
12250	659638	417234
12251	659688	417178
12252	659740	417123
12253	659796	417070
12254	659847	417015
12255	659897	416959
12256	659948	416903
12257	659999	416847
12258	660053	416793
12259	660104	416737
12260	660154	416681
12261	660208	416628
12262	660257	416570
12263	660311	416517
12264	660364	416463
12265	660416	416407
12266	660465	416351
12267	660521	416298
12268	660572	416243
12269	660635	416194
12270	660685	416138
12271	660737	416083
12272	660786	416027
12273	660835	415969
12274	660888	415915
12275	660942	415861
12276	661003	415812
12277	661063	415762
12278	661116	415707
12279	661176	415658
12280	661226	415601
12281	661276	415545
12282	661327	415489
12283	661376	415433
12284	661427	415377
12285	661480	415323
12286	661533	415268
12287	661589	415216
12288	661644	415163
12289	661695	415107
12290	661748	415053
12291	661801	414999
12292	661852	414943
12293	661915	414894
12294	661964	414838
12295	662014	414782
12296	662067	414727
12297	662120	414673
12298	662172	414618
12299	662227	414564
12300	662280	414511
12301	662334	414456
12302	662390	414404
12303	662442	414349
12304	662491	414293
12305	662544	414238
12306	662601	414186
12307	662664	414138
12308	662719	414085
12309	662770	414029
12310	662823	413975
12311	662876	413920
12312	662925	413863
12313	662978	413810
12314	663035	413757
12315	663089	413704
12316	663146	413652
12317	663197	413596
12318	663248	413540
12319	663298	413484
12320	663354	413432
12321	663406	413377
12322	663453	413319
12323	663507	413265
12324	663562	413212
12325	663614	413157
12326	663666	413102
12327	663719	413047
12328	663768	412991
12329	663818	412934
12330	663868	412878
12331	663923	412825
12332	663973	412769
12333	664028	412716
12334	664081	412662
12335	664130	412605
12336	664184	412551
12337	664239	412498
12338	664290	412442
12339	664341	412386
12340	664394	412332
12341	664448	412279
12342	664504	412226
12343	664559	412173
12344	664613	412119
12345	664668	412066
12346	664724	412014
12347	664772	411956
12348	664824	411901
12349	664871	411843
12350	664924	411788
12351	664975	411733
12352	665026	411678
12353	665078	411622
12354	665128	411567
12355	665178	411510
12356	665232	411456
12357	665289	411405
12358	665340	411349
12359	665393	411294
12360	665455	411246
12361	665511	411193
12362	665570	411142
12363	665625	411090
12364	665679	411036
12365	665731	410981
12366	665782	410925
12367	665831	410868
12368	665884	410814
12369	665933	410757
12370	665990	410705
12371	666045	410652
12372	666098	410598
12373	666143	410539
12374	666195	410484
12375	666244	410427
12376	666295	410371
12377	666343	410313
12378	666395	410259
12379	666446	410203
12380	666496	410147
12381	666550	410093
12382	666599	410037
12383	666651	409982
12384	666709	409930
12385	666761	409876
12386	666812	409820
12387	666857	409761
12388	666906	409704
12389	666955	409647
12390	667009	409593
12391	667062	409539
12392	667116	409485
12393	667167	409430
12394	667225	409378
12395	667279	409324
12396	667333	409271
12397	667386	409217
12398	667449	409168
12399	667505	409116
12400	667553	409058
12401	667603	409002
12402	667684	408965
12403	667734	408909
12404	667783	408852
12405	667828	408793
12406	667872	408733
12407	667921	408676
12408	667972	408621
12409	668027	408567
12410	668075	408510
12411	668129	408457
12412	668182	408402
12413	668232	408346
12414	668284	408291
12415	668335	408236
12416	668386	408180
12417	668443	408128
12418	668494	408072
12419	668546	408017
12420	668599	407963
12421	668651	407908
12422	668705	407854
12423	668765	407804
12424	668827	407756
12425	668877	407699
12426	668931	407646
12427	668997	407599
12428	669044	407541
12429	669093	407485
12430	669141	407427
12431	669191	407371
12432	669237	407312
12433	669289	407257
12434	669335	407198
12435	669389	407145
12436	669441	407090
12437	669492	407035
12438	669545	406980
12439	669595	406924
12440	669647	406869
12441	669699	406814
12442	669750	406759
12443	669802	406704
12444	669852	406647
12445	669905	406593
12446	669958	406539
12447	670009	406483
12448	670059	406427
12449	670115	406375
12450	670164	406318
12451	670223	406267
12452	670272	406211
12453	670324	406156
12454	670377	406101
12455	670424	406044
12456	670483	405993
12457	670538	405940
12458	670586	405882
12459	670637	405827
12460	670699	405778
12461	670750	405722
12462	670801	405666
12463	670851	405611
12464	670902	405555
12465	670963	405505
12466	671019	405453
12467	671071	405398
12468	671119	405341
12469	671179	405291
12470	671233	405237
12471	671285	405182
12472	671336	405127
12473	671386	405070
12474	671436	405014
12475	671491	404961
12476	671543	404906
12477	671596	404852
12478	671650	404798
12479	671700	404742
12480	671755	404689
12481	671816	404639
12482	671863	404582
12483	671921	404530
12484	671974	404476
12485	672027	404422
12486	672081	404368
12487	672132	404313
12488	672190	404261
12489	672237	404203
12490	672288	404148
12491	672338	404091
12492	672393	404038
12493	672447	403985
12494	672500	403931
12495	672555	403877
12496	672606	403822
12497	672659	403768
12498	672711	403712
12499	672763	403657
12500	672814	403602
12501	672870	403550
12502	672922	403495
12503	672976	403441
12504	673042	403394
12505	673091	403338
12506	673150	403287
12507	673208	403235
12508	673258	403180
12509	673305	403122
12510	673354	403065
12511	673406	403010
12512	673458	402955
12513	673511	402901
12514	673564	402846
12515	673615	402791
12516	673667	402736
12517	673721	402682
12518	673774	402628
12519	673823	402571
12520	673873	402515
12521	673927	402462
12522	673979	402407
12523	674029	402350
12524	674080	402295
12525	674135	402242
12526	674182	402184
12527	674230	402127
12528	674288	402075
12529	674342	402022
12530	674392	401965
12531	674445	401912
12532	674494	401855
12533	674542	401797
12534	674597	401744
12535	674650	401690
12536	674700	401634
12537	674749	401577
12538	674807	401526
12539	674861	401472
12540	674912	401417
12541	674963	401361
12542	675015	401306
12543	675066	401251
12544	675124	401200
12545	675173	401143
12546	675231	401092
12547	675283	401037
12548	675334	400981
12549	675388	400927
12550	675439	400872
12551	675493	400818
12552	675543	400762
12553	675601	400711
12554	675687	400676
12555	675736	400619
12556	675784	400562
12557	675833	400505
12558	675883	400450
12559	675935	400395
12560	675987	400340
12561	676042	400287
12562	676092	400230
12563	676144	400175
12564	676193	400119
12565	676244	400063
12566	676299	400010
12567	676354	399957
12568	676402	399900
12569	676458	399847
12570	676510	399793
12571	676567	399740
12572	676625	399689
12573	676675	399633
12574	676725	399577
12575	676778	399523
12576	676834	399470
12577	676890	399418
12578	676943	399363
12579	676996	399309
12580	677053	399257
12581	677102	399201
12582	677158	399148
12583	677214	399096
12584	677264	399040
12585	677319	398986
12586	677369	398930
12587	677432	398882
12588	677487	398829
12589	677537	398773
12590	677586	398716
12591	677636	398660
12592	677692	398607
12593	677742	398551
12594	677790	398494
12595	677846	398441
12596	677898	398386
12597	677954	398334
12598	678002	398277
12599	678050	398219
12600	678096	398161
12601	678153	398109
12602	678203	398053
12603	678254	397998
12604	678308	397944
12605	678361	397890
12606	678414	397836
12607	678467	397781
12608	678519	397726
12609	678574	397673
12610	678626	397619
12611	678675	397562
12612	678725	397506
12613	678775	397449
12614	678827	397395
12615	678875	397338
12616	678926	397282
12617	678978	397227
12618	679030	397172
12619	679083	397118
12620	679139	397066
12621	679190	397010
12622	679240	396954
12623	679291	396898
12624	679340	396842
12625	679400	396792
12626	679448	396735
12627	679501	396680
12628	679556	396627
12629	679606	396571
12630	679677	396527
12631	679727	396472
12632	679773	396413
12633	679826	396358
12634	679884	396308
12635	679934	396251
12636	679982	396194
12637	680031	396138
12638	680078	396080
12639	680129	396024
12640	680183	395971
12641	680233	395914
12642	680287	395861
12643	680338	395805
12644	680393	395753
12645	680444	395697
12646	680499	395644
12647	680552	395590
12648	680601	395533
12649	680655	395479
12650	680705	395423
12651	680759	395370
12652	680811	395315
12653	680866	395261
12654	680919	395207
12655	680991	395164
12656	681040	395107
12657	681090	395052
12658	681139	394995
12659	681189	394939
12660	681245	394886
12661	681293	394829
12662	681344	394774
12663	681393	394717
12664	681446	394663
12665	681495	394606
12666	681559	394558
12667	681614	394505
12668	681662	394448
12669	681717	394395
12670	681769	394340
12671	681822	394286
12672	681877	394232
12673	681931	394179
12674	681984	394125
12675	682047	394076
12676	682109	394027
12677	682159	393971
12678	682211	393917
12679	682264	393862
12680	682315	393807
12681	682364	393750
12682	682414	393694
12683	682467	393640
12684	682518	393584
12685	682568	393528
12686	682616	393471
12687	682670	393418
12688	682722	393363
12689	682782	393312
12690	682836	393259
12691	682889	393204
12692	682943	393151
12693	683000	393099
12694	683063	393050
12695	683117	392996
12696	683169	392942
12697	683218	392885
12698	683267	392828
12699	683318	392773
12700	683366	392716
12701	683417	392661
12702	683466	392604
12703	683524	392553
12704	683584	392503
12705	683636	392448
12706	683686	392392
12707	683737	392336
12708	683799	392287
12709	683853	392234
12710	683910	392182
12711	683961	392126
12712	684016	392073
12713	684069	392018
12714	684121	391964
12715	684173	391909
12716	684225	391854
12717	684279	391801
12718	684333	391746
12719	684387	391693
12720	684440	391639
12721	684495	391586
12722	684558	391537
12723	684609	391482
12724	684661	391427
12725	684717	391374
12726	684771	391321
12727	684824	391266
12728	684876	391211
12729	684922	391153
12730	685004	391116
12731	685047	391056
12732	685094	390998
12733	685144	390942
12734	685198	390888
12735	685246	390831
12736	685295	390775
12737	685345	390719
12738	685397	390664
12739	685454	390612
12740	685504	390556
12741	685559	390503
12742	685611	390448
12743	685670	390397
12744	685729	390346
12745	685781	390291
12746	685825	390232
12747	685878	390177
12748	685929	390122
12749	685983	390068
12750	686035	390014
12751	686091	389961
12752	686143	389906
12753	686197	389853
12754	686255	389801
12755	686308	389747
12756	686357	389690
12757	686410	389636
12758	686477	389590
12759	686526	389533
12760	686581	389480
12761	686630	389424
12762	686685	389370
12763	686742	389319
12764	686793	389263
12765	686854	389214
12766	686911	389161
12767	686968	389110
12768	687024	389057
12769	687073	389001
12770	687124	388945
12771	687172	388888
12772	687225	388834
12773	687272	388776
12774	687339	388730
12775	687388	388673
12776	687441	388619
12777	687492	388563
12778	687543	388508
12779	687597	388454
12780	687650	388400
12781	687704	388346
12782	687758	388293
12783	687810	388238
12784	687862	388183
12785	687914	388128
12786	687971	388076
12787	688026	388023
12788	688077	387968
12789	688130	387914
12790	688185	387860
12791	688244	387810
12792	688304	387759
12793	688357	387705
12794	688406	387649
12795	688459	387594
12796	688520	387544
12797	688578	387493
12798	688627	387437
12799	688680	387382
12800	688728	387325
12801	688783	387272
12802	688831	387215
12803	688885	387161
12804	688944	387111
12805	689005	387061
12806	689060	387007
12807	689113	386953
12808	689163	386897
12809	689214	386842
12810	689277	386793
12811	689331	386740
12812	689378	386682
12813	689431	386628
12814	689479	386571
12815	689533	386517
12816	689586	386463
12817	689640	386409
12818	689691	386354
12819	689745	386300
12820	689798	386246
12821	689850	386191
12822	689901	386135
12823	689949	386078
12824	690002	386024
12825	690051	385968
12826	690103	385913
12827	690152	385857
12828	690207	385804
12829	690264	385751
12830	690318	385698
12831	690369	385642
12832	690426	385590
12833	690481	385537
12834	690532	385482
12835	690583	385427
12836	690636	385372
12837	690687	385317
12838	690738	385261
12839	690792	385208
12840	690843	385152
12841	690891	385095
12842	690943	385041
12843	690998	384987
12844	691048	384932
12845	691100	384877
12846	691150	384821
12847	691201	384765
12848	691255	384712
12849	691302	384654
12850	691355	384600
12851	691410	384547
12852	691465	384494
12853	691516	384438
12854	691570	384384
12855	691622	384330
12856	691672	384274
12857	691722	384218
12858	691786	384170
12859	691839	384116
12860	691893	384062
12861	691949	384009
12862	692002	383955
12863	692055	383901
12864	692106	383846
12865	692156	383790
12866	692208	383735
12867	692259	383680
12868	692319	383629
12869	692374	383576
12870	692431	383524
12871	692488	383472
12872	692539	383417
12873	692590	383361
12874	692646	383309
12875	692699	383255
12876	692751	383200
12877	692800	383143
12878	692859	383092
12879	692909	383037
12880	692987	382996
12881	693035	382939
12882	693085	382883
12883	693133	382826
12884	693184	382771
12885	693234	382715
12886	693285	382660
12887	693337	382605
12888	693387	382549
12889	693440	382495
12890	693494	382441
12891	693543	382385
12892	693596	382330
12893	693651	382277
12894	693700	382220
12895	693756	382168
12896	693810	382114
12897	693860	382058
12898	693911	382003
12899	693967	381950
12900	694029	381901
12901	694075	381844
12902	694126	381788
12903	694175	381731
12904	694233	381680
12905	694294	381630
12906	694344	381574
12907	694395	381519
12908	694447	381464
12909	694495	381407
12910	694548	381353
12911	694596	381296
12912	694647	381240
12913	694705	381189
12914	694754	381133
12915	694805	381078
12916	694860	381024
12917	694912	380970
12918	694965	380915
12919	695016	380860
12920	695071	380807
12921	695120	380750
12922	695171	380695
12923	695228	380643
12924	695284	380590
12925	695335	380535
12926	695384	380479
12927	695436	380424
12928	695493	380372
12929	695542	380316
12930	695594	380261
12931	695642	380203
12932	695691	380148
12933	695741	380091
12934	695795	380038
12935	695863	379992
12936	695922	379941
12937	695973	379886
12938	696024	379830
12939	696082	379779
12940	696135	379725
12941	696191	379672
12942	696247	379619
12943	696298	379564
12944	696352	379510
12945	696412	379460
12946	696467	379407
12947	696524	379355
12948	696576	379300
12949	696631	379247
12950	696685	379193
12951	696734	379136
12952	696785	379081
12953	696833	379024
12954	696887	378971
12955	696972	378934
12956	697019	378876
12957	697080	378827
12958	697134	378773
12959	697184	378717
12960	697233	378661
12961	697284	378605
12962	697333	378549
12963	697382	378492
12964	697431	378436
12965	697486	378383
12966	697531	378324
12967	697580	378268
12968	697634	378214
12969	697683	378158
12970	697732	378101
12971	697781	378045
12972	697831	377989
12973	697883	377935
12974	697935	377880
12975	697990	377827
12976	698039	377770
12977	698091	377715
12978	698142	377660
12979	698194	377605
12980	698263	377560
12981	698309	377502
12982	698358	377446
12983	698410	377391
12984	698461	377335
12985	698510	377279
12986	698561	377224
12987	698612	377168
12988	698675	377119
12989	698724	377063
12990	698779	377010
12991	698835	376957
12992	698889	376904
12993	698951	376854
12994	699011	376804
12995	699059	376747
12996	699108	376691
12997	699161	376637
12998	699213	376582
12999	699263	376526
13000	699314	376470
13001	699362	376414
13002	699415	376360
13003	699464	376303
13004	699518	376250
13005	699573	376196
13006	699626	376142
13007	699681	376089
13008	699731	376033
13009	699782	375978
13010	699832	375922
13011	699879	375864
13012	699930	375810
13013	699982	375755
13014	700032	375699
13015	700081	375642
13016	700133	375588
13017	700189	375535
13018	700235	375477
13019	700286	375422
13020	700343	375370
13021	700392	375314
13022	700445	375259
13023	700497	375204
13024	700553	375152
13025	700605	375097
13026	700660	375044
13027	700712	374990
13028	700767	374936
13029	700819	374881
13030	700871	374827
13031	700929	374775
13032	700982	374721
13033	701034	374666
13034	701087	374612
13035	701141	374558
13036	701195	374505
13037	701248	374450
13038	701297	374394
13039	701354	374342
13040	701407	374288
13041	701464	374236
13042	701521	374184
13043	701572	374129
13044	701623	374073
13045	701673	374017
13046	701731	373966
13047	701780	373910
13048	701835	373856
13049	701890	373803
13050	701942	373749
13051	701994	373694
13052	702044	373638
13053	702096	373583
13054	702156	373533
13055	702207	373478
13056	702262	373425
13057	702311	373368
13058	702368	373316
13059	702419	373261
13060	702470	373205
13061	702522	373151
13062	702573	373096
13063	702621	373039
13064	702673	372984
13065	702727	372930
13066	702778	372875
13067	702832	372821
13068	702882	372766
13069	702933	372710
13070	702984	372655
13071	703033	372599
13072	703083	372543
13073	703136	372488
13074	703183	372431
13075	703233	372376
13076	703296	372327
13077	703346	372271
13078	703397	372216
13079	703450	372161
13080	703500	372105
13081	703550	372050
13082	703611	372000
13083	703662	371944
13084	703706	371886
13085	703753	371829
13086	703802	371772
13087	703851	371716
13088	703912	371666
13089	703965	371612
13090	704013	371554
13091	704066	371501
13092	704120	371447
13093	704174	371393
13094	704227	371339
13095	704272	371280
13096	704327	371228
13097	704379	371173
13098	704433	371119
13099	704486	371065
13100	704539	371011
13101	704591	370956
13102	704642	370901
13103	704689	370844
13104	704741	370789
13105	704790	370733
13106	704842	370678
13107	704893	370622
13108	704948	370569
13109	705000	370514
13110	705056	370462
13111	705104	370405
13112	705159	370352
13113	705206	370295
13114	705261	370242
13115	705315	370188
13116	705367	370133
13117	705419	370078
13118	705470	370023
13119	705519	369967
13120	705577	369915
13121	705627	369860
13122	705678	369804
13123	705729	369749
13124	705782	369695
13125	705832	369640
13126	705888	369587
13127	705947	369536
13128	706000	369481
13129	706053	369427
13130	706111	369376
13131	706172	369326
13132	706223	369271
13133	706272	369214
13134	706326	369161
13135	706379	369106
13136	706436	369054
13137	706490	369001
13138	706540	368945
13139	706588	368888
13140	706640	368834
13141	706697	368781
13142	706748	368726
13143	706807	368675
13144	706869	368626
13145	706921	368571
13146	706971	368515
13147	707024	368461
13148	707075	368406
13149	707127	368351
13150	707176	368295
13151	707225	368239
13152	707275	368183
13153	707332	368131
13154	707378	368073
13155	707433	368020
13156	707485	367965
13157	707537	367910
13158	707589	367856
13159	707641	367801
13160	707687	367743
13161	707738	367688
13162	707794	367635
13163	707847	367581
13164	707903	367529
13165	707962	367478
13166	708014	367423
13167	708064	367367
13168	708118	367313
13169	708171	367259
13170	708222	367204
13171	708270	367147
13172	708325	367094
13173	708378	367040
13174	708427	366984
13175	708481	366930
13176	708532	366875
13177	708581	366819
13178	708642	366769
13179	708693	366714
13180	708745	366659
13181	708797	366604
13182	708857	366554
13183	708904	366496
13184	708958	366443
13185	709012	366389
13186	709061	366333
13187	709109	366276
13188	709165	366223
13189	709218	366169
13190	709273	366116
13191	709327	366062
13192	709380	366008
13193	709430	365953
13194	709484	365899
13195	709539	365846
13196	709594	365793
13197	709644	365737
13198	709697	365682
13199	709745	365626
13200	709794	365570
13201	709841	365513
13202	709891	365457
13203	709941	365401
13204	709993	365346
13205	710043	365291
13206	710099	365238
13207	710153	365184
13208	710212	365133
13209	710265	365079
13210	710315	365024
13211	710368	364970
13212	710423	364916
13213	710476	364862
13214	710527	364807
13215	710580	364753
13216	710633	364698
13217	710690	364646
13218	710744	364593
13219	710801	364541
13220	710852	364485
13221	710904	364431
13222	710960	364378
13223	711015	364325
13224	711062	364268
13225	711120	364216
13226	711175	364163
13227	711226	364108
13228	711275	364052
13229	711328	363997
13230	711378	363942
13231	711429	363887
13232	711480	363831
13233	711532	363777
13234	711584	363722
13235	711639	363669
13236	711687	363612
13237	711742	363559
13238	711794	363505
13239	711846	363450
13240	711900	363396
13241	711951	363341
13242	712012	363291
13243	712061	363235
13244	712113	363180
13245	712165	363125
13246	712214	363069
13247	712265	363014
13248	712316	362959
13249	712367	362904
13250	712420	362849
13251	712467	362792
13252	712518	362737
13253	712567	362681
13254	712630	362632
13255	712681	362577
13256	712735	362523
13257	712789	362469
13258	712843	362416
13259	712896	362362
13260	712956	362311
13261	713005	362255
13262	713060	362202
13263	713111	362146
13264	713166	362093
13265	713218	362039
13266	713267	361982
13267	713319	361928
13268	713369	361873
13269	713417	361816
13270	713471	361762
13271	713526	361709
13272	713581	361656
13273	713632	361601
13274	713682	361545
13275	713733	361490
13276	713787	361436
13277	713839	361382
13278	713902	361332
13279	713952	361277
13280	714012	361226
13281	714065	361172
13282	714117	361117
13283	714167	361062
13284	714216	361005
13285	714280	360957
13286	714329	360900
13287	714379	360845
13288	714432	360791
13289	714486	360737
13290	714549	360688
13291	714602	360634
13292	714654	360579
13293	714703	360523
13294	714757	360470
13295	714814	360417
13296	714876	360368
13297	714934	360316
13298	714989	360263
13299	715041	360208
13300	715092	360153
13301	715144	360098
13302	715195	360043
13303	715250	359990
13304	715301	359935
13305	715351	359880
13306	715402	359825
13307	715454	359769
13308	715507	359715
13309	715559	359661
13310	715613	359607
13311	715663	359551
13312	715720	359500
13313	715775	359446
13314	715827	359392
13315	715882	359339
13316	715933	359283
13317	715984	359228
13318	716034	359173
13319	716089	359119
13320	716138	359063
13321	716194	359010
13322	716246	358956
13323	716293	358899
13324	716338	358841
13325	716391	358787
13326	716440	358730
13327	716489	358674
13328	716540	358619
13329	716610	358574
13330	716662	358519
13331	716714	358464
13332	716773	358413
13333	716832	358362
13334	716880	358305
13335	716928	358249
13336	716982	358195
13337	717041	358144
13338	717093	358089
13339	717144	358034
13340	717200	357981
13341	717264	357933
13342	717323	357882
13343	717374	357827
13344	717431	357774
13345	717485	357721
13346	717539	357667
13347	717590	357612
13348	717643	357558
13349	717693	357502
13350	717750	357450
13351	717805	357397
13352	717855	357342
13353	717912	357289
13354	717963	357234
13355	718017	357180
13356	718078	357130
13357	718128	357074
13358	718180	357020
13359	718235	356967
13360	718297	356917
13361	718348	356862
13362	718411	356813
13363	718472	356763
13364	718535	356714
13365	718586	356658
13366	718640	356605
13367	718692	356550
13368	718743	356495
13369	718795	356440
13370	718847	356386
13371	718892	356328
13372	718941	356271
13373	718995	356218
13374	719048	356164
13375	719098	356108
13376	719146	356052
13377	719199	355997
13378	719259	355947
13379	719306	355889
13380	719358	355835
13381	719412	355781
13382	719462	355726
13383	719517	355673
13384	719568	355617
13385	719621	355563
13386	719671	355507
13387	719726	355454
13388	719779	355400
13389	719833	355347
13390	719884	355292
13391	719938	355238
13392	719996	355186
13393	720045	355130
13394	720108	355081
13395	720156	355024
13396	720208	354970
13397	720257	354913
13398	720308	354859
13399	720362	354805
13400	720413	354750
13401	720467	354696
13402	720520	354642
13403	720579	354591
13404	720632	354537
13405	720687	354484
13406	720742	354431
13407	720795	354376
13408	720849	354323
13409	720903	354269
13410	720950	354212
13411	721005	354159
13412	721055	354103
13413	721111	354051
13414	721160	353994
13415	721210	353939
13416	721265	353886
13417	721321	353833
13418	721383	353783
13419	721439	353730
13420	721491	353676
13421	721546	353623
13422	721597	353568
13423	721649	353513
13424	721704	353460
13425	721757	353406
13426	721807	353350
13427	721861	353296
13428	721912	353241
13429	721965	353187
13430	722019	353134
13431	722070	353078
13432	722119	353023
13433	722172	352968
13434	722223	352913
13435	722284	352863
13436	722337	352809
13437	722387	352753
13438	722439	352699
13439	722492	352645
13440	722547	352591
13441	722596	352535
13442	722650	352482
13443	722705	352429
13444	722759	352375
13445	722812	352321
13446	722861	352265
13447	722911	352209
13448	722975	352160
13449	723026	352105
13450	723077	352050
13451	723129	351996
13452	723180	351941
13453	723226	351883
13454	723276	351827
13455	723329	351773
13456	723380	351718
13457	723434	351664
13458	723482	351608
13459	723534	351553
13460	723586	351499
13461	723638	351444
13462	723691	351390
13463	723739	351334
13464	723787	351277
13465	723841	351223
13466	723893	351169
13467	723951	351117
13468	724007	351064
13469	724055	351008
13470	724108	350954
13471	724166	350902
13472	724226	350852
13473	724278	350797
13474	724326	350740
13475	724374	350683
13476	724423	350628
13477	724486	350579
13478	724546	350528
13479	724594	350471
13480	724643	350415
13481	724693	350360
13482	724746	350305
13483	724804	350253
13484	724862	350202
13485	724913	350147
13486	724966	350093
13487	725018	350038
13488	725069	349983
13489	725120	349928
13490	725174	349874
13491	725228	349821
13492	725276	349764
13493	725323	349707
13494	725375	349653
13495	725427	349598
13496	725479	349544
13497	725533	349490
13498	725588	349437
13499	725655	349389
13500	725705	349333
13501	725764	349282
13502	725811	349225
13503	725863	349171
13504	725913	349115
13505	725965	349060
13506	726015	349005
13507	726066	348950
13508	726123	348898
13509	726177	348844
13510	726227	348789
13511	726299	348744
13512	726348	348687
13513	726402	348634
13514	726453	348579
13515	726513	348528
13516	726567	348474
13517	726619	348420
13518	726675	348367
13519	726733	348315
13520	726793	348265
13521	726855	348215
13522	726904	348159
13523	726957	348105
13524	727014	348053
13525	727062	347996
13526	727117	347943
13527	727178	347893
13528	727228	347837
13529	727280	347782
13530	727337	347730
13531	727389	347676
13532	727447	347624
13533	727499	347569
13534	727549	347514
13535	727603	347460
13536	727656	347406
13537	727709	347352
13538	727759	347296
13539	727813	347243
13540	727864	347188
13541	727918	347134
13542	727971	347080
13543	728021	347025
13544	728075	346971
13545	728123	346915
13546	728179	346861
13547	728241	346812
13548	728292	346757
13549	728347	346704
13550	728398	346649
13551	728450	346594
13552	728499	346538
13553	728556	346486
13554	728611	346432
13555	728667	346380
13556	728724	346328
13557	728780	346275
13558	728833	346221
13559	728884	346166
13560	728957	346121
13561	729014	346069
13562	729066	346015
13563	729114	345958
13564	729162	345901
13565	729211	345846
13566	729262	345790
13567	729314	345736
13568	729368	345682
13569	729416	345626
13570	729467	345571
13571	729521	345517
13572	729581	345466
13573	729631	345411
13574	729681	345355
13575	729734	345301
13576	729791	345249
13577	729844	345195
13578	729897	345141
13579	729948	345086
13580	729998	345030
13581	730051	344976
13582	730102	344921
13583	730147	344863
13584	730199	344809
13585	730250	344754
13586	730301	344699
13587	730354	344644
13588	730405	344589
13589	730459	344536
13590	730512	344481
13591	730562	344426
13592	730612	344370
13593	730665	344316
13594	730719	344263
13595	730771	344208
13596	730826	344155
13597	730876	344100
13598	730930	344046
13599	730979	343990
13600	731028	343934
13601	731080	343879
13602	731135	343826
13603	731186	343771
13604	731237	343716
13605	731292	343663
13606	731342	343607
13607	731394	343553
13608	731443	343497
13609	731496	343443
13610	731550	343389
13611	731600	343334
13612	731650	343278
13613	731700	343222
13614	731747	343166
13615	731792	343108
13616	731845	343054
13617	731894	342998
13618	731947	342944
13619	732000	342890
13620	732050	342834
13621	732104	342780
13622	732154	342725
13623	732203	342669
13624	732264	342619
13625	732313	342562
13626	732363	342507
13627	732418	342454
13628	732470	342399
13629	732518	342343
13630	732567	342287
13631	732614	342230
13632	732664	342175
13633	732711	342118
13634	732764	342064
13635	732814	342008
13636	732866	341954
13637	732916	341898
13638	732969	341844
13639	733022	341790
13640	733072	341735
13641	733126	341681
13642	733181	341628
13643	733234	341574
13644	733287	341520
13645	733341	341466
13646	733392	341411
13647	733443	341356
13648	733499	341303
13649	733550	341248
13650	733597	341192
13651	733649	341137
13652	733705	341084
13653	733755	341029
13654	733807	340974
13655	733861	340921
13656	733911	340865
13657	733971	340814
13658	734024	340760
13659	734076	340705
13660	734124	340649
13661	734176	340595
13662	734230	340541
13663	734296	340493
13664	734348	340438
13665	734398	340383
13666	734449	340328
13667	734500	340273
13668	734551	340218
13669	734597	340160
13670	734648	340105
13671	734697	340049
13672	734749	339995
13673	734799	339940
13674	734850	339885
13675	734899	339829
13676	734953	339775
13677	735011	339724
13678	735067	339670
13679	735118	339616
13680	735170	339561
13681	735220	339506
13682	735267	339449
13683	735319	339394
13684	735370	339339
13685	735427	339287
13686	735478	339232
13687	735527	339176
13688	735576	339120
13689	735628	339066
13690	735682	339012
13691	735734	338957
13692	735784	338902
13693	735833	338846
13694	735882	338790
13695	735935	338736
13696	735984	338680
13697	736039	338627
13698	736089	338572
13699	736141	338517
13700	736192	338462
13701	736244	338408
13702	736297	338354
13703	736348	338299
13704	736402	338245
13705	736454	338190
13706	736502	338134
13707	736553	338079
13708	736604	338024
13709	736656	337969
13710	736709	337916
13711	736764	337862
13712	736817	337808
13713	736867	337753
13714	736923	337700
13715	736975	337645
13716	737025	337590
13717	737078	337536
13718	737128	337481
13719	737180	337426
13720	737229	337370
13721	737279	337315
13722	737333	337261
13723	737386	337207
13724	737438	337153
13725	737487	337097
13726	737535	337040
13727	737583	336984
13728	737631	336928
13729	737687	336875
13730	737744	336823
13731	737798	336769
13732	737848	336714
13733	737900	336659
13734	737966	336611
13735	738016	336555
13736	738067	336501
13737	738117	336445
13738	738170	336391
13739	738218	336335
13740	738269	336280
13741	738321	336225
13742	738380	336174
13743	738432	336119
13744	738485	336065
13745	738530	336008
13746	738583	335954
13747	738635	335899
13748	738690	335846
13749	738741	335791
13750	738792	335736
13751	738847	335683
13752	738899	335629
13753	738949	335573
13754	739003	335519
13755	739055	335465
13756	739106	335410
13757	739162	335357
13758	739213	335302
13759	739262	335247
13760	739315	335192
13761	739367	335138
13762	739429	335088
13763	739479	335032
13764	739533	334979
13765	739583	334924
13766	739638	334870
13767	739691	334816
13768	739742	334762
13769	739791	334705
13770	739840	334650
13771	739893	334596
13772	739942	334540
13773	739991	334484
13774	740041	334429
13775	740097	334376
13776	740149	334321
13777	740204	334268
13778	740256	334213
13779	740305	334158
13780	740356	334103
13781	740408	334048
13782	740461	333994
13783	740523	333944
13784	740580	333892
13785	740637	333840
13786	740687	333784
13787	740739	333730
13788	740794	333677
13789	740846	333622
13790	740898	333568
13791	740952	333514
13792	741002	333459
13793	741050	333402
13794	741101	333348
13795	741150	333292
13796	741213	333242
13797	741271	333190
13798	741327	333138
13799	741378	333082
13800	741430	333028
13801	741491	332978
13802	741544	332923
13803	741599	332871
13804	741656	332818
13805	741704	332762
13806	741754	332707
13807	741807	332652
13808	741865	332600
13809	741917	332546
13810	741969	332492
13811	742029	332441
13812	742077	332385
13813	742127	332329
13814	742180	332275
13815	742228	332219
13816	742278	332163
13817	742338	332113
13818	742393	332059
13819	742446	332005
13820	742497	331950
13821	742547	331895
13822	742599	331840
13823	742658	331789
13824	742707	331733
13825	742766	331682
13826	742812	331625
13827	742862	331569
13828	742914	331515
13829	742964	331459
13830	743019	331406
13831	743073	331353
13832	743127	331299
13833	743181	331246
13834	743231	331190
13835	743283	331136
13836	743340	331083
13837	743398	331032
13838	743452	330978
13839	743501	330922
13840	743553	330868
13841	743604	330813
13842	743658	330759
13843	743711	330705
13844	743766	330652
13845	743819	330598
13846	743875	330545
13847	743921	330488
13848	743969	330432
13849	744021	330377
13850	744074	330323
13851	744122	330267
13852	744178	330214
13853	744229	330159
13854	744287	330108
13855	744338	330053
13856	744388	329997
13857	744436	329941
13858	744487	329886
13859	744540	329832
13860	744593	329778
13861	744648	329725
13862	744696	329668
13863	744748	329614
13864	744798	329559
13865	744858	329508
13866	744905	329451
13867	744958	329397
13868	745013	329344
13869	745063	329288
13870	745116	329235
13871	745170	329181
13872	745223	329127
13873	745277	329073
13874	745325	329017
13875	745383	328965
13876	745436	328911
13877	745489	328857
13878	745542	328803
13879	745587	328746
13880	745642	328693
13881	745706	328643
13882	745761	328590
13883	745808	328533
13884	745861	328480
13885	745912	328424
13886	745965	328371
13887	746015	328315
13888	746074	328264
13889	746129	328210
13890	746179	328155
13891	746231	328101
13892	746277	328044
13893	746331	327990
13894	746383	327936
13895	746432	327880
13896	746484	327825
13897	746538	327772
13898	746590	327717
13899	746640	327662
13900	746694	327608
13901	746745	327553
13902	746795	327498
13903	746846	327443
13904	746895	327387
13905	746947	327333
13906	747001	327279
13907	747055	327226
13908	747105	327170
13909	747161	327118
13910	747215	327064
13911	747269	327010
13912	747324	326957
13913	747383	326906
13914	747434	326851
13915	747493	326800
13916	747549	326747
13917	747604	326694
13918	747654	326638
13919	747704	326583
13920	747752	326527
13921	747803	326472
13922	747854	326417
13923	747905	326362
13924	747961	326309
13925	748014	326255
13926	748063	326200
13927	748127	326150
13928	748177	326095
13929	748230	326041
13930	748283	325987
13931	748333	325932
13932	748386	325878
13933	748438	325823
13934	748488	325768
13935	748545	325715
13936	748595	325660
13937	748647	325606
13938	748697	325550
13939	748749	325496
13940	748798	325440
13941	748852	325387
13942	748903	325332
13943	748955	325277
13944	749003	325221
13945	749055	325167
13946	749109	325113
13947	749162	325059
13948	749215	325005
13949	749264	324949
13950	749315	324894
13951	749364	324839
13952	749417	324784
13953	749471	324731
13954	749521	324676
13955	749573	324621
13956	749620	324565
13957	749671	324510
13958	749724	324456
13959	749775	324401
13960	749824	324345
13961	749876	324291
13962	749931	324238
13963	749985	324184
13964	750035	324129
13965	750090	324076
13966	750143	324021
13967	750195	323967
13968	750254	323915
13969	750307	323861
13970	750368	323811
13971	750430	323761
13972	750478	323705
13973	750530	323651
13974	750589	323599
13975	750640	323544
13976	750695	323491
13977	750745	323436
13978	750799	323382
13979	750853	323329
13980	750900	323272
13981	750953	323218
13982	751008	323165
13983	751063	323111
13984	751112	323056
13985	751165	323002
13986	751215	322946
13987	751267	322892
13988	751320	322838
13989	751376	322785
13990	751426	322730
13991	751481	322677
13992	751532	322622
13993	751577	322565
13994	751626	322509
13995	751679	322455
13996	751729	322399
13997	751781	322345
13998	751834	322291
13999	751890	322238
14000	751942	322184
14001	751994	322129
14002	752045	322074
14003	752110	322026
14004	752168	321974
14005	752223	321921
14006	752275	321866
14007	752329	321813
14008	752381	321758
14009	752431	321703
14010	752481	321648
14011	752540	321596
14012	752596	321544
14013	752649	321490
14014	752699	321434
14015	752757	321382
14016	752803	321325
14017	752854	321270
14018	752905	321216
14019	752957	321161
14020	753004	321105
14021	753053	321049
14022	753102	320993
14023	753152	320938
14024	753203	320883
14025	753251	320827
14026	753304	320773
14027	753355	320718
14028	753408	320664
14029	753459	320609
14030	753516	320557
14031	753565	320501
14032	753615	320446
14033	753669	320392
14034	753719	320337
14035	753771	320282
14036	753826	320230
14037	753881	320176
14038	753933	320122
14039	753984	320067
14040	754040	320014
14041	754095	319961
14042	754148	319907
14043	754200	319853
14044	754252	319798
14045	754304	319744
14046	754363	319692
14047	754416	319638
14048	754469	319584
14049	754528	319533
14050	754584	319480
14051	754634	319425
14052	754693	319373
14053	754747	319320
14054	754793	319263
14055	754849	319210
14056	754902	319156
14057	754956	319103
14058	755010	319049
14059	755063	318995
14060	755114	318940
14061	755168	318887
14062	755222	318833
14063	755274	318779
14064	755324	318724
14065	755375	318669
14066	755428	318614
14067	755482	318561
14068	755534	318506
14069	755584	318451
14070	755631	318395
14071	755682	318340
14072	755751	318293
14073	755803	318238
14074	755854	318184
14075	755911	318131
14076	755959	318075
14077	756006	318018
14078	756058	317964
14079	756111	317910
14080	756167	317857
14081	756219	317803
14082	756267	317747
14083	756318	317692
14084	756371	317638
14085	756419	317582
14086	756473	317528
14087	756524	317473
14088	756581	317421
14089	756631	317366
14090	756679	317310
14091	756727	317254
14092	756779	317199
14093	756846	317151
14094	756893	317095
14095	756947	317041
14096	756999	316986
14097	757062	316937
14098	757113	316882
14099	757162	316826
14100	757208	316769
14101	757258	316714
14102	757313	316661
14103	757366	316607
14104	757412	316550
14105	757474	316500
14106	757527	316446
14107	757584	316393
14108	757634	316339
14109	757688	316285
14110	757739	316230
14111	757793	316176
14112	757848	316123
14113	757904	316070
14114	757955	316016
14115	758006	315961
14116	758060	315907
14117	758116	315855
14118	758167	315800
14119	758218	315745
14120	758274	315692
14121	758325	315637
14122	758383	315585
14123	758434	315531
14124	758492	315479
14125	758544	315424
14126	758599	315371
14127	758659	315320
14128	758714	315267
14129	758769	315214
14130	758823	315160
14131	758877	315106
14132	758930	315052
14133	758985	314999
14134	759036	314945
14135	759090	314891
14136	759142	314836
14137	759193	314782
14138	759249	314729
14139	759305	314676
14140	759364	314625
14141	759419	314572
14142	759476	314519
14143	759527	314465
14144	759579	314410
14145	759628	314355
14146	759683	314301
14147	759737	314248
14148	759792	314195
14149	759845	314141
14150	759900	314087
14151	759957	314035
14152	760010	313981
14153	760067	313929
14154	760118	313874
14155	760170	313819
14156	760219	313764
14157	760270	313709
14158	760327	313657
14159	760376	313601
14160	760441	313552
14161	760494	313498
14162	760543	313442
14163	760595	313388
14164	760647	313333
14165	760700	313280
14166	760754	313226
14167	760815	313176
14168	760867	313121
14169	760920	313067
14170	760973	313013
14171	761033	312962
14172	761088	312909
14173	761137	312853
14174	761193	312800
14175	761255	312750
14176	761310	312697
14177	761367	312644
14178	761422	312591
14179	761478	312538
14180	761535	312486
14181	761590	312433
14182	761640	312378
14183	761685	312321
14184	761736	312266
14185	761791	312213
14186	761844	312159
14187	761893	312103
14188	761949	312050
14189	762003	311997
14190	762057	311943
14191	762111	311890
14192	762167	311837
14193	762221	311783
14194	762274	311729
14195	762326	311675
14196	762404	311631
14197	762454	311576
14198	762502	311520
14199	762553	311465
14200	762610	311413
14201	762655	311356
14202	762718	311306
14203	762781	311255
14204	762832	311201
14205	762884	311146
14206	762936	311092
14207	762983	311036
14208	763035	310981
14209	763089	310928
14210	763140	310873
14211	763191	310818
14212	763242	310763
14213	763293	310708
14214	763343	310653
14215	763394	310598
14216	763445	310543
14217	763496	310489
14218	763550	310435
14219	763606	310382
14220	763673	310334
14221	763726	310280
14222	763779	310226
14223	763836	310174
14224	763890	310120
14225	763937	310064
14226	763987	310009
14227	764039	309954
14228	764089	309899
14229	764143	309845
14230	764198	309792
14231	764248	309737
14232	764299	309682
14233	764347	309626
14234	764400	309572
14235	764457	309520
14236	764507	309465
14237	764559	309410
14238	764610	309356
14239	764664	309302
14240	764716	309248
14241	764767	309193
14242	764819	309138
14243	764869	309083
14244	764923	309030
14245	764978	308976
14246	765052	308931
14247	765100	308875
14248	765147	308819
14249	765210	308769
14250	765259	308713
14251	765306	308656
14252	765356	308602
14253	765402	308545
14254	765453	308490
14255	765504	308435
14256	765555	308380
14257	765605	308325
14258	765660	308272
14259	765712	308218
14260	765765	308164
14261	765818	308110
14262	765873	308056
14263	765918	307999
14264	765967	307944
14265	766014	307887
14266	766069	307834
14267	766125	307781
14268	766176	307727
14269	766227	307672
14270	766280	307618
14271	766359	307574
14272	766409	307519
14273	766456	307463
14274	766505	307407
14275	766555	307352
14276	766606	307297
14277	766658	307243
14278	766706	307187
14279	766757	307132
14280	766800	307074
14281	766856	307021
14282	766911	306968
14283	766987	306923
14284	767050	306873
14285	767097	306817
14286	767147	306762
14287	767198	306707
14288	767250	306653
14289	767301	306598
14290	767356	306545
14291	767411	306492
14292	767465	306438
14293	767520	306385
14294	767567	306328
14295	767618	306274
14296	767679	306223
14297	767746	306175
14298	767802	306122
14299	767852	306066
14300	767904	306012
14301	767954	305957
14302	768008	305904
14303	768061	305850
14304	768114	305796
14305	768170	305743
14306	768226	305690
14307	768280	305636
14308	768332	305582
14309	768383	305527
14310	768444	305477
14311	768504	305425
14312	768559	305372
14313	768612	305318
14314	768666	305264
14315	768728	305214
14316	768782	305161
14317	768837	305107
14318	768890	305053
14319	768946	305001
14320	769007	304950
14321	769056	304894
14322	769106	304839
14323	769158	304785
14324	769210	304730
14325	769259	304675
14326	769308	304619
14327	769358	304564
14328	769413	304511
14329	769467	304457
14330	769523	304404
14331	769574	304350
14332	769624	304295
14333	769685	304244
14334	769738	304190
14335	769792	304136
14336	769846	304083
14337	769898	304028
14338	769950	303974
14339	770002	303919
14340	770055	303866
14341	770103	303810
14342	770159	303757
14343	770214	303704
14344	770265	303649
14345	770314	303593
14346	770367	303539
14347	770415	303484
14348	770468	303429
14349	770515	303373
14350	770565	303318
14351	770621	303265
14352	770678	303213
14353	770732	303159
14354	770787	303106
14355	770846	303055
14356	770900	303001
14357	770956	302948
14358	771005	302893
14359	771056	302838
14360	771104	302782
14361	771159	302729
14362	771209	302673
14363	771258	302618
14364	771308	302563
14365	771360	302508
14366	771412	302454
14367	771470	302402
14368	771522	302348
14369	771577	302295
14370	771631	302241
14371	771683	302187
14372	771733	302132
14373	771785	302077
14374	771839	302024
14375	771890	301969
14376	771943	301915
14377	771994	301860
14378	772047	301806
14379	772100	301752
14380	772150	301697
14381	772205	301644
14382	772259	301591
14383	772314	301537
14384	772365	301483
14385	772422	301430
14386	772480	301378
14387	772532	301324
14388	772583	301269
14389	772634	301214
14390	772704	301167
14391	772763	301115
14392	772812	301060
14393	772862	301005
14394	772911	300949
14395	772963	300895
14396	773014	300840
14397	773062	300784
14398	773111	300728
14399	773162	300674
14400	773216	300620
14401	773271	300567
14402	773327	300514
14403	773375	300458
14404	773425	300403
14405	773476	300348
14406	773530	300295
14407	773583	300241
14408	773639	300188
14409	773693	300134
14410	773744	300080
14411	773795	300025
14412	773846	299970
14413	773895	299915
14414	773947	299861
14415	773995	299805
14416	774043	299749
14417	774092	299693
14418	774144	299639
14419	774193	299583
14420	774257	299534
14421	774314	299481
14422	774364	299426
14423	774414	299371
14424	774463	299316
14425	774518	299262
14426	774566	299207
14427	774617	299152
14428	774666	299096
14429	774717	299041
14430	774771	298988
14431	774821	298933
14432	774866	298876
14433	774918	298822
14434	774970	298767
14435	775023	298713
14436	775072	298658
14437	775135	298607
14438	775193	298556
14439	775256	298506
14440	775304	298450
14441	775354	298394
14442	775406	298340
14443	775461	298287
14444	775515	298233
14445	775568	298179
14446	775623	298126
14447	775689	298077
14448	775738	298022
14449	775789	297967
14450	775848	297915
14451	775899	297861
14452	775949	297806
14453	776001	297751
14454	776053	297697
14455	776107	297643
14456	776159	297589
14457	776209	297534
14458	776263	297480
14459	776310	297424
14460	776362	297370
14461	776411	297314
14462	776462	297260
14463	776510	297204
14464	776569	297152
14465	776619	297097
14466	776671	297043
14467	776721	296988
14468	776772	296933
14469	776820	296877
14470	776875	296824
14471	776932	296772
14472	777005	296725
14473	777049	296668
14474	777096	296611
14475	777146	296556
14476	777195	296501
14477	777248	296447
14478	777299	296392
14479	777348	296337
14480	777401	296283
14481	777451	296228
14482	777508	296175
14483	777559	296121
14484	777613	296067
14485	777664	296012
14486	777717	295958
14487	777767	295903
14488	777821	295850
14489	777871	295795
14490	777922	295740
14491	777970	295684
14492	778023	295630
14493	778070	295574
14494	778121	295519
14495	778170	295464
14496	778219	295408
14497	778273	295355
14498	778328	295302
14499	778381	295248
14500	778435	295194
14501	778485	295139
14502	778540	295086
14503	778589	295031
14504	778640	294976
14505	778694	294922
14506	778746	294868
14507	778797	294813
14508	778847	294758
14509	778894	294702
14510	778948	294648
14511	778996	294592
14512	779049	294538
14513	779103	294485
14514	779154	294430
14515	779206	294376
14516	779257	294321
14517	779311	294268
14518	779363	294213
14519	779416	294159
14520	779470	294106
14521	779521	294051
14522	779580	293999
14523	779633	293946
14524	779685	293891
14525	779742	293839
14526	779806	293789
14527	779861	293736
14528	779915	293682
14529	779968	293628
14530	780019	293574
14531	780073	293520
14532	780121	293464
14533	780173	293410
14534	780223	293355
14535	780279	293302
14536	780335	293250
14537	780386	293195
14538	780438	293140
14539	780488	293085
14540	780539	293031
14541	780589	292975
14542	780640	292921
14543	780691	292866
14544	780758	292817
14545	780809	292763
14546	780861	292708
14547	780913	292654
14548	780967	292601
14549	781025	292549
14550	781073	292493
14551	781143	292445
14552	781194	292390
14553	781249	292337
14554	781299	292282
14555	781347	292226
14556	781399	292172
14557	781451	292118
14558	781503	292063
14559	781559	292011
14560	781618	291959
14561	781671	291905
14562	781723	291851
14563	781772	291795
14564	781825	291741
14565	781878	291687
14566	781934	291635
14567	781982	291579
14568	782038	291526
14569	782090	291472
14570	782137	291416
14571	782189	291361
14572	782247	291309
14573	782302	291256
14574	782352	291201
14575	782410	291149
14576	782460	291094
14577	782508	291038
14578	782564	290985
14579	782614	290930
14580	782664	290875
14581	782716	290821
14582	782769	290767
14583	782818	290712
14584	782873	290658
14585	782921	290602
14586	782979	290551
14587	783043	290501
14588	783094	290446
14589	783147	290392
14590	783193	290336
14591	783246	290282
14592	783300	290228
14593	783349	290173
14594	783408	290121
14595	783468	290070
14596	783520	290016
14597	783576	289963
14598	783624	289907
14599	783694	289859
14600	783745	289804
14601	783795	289749
14602	783845	289694
14603	783901	289641
14604	783953	289587
14605	784001	289532
14606	784051	289476
14607	784103	289422
14608	784157	289369
14609	784208	289314
14610	784260	289260
14611	784311	289205
14612	784367	289152
14613	784419	289098
14614	784471	289043
14615	784522	288989
14616	784576	288935
14617	784634	288883
14618	784695	288832
14619	784756	288781
14620	784807	288727
14621	784858	288672
14622	784911	288618
14623	784963	288564
14624	785011	288508
14625	785062	288453
14626	785115	288399
14627	785172	288347
14628	785224	288293
14629	785282	288241
14630	785336	288187
14631	785387	288132
14632	785438	288078
14633	785484	288021
14634	785532	287965
14635	785584	287911
14636	785639	287858
14637	785687	287802
14638	785735	287746
14639	785791	287694
14640	785847	287641
14641	785901	287587
14642	785952	287533
14643	786006	287479
14644	786058	287425
14645	786108	287370
14646	786161	287316
14647	786213	287262
14648	786270	287209
14649	786326	287156
14650	786396	287108
14651	786444	287053
14652	786505	287002
14653	786556	286947
14654	786604	286891
14655	786651	286835
14656	786703	286781
14657	786753	286726
14658	786801	286670
14659	786851	286615
14660	786905	286562
14661	786966	286511
14662	787019	286457
14663	787070	286402
14664	787123	286348
14665	787172	286293
14666	787224	286238
14667	787276	286184
14668	787331	286131
14669	787380	286076
14670	787433	286022
14671	787489	285969
14672	787543	285915
14673	787596	285862
14674	787672	285816
14675	787719	285760
14676	787770	285705
14677	787815	285649
14678	787863	285593
14679	787913	285537
14680	787962	285482
14681	788012	285427
14682	788068	285375
14683	788120	285320
14684	788173	285266
14685	788226	285212
14686	788286	285161
14687	788344	285109
14688	788393	285053
14689	788449	285001
14690	788501	284946
14691	788556	284893
14692	788604	284838
14693	788656	284783
14694	788707	284728
14695	788780	284682
14696	788841	284631
14697	788889	284575
14698	788950	284524
14699	789004	284470
14700	789057	284417
14701	789104	284360
14702	789157	284307
14703	789209	284252
14704	789263	284199
14705	789314	284144
14706	789367	284090
14707	789417	284035
14708	789470	283981
14709	789525	283928
14710	789578	283874
14711	789633	283821
14712	789683	283766
14713	789735	283712
14714	789786	283657
14715	789842	283604
14716	789897	283551
14717	789946	283496
14718	789998	283442
14719	790051	283388
14720	790103	283333
14721	790155	283279
14722	790205	283224
14723	790255	283169
14724	790328	283122
14725	790376	283067
14726	790426	283011
14727	790480	282958
14728	790527	282902
14729	790580	282848
14730	790633	282794
14731	790681	282739
14732	790734	282684
14733	790784	282630
14734	790835	282575
14735	790889	282521
14736	790945	282469
14737	790995	282414
14738	791046	282359
14739	791093	282303
14740	791149	282250
14741	791201	282196
14742	791251	282141
14743	791303	282087
14744	791356	282033
14745	791401	281976
14746	791458	281923
14747	791512	281870
14748	791566	281816
14749	791635	281768
14750	791683	281713
14751	791731	281657
14752	791779	281601
14753	791834	281548
14754	791885	281493
14755	791934	281438
14756	791986	281384
14757	792038	281329
14758	792088	281274
14759	792146	281222
14760	792200	281169
14761	792253	281115
14762	792307	281061
14763	792359	281007
14764	792408	280952
14765	792465	280899
14766	792519	280846
14767	792572	280792
14768	792621	280736
14769	792676	280683
14770	792725	280628
14771	792772	280572
14772	792824	280517
14773	792880	280465
14774	792958	280420
14775	793004	280363
14776	793051	280307
14777	793098	280251
14778	793152	280198
14779	793197	280141
14780	793250	280087
14781	793301	280033
14782	793353	279978
14783	793399	279922
14784	793452	279868
14785	793502	279813
14786	793554	279759
14787	793607	279705
14788	793657	279650
14789	793710	279596
14790	793768	279544
14791	793821	279490
14792	793866	279433
14793	793917	279379
14794	793969	279324
14795	794022	279270
14796	794074	279216
14797	794124	279161
14798	794172	279106
14799	794219	279050
14800	794271	278995
14801	794321	278941
14802	794378	278888
14803	794430	278834
14804	794477	278778
14805	794530	278724
14806	794583	278670
14807	794635	278616
14808	794683	278560
14809	794734	278505
14810	794786	278451
14811	794840	278397
14812	794890	278342
14813	794940	278288
14814	794990	278233
14815	795044	278179
14816	795095	278125
14817	795148	278071
14818	795211	278020
14819	795261	277965
14820	795313	277911
14821	795367	277857
14822	795417	277803
14823	795466	277747
14824	795520	277694
14825	795572	277640
14826	795622	277585
14827	795674	277530
14828	795732	277478
14829	795782	277423
14830	795835	277370
14831	795886	277315
14832	795932	277259
14833	795984	277204
14834	796037	277150
14835	796091	277097
14836	796141	277042
14837	796197	276989
14838	796246	276934
14839	796299	276880
14840	796353	276826
14841	796405	276772
14842	796457	276718
14843	796514	276665
14844	796575	276614
14845	796626	276560
14846	796676	276505
14847	796722	276449
14848	796772	276394
14849	796825	276339
14850	796878	276286
14851	796948	276238
14852	796999	276183
14853	797052	276129
14854	797105	276075
14855	797151	276019
14856	797200	275964
14857	797253	275910
14858	797310	275857
14859	797360	275803
14860	797408	275747
14861	797461	275693
14862	797517	275640
14863	797570	275586
14864	797620	275531
14865	797672	275477
14866	797725	275423
14867	797776	275369
14868	797830	275315
14869	797879	275260
14870	797929	275205
14871	797983	275151
14872	798035	275097
14873	798096	275046
14874	798148	274992
14875	798204	274939
14876	798261	274887
14877	798309	274831
14878	798368	274779
14879	798421	274725
14880	798472	274671
14881	798525	274617
14882	798578	274563
14883	798628	274508
14884	798688	274457
14885	798741	274402
14886	798793	274348
14887	798848	274295
14888	798899	274241
14889	798958	274189
14890	799012	274135
14891	799067	274082
14892	799120	274028
14893	799169	273973
14894	799222	273919
14895	799271	273864
14896	799327	273811
14897	799378	273756
14898	799430	273702
14899	799479	273647
14900	799531	273593
14901	799582	273538
14902	799635	273484
14903	799684	273429
14904	799736	273375
14905	799785	273319
14906	799841	273267
14907	799893	273212
14908	799950	273160
14909	799996	273104
14910	800050	273050
14911	800101	272995
14912	800153	272941
14913	800203	272886
14914	800253	272831
14915	800302	272776
14916	800350	272721
14917	800399	272666
14918	800452	272611
14919	800503	272557
14920	800554	272502
14921	800607	272448
14922	800657	272394
14923	800707	272339
14924	800759	272285
14925	800806	272229
14926	800859	272175
14927	800914	272121
14928	800963	272066
14929	801015	272012
14930	801066	271957
14931	801116	271903
14932	801167	271848
14933	801223	271795
14934	801276	271741
14935	801327	271687
14936	801381	271633
14937	801433	271579
14938	801488	271526
14939	801539	271471
14940	801592	271418
14941	801641	271362
14942	801696	271309
14943	801745	271254
14944	801795	271199
14945	801846	271144
14946	801898	271090
14947	801951	271036
14948	802004	270982
14949	802059	270929
14950	802116	270877
14951	802168	270823
14952	802222	270769
14953	802295	270722
14954	802344	270667
14955	802394	270612
14956	802442	270556
14957	802494	270502
14958	802545	270447
14959	802594	270392
14960	802640	270336
14961	802694	270283
14962	802745	270228
14963	802792	270172
14964	802844	270118
14965	802893	270063
14966	802945	270008
14967	802998	269955
14968	803050	269900
14969	803109	269849
14970	803171	269798
14971	803220	269742
14972	803270	269688
14973	803320	269633
14974	803370	269578
14975	803424	269524
14976	803478	269471
14977	803526	269415
14978	803601	269369
14979	803648	269313
14980	803693	269256
14981	803742	269201
14982	803794	269147
14983	803848	269093
14984	803898	269039
14985	803949	268984
14986	803999	268929
14987	804051	268875
14988	804106	268822
14989	804156	268767
14990	804209	268713
14991	804267	268661
14992	804321	268607
14993	804375	268554
14994	804425	268499
14995	804477	268445
14996	804528	268390
14997	804574	268334
14998	804624	268279
14999	804673	268224
15000	804721	268169
15001	804773	268114
15002	804828	268061
15003	804885	268008
15004	804943	267956
15005	804995	267902
15006	805048	267848
15007	805103	267795
15008	805157	267742
15009	805207	267687
15010	805257	267632
15011	805306	267577
15012	805361	267524
15013	805416	267470
15014	805468	267416
15015	805520	267362
15016	805572	267308
15017	805622	267253
15018	805672	267198
15019	805728	267145
15020	805782	267092
15021	805837	267038
15022	805895	266986
15023	805946	266932
15024	806001	266879
15025	806068	266829
15026	806129	266778
15027	806177	266723
15028	806224	266667
15029	806279	266613
15030	806328	266558
15031	806392	266508
15032	806443	266454
15033	806498	266400
15034	806562	266350
15035	806612	266295
15036	806661	266240
15037	806708	266184
15038	806761	266130
15039	806820	266078
15040	806873	266025
15041	806920	265969
15042	806972	265915
15043	807028	265862
15044	807078	265807
15045	807125	265751
15046	807176	265697
15047	807227	265642
15048	807276	265587
15049	807330	265533
15050	807385	265480
15051	807440	265427
15052	807490	265372
15053	807541	265318
15054	807589	265262
15055	807644	265209
15056	807692	265153
15057	807745	265100
15058	807798	265046
15059	807854	264993
15060	807907	264939
15061	807956	264884
15062	808009	264830
15063	808063	264777
15064	808114	264722
15065	808168	264669
15066	808216	264613
15067	808268	264559
15068	808321	264505
15069	808373	264451
15070	808428	264398
15071	808484	264345
15072	808542	264292
15073	808595	264239
15074	808650	264186
15075	808703	264132
15076	808756	264078
15077	808809	264024
15078	808871	263973
15079	808940	263924
15080	808988	263869
15081	809044	263816
15082	809095	263762
15083	809144	263706
15084	809199	263653
15085	809260	263602
15086	809308	263547
15087	809360	263492
15088	809414	263439
15089	809475	263388
15090	809530	263334
15091	809581	263280
15092	809635	263226
15093	809684	263171
15094	809738	263118
15095	809789	263063
15096	809842	263009
15097	809891	262954
15098	809944	262900
15099	809996	262846
15100	810052	262793
15101	810105	262739
15102	810156	262685
15103	810208	262631
15104	810265	262578
15105	810317	262524
15106	810372	262471
15107	810429	262418
15108	810484	262365
15109	810533	262310
15110	810586	262256
15111	810637	262202
15112	810695	262149
15113	810747	262095
15114	810795	262040
15115	810848	261986
15116	810895	261930
15117	810945	261875
15118	810993	261820
15119	811048	261767
15120	811097	261711
15121	811148	261657
15122	811205	261604
15123	811256	261550
15124	811307	261495
15125	811363	261442
15126	811415	261388
15127	811471	261335
15128	811523	261281
15129	811575	261227
15130	811627	261173
15131	811681	261119
15132	811734	261065
15133	811791	261013
15134	811849	260961
15135	811900	260906
15136	811950	260851
15137	812005	260798
15138	812056	260744
15139	812107	260689
15140	812154	260634
15141	812207	260580
15142	812259	260526
15143	812314	260472
15144	812373	260420
15145	812421	260365
15146	812476	260312
15147	812532	260259
15148	812581	260204
15149	812636	260150
15150	812685	260095
15151	812738	260041
15152	812789	259987
15153	812853	259937
15154	812929	259890
15155	812976	259835
15156	813026	259780
15157	813078	259726
15158	813125	259670
15159	813171	259614
15160	813220	259558
15161	813272	259504
15162	813322	259450
15163	813371	259395
15164	813429	259342
15165	813484	259289
15166	813533	259234
15167	813580	259178
15168	813629	259123
15169	813683	259069
15170	813736	259016
15171	813787	258961
15172	813839	258907
15173	813894	258854
15174	813949	258801
15175	814003	258747
15176	814061	258695
15177	814109	258640
15178	814161	258585
15179	814236	258538
15180	814286	258484
15181	814335	258428
15182	814384	258373
15183	814432	258318
15184	814486	258264
15185	814537	258210
15186	814587	258155
15187	814644	258103
15188	814695	258048
15189	814762	257999
15190	814815	257945
15191	814866	257890
15192	814915	257835
15193	814964	257780
15194	815013	257725
15195	815067	257672
15196	815119	257617
15197	815167	257562
15198	815219	257508
15199	815273	257454
15200	815322	257399
15201	815375	257345
15202	815428	257292
15203	815483	257238
15204	815563	257193
15205	815611	257138
15206	815660	257082
15207	815717	257030
15208	815766	256975
15209	815817	256920
15210	815865	256865
15211	815918	256811
15212	815967	256756
15213	816018	256701
15214	816072	256648
15215	816128	256595
15216	816178	256540
15217	816230	256486
15218	816287	256434
15219	816338	256379
15220	816396	256327
15221	816453	256274
15222	816507	256221
15223	816560	256167
15224	816612	256113
15225	816666	256059
15226	816718	256005
15227	816771	255951
15228	816824	255897
15229	816873	255842
15230	816922	255787
15231	816974	255733
15232	817030	255680
15233	817082	255626
15234	817133	255572
15235	817183	255517
15236	817236	255463
15237	817287	255409
15238	817338	255354
15239	817389	255299
15240	817439	255245
15241	817507	255196
15242	817558	255141
15243	817608	255087
15244	817662	255033
15245	817713	254979
15246	817761	254923
15247	817812	254869
15248	817861	254814
15249	817913	254759
15250	817963	254705
15251	818016	254651
15252	818066	254596
15253	818118	254542
15254	818171	254488
15255	818227	254435
15256	818277	254380
15257	818330	254327
15258	818381	254272
15259	818435	254219
15260	818488	254165
15261	818541	254111
15262	818591	254056
15263	818650	254004
15264	818702	253950
15265	818759	253898
15266	818809	253843
15267	818863	253789
15268	818909	253733
15269	818960	253679
15270	819011	253624
15271	819078	253575
15272	819140	253524
15273	819192	253470
15274	819244	253415
15275	819299	253362
15276	819359	253311
15277	819414	253257
15278	819466	253203
15279	819519	253149
15280	819575	253097
15281	819630	253043
15282	819685	252990
15283	819737	252936
15284	819784	252880
15285	819837	252827
15286	819891	252773
15287	819941	252718
15288	819992	252664
15289	820040	252609
15290	820092	252554
15291	820144	252500
15292	820199	252447
15293	820253	252393
15294	820304	252339
15295	820355	252285
15296	820407	252230
15297	820458	252176
15298	820508	252121
15299	820561	252067
15300	820617	252015
15301	820669	251960
15302	820716	251905
15303	820768	251850
15304	820817	251795
15305	820894	251749
15306	820941	251694
15307	820988	251638
15308	821037	251583
15309	821087	251528
15310	821132	251472
15311	821183	251417
15312	821234	251363
15313	821289	251310
15314	821345	251257
15315	821395	251202
15316	821444	251147
15317	821498	251093
15318	821548	251039
15319	821602	250985
15320	821653	250931
15321	821704	250876
15322	821756	250822
15323	821807	250768
15324	821861	250714
15325	821911	250659
15326	821964	250606
15327	822019	250552
15328	822067	250497
15329	822116	250442
15330	822198	250397
15331	822243	250341
15332	822295	250287
15333	822345	250232
15334	822395	250177
15335	822450	250124
15336	822501	250070
15337	822549	250014
15338	822598	249959
15339	822652	249906
15340	822703	249851
15341	822755	249797
15342	822805	249742
15343	822861	249689
15344	822911	249635
15345	822967	249582
15346	823025	249530
15347	823073	249474
15348	823123	249419
15349	823174	249365
15350	823225	249311
15351	823283	249258
15352	823354	249210
15353	823413	249158
15354	823471	249106
15355	823522	249051
15356	823570	248996
15357	823618	248941
15358	823671	248887
15359	823722	248832
15360	823774	248778
15361	823826	248724
15362	823878	248670
15363	823934	248617
15364	823984	248562
15365	824034	248508
15366	824086	248453
15367	824136	248399
15368	824187	248344
15369	824238	248290
15370	824291	248236
15371	824342	248182
15372	824394	248128
15373	824446	248073
15374	824496	248019
15375	824545	247964
15376	824598	247910
15377	824648	247855
15378	824696	247800
15379	824753	247747
15380	824806	247693
15381	824865	247642
15382	824914	247586
15383	824963	247531
15384	825014	247477
15385	825070	247424
15386	825119	247369
15387	825165	247313
15388	825217	247259
15389	825267	247205
15390	825317	247150
15391	825372	247096
15392	825423	247042
15393	825480	246989
15394	825531	246935
15395	825583	246881
15396	825634	246826
15397	825688	246773
15398	825740	246719
15399	825788	246664
15400	825850	246612
15401	825905	246559
15402	825958	246505
15403	826011	246452
15404	826062	246397
15405	826116	246344
15406	826200	246299
15407	826244	246243
15408	826297	246189
15409	826342	246133
15410	826394	246079
15411	826444	246024
15412	826497	245970
15413	826548	245915
15414	826596	245860
15415	826647	245806
15416	826699	245752
15417	826751	245698
15418	826801	245643
15419	826856	245590
15420	826909	245536
15421	826961	245482
15422	827013	245428
15423	827060	245372
15424	827108	245317
15425	827159	245262
15426	827210	245208
15427	827262	245154
15428	827315	245100
15429	827366	245046
15430	827418	244992
15431	827468	244937
15432	827519	244883
15433	827572	244829
15434	827621	244774
15435	827670	244719
15436	827718	244664
15437	827774	244611
15438	827824	244556
15439	827877	244502
15440	827927	244448
15441	827983	244394
15442	828043	244343
15443	828103	244291
15444	828150	244235
15445	828203	244182
15446	828254	244127
15447	828305	244073
15448	828360	244020
15449	828411	243965
15450	828459	243910
15451	828510	243856
15452	828565	243802
15453	828618	243749
15454	828675	243696
15455	828733	243644
15456	828796	243593
15457	828856	243541
15458	828918	243490
15459	828984	243440
15460	829047	243389
15461	829101	243336
15462	829160	243284
15463	829207	243228
15464	829259	243174
15465	829314	243121
15466	829359	243064
15467	829413	243011
15468	829466	242957
15469	829526	242905
15470	829578	242851
15471	829632	242798
15472	829688	242745
15473	829738	242690
15474	829790	242636
15475	829849	242584
15476	829899	242529
15477	829947	242474
15478	830000	242420
15479	830056	242367
15480	830121	242317
15481	830177	242264
15482	830234	242211
15483	830288	242158
15484	830344	242105
15485	830402	242053
15486	830452	241998
15487	830504	241944
15488	830554	241889
15489	830606	241835
15490	830657	241781
15491	830707	241726
15492	830771	241675
15493	830824	241622
15494	830877	241568
15495	830930	241514
15496	830983	241460
15497	831033	241406
15498	831095	241354
15499	831145	241300
15500	831197	241246
15501	831248	241191
15502	831311	241140
15503	831362	241086
15504	831411	241031
15505	831462	240977
15506	831518	240924
15507	831567	240869
15508	831620	240815
15509	831671	240761
15510	831724	240707
15511	831775	240652
15512	831829	240599
15513	831881	240545
15514	831935	240491
15515	831986	240437
15516	832037	240383
15517	832088	240328
15518	832138	240274
15519	832196	240221
15520	832247	240167
15521	832298	240112
15522	832349	240058
15523	832401	240004
15524	832454	239950
15525	832510	239897
15526	832557	239842
15527	832611	239788
15528	832658	239733
15529	832711	239679
15530	832765	239625
15531	832813	239570
15532	832876	239519
15533	832927	239465
15534	832978	239410
15535	833027	239355
15536	833079	239301
15537	833129	239247
15538	833183	239193
15539	833232	239138
15540	833283	239084
15541	833340	239031
15542	833391	238977
15543	833443	238923
15544	833495	238869
15545	833544	238814
15546	833593	238759
15547	833645	238705
15548	833693	238650
15549	833742	238594
15550	833793	238540
15551	833845	238486
15552	833899	238433
15553	833947	238378
15554	834000	238324
15555	834054	238270
15556	834133	238224
15557	834180	238168
15558	834228	238113
15559	834281	238059
15560	834335	238006
15561	834395	237954
15562	834448	237900
15563	834499	237846
15564	834550	237791
15565	834607	237739
15566	834659	237685
15567	834711	237631
15568	834763	237577
15569	834813	237522
15570	834863	237467
15571	834920	237415
15572	834969	237360
15573	835025	237307
15574	835075	237252
15575	835128	237198
15576	835179	237144
15577	835230	237090
15578	835289	237038
15579	835338	236983
15580	835399	236931
15581	835451	236877
15582	835503	236823
15583	835553	236768
15584	835606	236714
15585	835658	236660
15586	835707	236605
15587	835760	236552
15588	835813	236498
15589	835863	236443
15590	835915	236389
15591	835966	236335
15592	836019	236281
15593	836076	236228
15594	836128	236174
15595	836180	236120
15596	836232	236066
15597	836283	236012
15598	836339	235959
15599	836394	235906
15600	836445	235851
15601	836497	235797
15602	836549	235743
15603	836602	235689
15604	836655	235636
15605	836703	235580
15606	836751	235525
15607	836801	235470
15608	836851	235416
15609	836903	235362
15610	836951	235307
15611	837001	235252
15612	837061	235200
15613	837111	235146
15614	837164	235092
15615	837216	235038
15616	837274	234985
15617	837323	234930
15618	837371	234875
15619	837425	234822
15620	837477	234768
15621	837528	234713
15622	837579	234659
15623	837630	234605
15624	837680	234550
15625	837728	234495
15626	837778	234440
15627	837833	234387
15628	837880	234332
15629	837931	234277
15630	837985	234224
15631	838038	234170
15632	838087	234115
15633	838136	234060
15634	838189	234006
15635	838242	233953
15636	838309	233903
15637	838367	233850
15638	838417	233796
15639	838470	233742
15640	838521	233688
15641	838573	233634
15642	838624	233579
15643	838675	233525
15644	838727	233471
15645	838783	233418
15646	838832	233363
15647	838885	233309
15648	838941	233256
15649	838992	233202
15650	839041	233147
15651	839092	233093
15652	839147	233039
15653	839196	232985
15654	839247	232930
15655	839302	232877
15656	839354	232823
15657	839408	232769
15658	839467	232717
15659	839516	232662
15660	839570	232609
15661	839624	232555
15662	839671	232500
15663	839721	232445
15664	839770	232391
15665	839820	232336
15666	839872	232282
15667	839928	232229
15668	839977	232174
15669	840027	232119
15670	840083	232066
15671	840131	232011
15672	840191	231959
15673	840240	231905
15674	840291	231850
15675	840345	231797
15676	840396	231742
15677	840452	231689
15678	840499	231634
15679	840553	231581
15680	840602	231526
15681	840650	231471
15682	840702	231416
15683	840754	231362
15684	840807	231309
15685	840852	231253
15686	840900	231198
15687	840952	231143
15688	841006	231090
15689	841056	231035
15690	841108	230981
15691	841160	230927
15692	841213	230874
15693	841268	230820
15694	841321	230766
15695	841377	230714
15696	841427	230659
15697	841480	230605
15698	841534	230552
15699	841601	230502
15700	841657	230449
15701	841711	230395
15702	841762	230341
15703	841814	230287
15704	841873	230235
15705	841928	230182
15706	841981	230128
15707	842033	230074
15708	842086	230020
15709	842136	229966
15710	842189	229912
15711	842239	229857
15712	842294	229804
15713	842344	229749
15714	842398	229696
15715	842446	229641
15716	842499	229587
15717	842549	229532
15718	842602	229479
15719	842656	229425
15720	842710	229372
15721	842762	229317
15722	842820	229265
15723	842871	229211
15724	842920	229156
15725	842973	229102
15726	843020	229047
15727	843071	228992
15728	843122	228938
15729	843171	228883
15730	843223	228829
15731	843273	228775
15732	843323	228720
15733	843378	228667
15734	843428	228612
15735	843478	228558
15736	843540	228506
15737	843603	228455
15738	843654	228401
15739	843704	228346
15740	843752	228291
15741	843804	228237
15742	843858	228184
15743	843911	228130
15744	843965	228076
15745	844016	228022
15746	844068	227968
15747	844122	227915
15748	844171	227860
15749	844222	227806
15750	844278	227753
15751	844332	227699
15752	844384	227645
15753	844435	227591
15754	844485	227536
15755	844544	227484
15756	844592	227429
15757	844639	227374
15758	844692	227320
15759	844744	227266
15760	844815	227217
15761	844861	227161
15762	844912	227107
15763	844962	227052
15764	845012	226998
15765	845061	226943
15766	845112	226889
15767	845163	226834
15768	845219	226781
15769	845267	226726
15770	845316	226671
15771	845367	226617
15772	845416	226562
15773	845467	226508
15774	845514	226453
15775	845567	226399
15776	845620	226345
15777	845669	226290
15778	845720	226236
15779	845775	226183
15780	845827	226129
15781	845877	226074
15782	845926	226019
15783	845975	225965
15784	846025	225910
15785	846078	225856
15786	846146	225806
15787	846194	225751
15788	846244	225697
15789	846291	225641
15790	846344	225588
15791	846398	225534
15792	846452	225481
15793	846498	225425
15794	846548	225371
15795	846603	225317
15796	846658	225264
15797	846706	225209
15798	846766	225157
15799	846820	225104
15800	846873	225050
15801	846929	224997
15802	846976	224942
15803	847024	224887
15804	847074	224832
15805	847126	224778
15806	847174	224723
15807	847227	224669
15808	847276	224614
15809	847324	224559
15810	847378	224506
15811	847452	224458
15812	847503	224403
15813	847552	224348
15814	847598	224293
15815	847646	224238
15816	847697	224183
15817	847743	224128
15818	847792	224073
15819	847844	224019
15820	847900	223966
15821	847951	223912
15822	848005	223858
15823	848056	223804
15824	848106	223750
15825	848159	223696
15826	848208	223641
15827	848260	223587
15828	848309	223532
15829	848361	223478
15830	848415	223425
15831	848464	223370
15832	848517	223316
15833	848581	223265
15834	848632	223211
15835	848684	223157
15836	848734	223102
15837	848784	223048
15838	848834	222993
15839	848888	222940
15840	848937	222885
15841	848990	222831
15842	849044	222778
15843	849095	222724
15844	849148	222670
15845	849203	222617
15846	849250	222561
15847	849297	222506
15848	849350	222452
15849	849403	222399
15850	849452	222344
15851	849498	222288
15852	849552	222235
15853	849614	222183
15854	849665	222129
15855	849714	222074
15856	849767	222021
15857	849817	221966
15858	849870	221912
15859	849926	221859
15860	849984	221807
15861	850034	221752
15862	850105	221703
15863	850151	221648
15864	850198	221592
15865	850246	221537
15866	850293	221482
15867	850345	221428
15868	850397	221374
15869	850448	221320
15870	850500	221266
15871	850555	221213
15872	850614	221160
15873	850666	221106
15874	850730	221056
15875	850789	221003
15876	850849	220951
15877	850897	220896
15878	850947	220842
15879	850999	220788
15880	851052	220734
15881	851104	220680
15882	851152	220625
15883	851206	220571
15884	851253	220516
15885	851305	220462
15886	851359	220409
15887	851416	220356
15888	851464	220301
15889	851519	220248
15890	851570	220193
15891	851629	220141
15892	851692	220090
15893	851742	220036
15894	851793	219982
15895	851848	219928
15896	851899	219874
15897	851949	219819
15898	851999	219765
15899	852049	219710
15900	852096	219655
15901	852147	219601
15902	852195	219546
15903	852251	219493
15904	852313	219441
15905	852364	219387
15906	852419	219334
15907	852473	219281
15908	852526	219227
15909	852583	219174
15910	852635	219120
15911	852690	219067
15912	852749	219015
15913	852805	218962
15914	852860	218908
15915	852908	218854
15916	852965	218801
15917	853017	218747
15918	853075	218694
15919	853133	218642
15920	853190	218589
15921	853236	218534
15922	853285	218479
15923	853337	218425
15924	853388	218370
15925	853439	218316
15926	853491	218262
15927	853547	218209
15928	853601	218156
15929	853657	218103
15930	853711	218049
15931	853764	217996
15932	853818	217942
15933	853876	217890
15934	853930	217836
15935	853985	217783
15936	854035	217728
15937	854084	217674
15938	854131	217619
15939	854187	217565
15940	854238	217511
15941	854286	217456
15942	854337	217402
15943	854387	217347
15944	854441	217294
15945	854493	217240
15946	854550	217187
15947	854605	217134
15948	854657	217080
15949	854711	217027
15950	854763	216973
15951	854815	216918
15952	854867	216865
15953	854920	216811
15954	854973	216757
15955	855031	216705
15956	855084	216651
15957	855135	216597
15958	855188	216543
15959	855236	216488
15960	855289	216434
15961	855339	216380
15962	855391	216326
15963	855447	216273
15964	855517	216223
15965	855580	216172
15966	855629	216117
15967	855679	216063
15968	855730	216009
15969	855782	215955
15970	855833	215900
15971	855887	215847
15972	855940	215793
15973	855991	215739
15974	856042	215685
15975	856097	215631
15976	856146	215577
15977	856198	215523
15978	856251	215469
15979	856309	215417
15980	856362	215363
15981	856414	215309
15982	856466	215255
15983	856520	215201
15984	856572	215147
15985	856628	215094
15986	856679	215040
15987	856739	214988
15988	856803	214937
15989	856858	214884
15990	856906	214829
15991	856958	214775
15992	857012	214721
15993	857065	214668
15994	857119	214614
15995	857175	214561
15996	857227	214507
15997	857286	214455
15998	857341	214402
15999	857392	214348
16000	857444	214294
16001	857496	214240
16002	857544	214185
16003	857603	214132
16004	857653	214078
16005	857707	214025
16006	857760	213971
16007	857813	213917
16008	857869	213864
16009	857920	213810
16010	857967	213755
16011	858016	213700
16012	858067	213646
16013	858119	213592
16014	858169	213537
16015	858216	213482
16016	858267	213428
16017	858318	213373
16018	858373	213320
16019	858427	213267
16020	858479	213213
16021	858529	213158
16022	858586	213105
16023	858639	213052
16024	858686	212997
16025	858737	212942
16026	858795	212890
16027	858847	212836
16028	858897	212781
16029	858947	212727
16030	858994	212672
16031	859046	212618
16032	859100	212564
16033	859160	212512
16034	859211	212458
16035	859258	212403
16036	859306	212348
16037	859363	212295
16038	859413	212241
16039	859477	212190
16040	859529	212136
16041	859579	212081
16042	859631	212027
16043	859682	211973
16044	859731	211918
16045	859781	211864
16046	859833	211810
16047	859883	211755
16048	859932	211701
16049	859986	211647
16050	860038	211593
16051	860088	211539
16052	860148	211487
16053	860200	211433
16054	860252	211379
16055	860304	211325
16056	860360	211272
16057	860406	211216
16058	860465	211164
16059	860515	211110
16060	860566	211056
16061	860620	211002
16062	860678	210950
16063	860730	210896
16064	860802	210847
16065	860853	210792
16066	860904	210738
16067	860963	210686
16068	861015	210632
16069	861064	210577
16070	861120	210524
16071	861171	210470
16072	861222	210416
16073	861274	210362
16074	861328	210308
16075	861376	210253
16076	861433	210201
16077	861486	210147
16078	861540	210094
16079	861588	210039
16080	861648	209986
16081	861701	209933
16082	861754	209879
16083	861805	209825
16084	861859	209771
16085	861909	209717
16086	861969	209665
16087	862032	209614
16088	862081	209559
16089	862140	209506
16090	862191	209452
16091	862245	209399
16092	862304	209347
16093	862358	209293
16094	862414	209240
16095	862470	209187
16096	862526	209134
16097	862579	209080
16098	862636	209028
16099	862687	208974
16100	862737	208919
16101	862787	208865
16102	862832	208809
16103	862885	208755
16104	862935	208701
16105	862989	208647
16106	863041	208593
16107	863099	208541
16108	863156	208488
16109	863210	208435
16110	863264	208381
16111	863316	208327
16112	863367	208273
16113	863422	208220
16114	863491	208170
16115	863564	208121
16116	863628	208070
16117	863693	208019
16118	863750	207966
16119	863821	207917
16120	863887	207866
16121	863952	207815
16122	864016	207764
16123	864081	207713
16124	864147	207663
16125	864216	207613
16126	864289	207564
16127	864352	207513
16128	864417	207462
16129	864502	207416
16130	864586	207369
16131	864655	207320
16132	864736	207273
16133	864815	207225
16134	864891	207177
16135	864969	207129
16136	865046	207081
16137	865121	207032
16138	865224	206991
16139	865342	206952
16140	865486	206921
16141	865556	206871
16142	865631	206822
16143	865699	206772
16144	865768	206722
16145	865839	206673
16146	865894	206619
16147	865941	206564
16148	865997	206511
16149	866056	206459
16150	866109	206405
16151	866162	206351
16152	866213	206297
16153	866271	206244
16154	866319	206189
16155	866373	206136
16156	866420	206081
16157	866471	206026
16158	866525	205973
16159	866575	205919
16160	866623	205864
16161	866677	205810
16162	866733	205757
16163	866786	205703
16164	866832	205648
16165	866891	205595
16166	866945	205542
16167	866995	205487
16168	867056	205436
16169	867111	205382
16170	867162	205328
16171	867214	205274
16172	867267	205220
16173	867321	205167
16174	867374	205113
16175	867427	205059
16176	867507	205012
16177	867556	204957
16178	867605	204902
16179	867655	204848
16180	867708	204794
16181	867760	204740
16182	867812	204686
16183	867867	204633
16184	867919	204579
16185	867969	204524
16186	868020	204470
16187	868072	204416
16188	868125	204362
16189	868182	204309
16190	868233	204255
16191	868293	204203
16192	868342	204148
16193	868394	204094
16194	868443	204040
16195	868493	203985
16196	868548	203932
16197	868598	203877
16198	868651	203823
16199	868705	203770
16200	868767	203718
16201	868823	203665
16202	868872	203610
16203	868925	203557
16204	868983	203504
16205	869032	203449
16206	869090	203397
16207	869143	203343
16208	869194	203289
16209	869244	203234
16210	869300	203181
16211	869349	203127
16212	869402	203073
16213	869453	203019
16214	869508	202965
16215	869561	202911
16216	869609	202857
16217	869661	202803
16218	869716	202749
16219	869761	202694
16220	869812	202639
16221	869861	202585
16222	869911	202530
16223	869959	202475
16224	870007	202420
16225	870057	202366
16226	870108	202312
16227	870169	202260
16228	870230	202208
16229	870283	202154
16230	870333	202100
16231	870383	202045
16232	870434	201991
16233	870488	201937
16234	870539	201883
16235	870592	201829
16236	870642	201775
16237	870697	201722
16238	870753	201669
16239	870803	201614
16240	870855	201560
16241	870907	201506
16242	870960	201452
16243	871010	201398
16244	871078	201348
16245	871130	201294
16246	871185	201240
16247	871236	201186
16248	871288	201132
16249	871338	201078
16250	871386	201023
16251	871441	200969
16252	871495	200916
16253	871545	200861
16254	871590	200806
16255	871641	200751
16256	871692	200697
16257	871741	200643
16258	871789	200588
16259	871839	200533
16260	871890	200479
16261	871946	200426
16262	871991	200370
16263	872039	200316
16264	872087	200261
16265	872142	200207
16266	872195	200153
16267	872247	200100
16268	872302	200046
16269	872357	199993
16270	872408	199939
16271	872465	199886
16272	872515	199831
16273	872563	199777
16274	872615	199723
16275	872668	199669
16276	872720	199615
16277	872771	199561
16278	872834	199509
16279	872881	199454
16280	872930	199399
16281	872978	199344
16282	873028	199290
16283	873077	199235
16284	873127	199181
16285	873184	199128
16286	873236	199074
16287	873290	199021
16288	873342	198967
16289	873392	198912
16290	873442	198858
16291	873492	198803
16292	873545	198750
16293	873600	198696
16294	873652	198642
16295	873702	198588
16296	873753	198533
16297	873805	198479
16298	873856	198425
16299	873908	198371
16300	873960	198317
16301	874016	198264
16302	874068	198210
16303	874125	198157
16304	874178	198104
16305	874230	198050
16306	874279	197995
16307	874330	197941
16308	874378	197886
16309	874431	197832
16310	874484	197779
16311	874535	197724
16312	874584	197670
16313	874635	197615
16314	874689	197562
16315	874740	197508
16316	874793	197454
16317	874841	197399
16318	874900	197347
16319	874950	197292
16320	875001	197238
16321	875057	197185
16322	875119	197133
16323	875172	197079
16324	875225	197026
16325	875274	196971
16326	875331	196918
16327	875387	196865
16328	875434	196810
16329	875487	196756
16330	875540	196703
16331	875594	196649
16332	875649	196596
16333	875698	196541
16334	875752	196488
16335	875803	196433
16336	875856	196380
16337	875905	196325
16338	875952	196270
16339	876004	196216
16340	876059	196163
16341	876113	196109
16342	876167	196056
16343	876216	196001
16344	876272	195948
16345	876324	195894
16346	876374	195840
16347	876429	195786
16348	876476	195731
16349	876531	195678
16350	876581	195623
16351	876632	195569
16352	876685	195515
16353	876737	195461
16354	876788	195407
16355	876855	195357
16356	876905	195302
16357	876953	195247
16358	877004	195193
16359	877057	195139
16360	877120	195088
16361	877168	195033
16362	877219	194979
16363	877272	194925
16364	877323	194871
16365	877374	194817
16366	877423	194762
16367	877475	194708
16368	877527	194654
16369	877576	194600
16370	877628	194546
16371	877677	194491
16372	877727	194437
16373	877778	194382
16374	877830	194328
16375	877888	194276
16376	877937	194221
16377	877990	194167
16378	878038	194113
16379	878085	194058
16380	878139	194004
16381	878189	193950
16382	878237	193895
16383	878289	193841
16384	878339	193786
16385	878389	193732
16386	878440	193678
16387	878487	193623
16388	878542	193569
16389	878595	193516
16390	878645	193461
16391	878695	193407
16392	878745	193352
16393	878800	193299
16394	878851	193245
16395	878912	193193
16396	878968	193140
16397	879020	193086
16398	879074	193032
16399	879127	192979
16400	879177	192924
16401	879233	192871
16402	879285	192817
16403	879335	192763
16404	879387	192709
16405	879434	192654
16406	879500	192603
16407	879558	192550
16408	879605	192495
16409	879668	192444
16410	879714	192388
16411	879764	192334
16412	879814	192280
16413	879868	192226
16414	879918	192172
16415	879969	192118
16416	880023	192064
16417	880072	192010
16418	880130	191957
16419	880182	191903
16420	880236	191849
16421	880294	191797
16422	880347	191743
16423	880400	191689
16424	880451	191635
16425	880516	191584
16426	880568	191530
16427	880623	191477
16428	880679	191424
16429	880731	191370
16430	880786	191316
16431	880858	191267
16432	880917	191214
16433	880972	191161
16434	881028	191108
16435	881080	191054
16436	881128	190999
16437	881181	190945
16438	881232	190891
16439	881287	190838
16440	881345	190785
16441	881394	190731
16442	881443	190676
16443	881503	190624
16444	881554	190570
16445	881610	190517
16446	881660	190462
16447	881713	190409
16448	881764	190354
16449	881825	190302
16450	881875	190248
16451	881926	190194
16452	881976	190139
16453	882036	190087
16454	882088	190033
16455	882156	189983
16456	882205	189928
16457	882253	189873
16458	882306	189820
16459	882355	189765
16460	882409	189711
16461	882461	189658
16462	882512	189603
16463	882561	189549
16464	882610	189494
16465	882662	189440
16466	882714	189386
16467	882765	189332
16468	882820	189279
16469	882872	189225
16470	882922	189170
16471	882983	189118
16472	883035	189064
16473	883085	189010
16474	883135	188956
16475	883188	188902
16476	883234	188847
16477	883281	188792
16478	883331	188737
16479	883384	188683
16480	883435	188629
16481	883485	188575
16482	883538	188521
16483	883595	188468
16484	883653	188416
16485	883704	188362
16486	883756	188308
16487	883807	188253
16488	883862	188200
16489	883925	188149
16490	883977	188095
16491	884032	188041
16492	884087	187988
16493	884139	187934
16494	884192	187880
16495	884243	187826
16496	884299	187773
16497	884350	187719
16498	884399	187664
16499	884448	187610
16500	884502	187556
16501	884550	187501
16502	884601	187447
16503	884651	187393
16504	884701	187339
16505	884752	187284
16506	884806	187231
16507	884857	187177
16508	884908	187123
16509	884957	187068
16510	885005	187013
16511	885055	186959
16512	885109	186905
16513	885157	186851
16514	885210	186797
16515	885268	186744
16516	885319	186690
16517	885377	186637
16518	885437	186585
16519	885487	186531
16520	885543	186478
16521	885596	186424
16522	885654	186371
16523	885707	186318
16524	885762	186264
16525	885815	186210
16526	885862	186155
16527	885912	186101
16528	885965	186047
16529	886025	185995
16530	886076	185941
16531	886127	185887
16532	886183	185834
16533	886234	185780
16534	886285	185725
16535	886337	185672
16536	886393	185618
16537	886446	185565
16538	886500	185511
16539	886553	185458
16540	886601	185403
16541	886657	185350
16542	886709	185296
16543	886761	185242
16544	886813	185188
16545	886862	185133
16546	886918	185080
16547	886964	185025
16548	887015	184971
16549	887066	184917
16550	887118	184863
16551	887179	184811
16552	887230	184757
16553	887276	184701
16554	887325	184647
16555	887377	184593
16556	887428	184539
16557	887477	184484
16558	887525	184429
16559	887575	184375
16560	887626	184321
16561	887678	184267
16562	887729	184213
16563	887795	184162
16564	887851	184109
16565	887902	184055
16566	887951	184000
16567	888000	183946
16568	888057	183893
16569	888109	183839
16570	888166	183786
16571	888223	183733
16572	888273	183679
16573	888323	183624
16574	888372	183570
16575	888426	183516
16576	888474	183461
16577	888526	183408
16578	888582	183354
16579	888640	183302
16580	888690	183247
16581	888736	183192
16582	888792	183139
16583	888845	183085
16584	888896	183031
16585	888949	182978
16586	888999	182923
16587	889048	182869
16588	889105	182816
16589	889153	182761
16590	889206	182707
16591	889257	182653
16592	889313	182600
16593	889365	182546
16594	889414	182492
16595	889462	182437
16596	889515	182383
16597	889567	182329
16598	889615	182275
16599	889673	182222
16600	889738	182171
16601	889786	182116
16602	889841	182062
16603	889893	182008
16604	889945	181955
16605	889996	181901
16606	890048	181847
16607	890102	181793
16608	890152	181739
16609	890202	181684
16610	890259	181632
16611	890315	181578
16612	890363	181524
16613	890414	181470
16614	890464	181415
16615	890513	181361
16616	890560	181306
16617	890614	181252
16618	890665	181198
16619	890712	181143
16620	890765	181089
16621	890818	181036
16622	890874	180983
16623	890921	180928
16624	890974	180874
16625	891031	180821
16626	891082	180767
16627	891134	180713
16628	891184	180659
16629	891239	180605
16630	891289	180551
16631	891346	180498
16632	891397	180444
16633	891448	180390
16634	891504	180337
16635	891556	180283
16636	891613	180230
16637	891667	180177
16638	891720	180123
16639	891771	180069
16640	891830	180016
16641	891880	179962
16642	891932	179908
16643	891983	179854
16644	892036	179800
16645	892087	179746
16646	892140	179692
16647	892190	179638
16648	892238	179583
16649	892291	179530
16650	892339	179475
16651	892395	179422
16652	892445	179368
16653	892507	179316
16654	892560	179262
16655	892613	179208
16656	892660	179153
16657	892716	179100
16658	892764	179045
16659	892815	178991
16660	892870	178938
16661	892923	178884
16662	892978	178831
16663	893030	178777
16664	893080	178723
16665	893132	178669
16666	893185	178615
16667	893234	178561
16668	893288	178507
16669	893338	178453
16670	893402	178401
16671	893459	178349
16672	893510	178294
16673	893562	178240
16674	893610	178186
16675	893661	178132
16676	893713	178078
16677	893769	178025
16678	893822	177971
16679	893874	177917
16680	893925	177863
16681	893980	177810
16682	894032	177756
16683	894085	177702
16684	894139	177648
16685	894206	177597
16686	894253	177543
16687	894301	177488
16688	894353	177434
16689	894408	177381
16690	894456	177326
16691	894516	177274
16692	894579	177222
16693	894635	177169
16694	894683	177114
16695	894729	177059
16696	894779	177005
16697	894834	176951
16698	894886	176898
16699	894938	176844
16700	894994	176791
16701	895055	176738
16702	895108	176685
16703	895163	176631
16704	895215	176577
16705	895269	176524
16706	895332	176472
16707	895392	176420
16708	895452	176368
16709	895513	176315
16710	895573	176263
16711	895632	176210
16712	895692	176158
16713	895754	176106
16714	895814	176054
16715	895875	176002
16716	895940	175950
16717	895995	175897
16718	896053	175844
16719	896113	175792
16720	896174	175740
16721	896234	175688
16722	896292	175635
16723	896353	175583
16724	896411	175530
16725	896468	175477
16726	896529	175425
16727	896589	175373
16728	896647	175320
16729	896704	175267
16730	896765	175215
16731	896837	175165
16732	896896	175112
16733	896963	175061
16734	897026	175009
16735	897085	174957
16736	897146	174905
16737	897207	174853
16738	897261	174799
16739	897322	174747
16740	897389	174696
16741	897449	174644
16742	897507	174591
16743	897575	174540
16744	897634	174487
16745	897698	174436
16746	897756	174383
16747	897818	174331
16748	897878	174279
16749	897939	174227
16750	897998	174174
16751	898054	174121
16752	898112	174068
16753	898166	174015
16754	898229	173963
16755	898294	173911
16756	898357	173859
16757	898414	173807
16758	898471	173754
16759	898527	173701
16760	898583	173647
16761	898643	173595
16762	898700	173542
16763	898759	173489
16764	898809	173435
16765	898858	173381
16766	898919	173328
16767	898975	173275
16768	899032	173222
16769	899088	173169
16770	899139	173115
16771	899188	173061
16772	899253	173009
16773	899303	172955
16774	899356	172901
16775	899413	172848
16776	899463	172794
16777	899514	172740
16778	899566	172686
16779	899622	172633
16780	899675	172579
16781	899733	172526
16782	899782	172472
16783	899837	172418
16784	899890	172365
16785	899941	172310
16786	899995	172257
16787	900051	172204
16788	900104	172150
16789	900154	172096
16790	900206	172042
16791	900255	171987
16792	900305	171933
16793	900359	171880
16794	900421	171828
16795	900474	171774
16796	900527	171720
16797	900576	171666
16798	900627	171611
16799	900678	171557
16800	900728	171503
16801	900784	171450
16802	900843	171397
16803	900892	171343
16804	900949	171290
16805	901007	171237
16806	901055	171182
16807	901110	171129
16808	901159	171075
16809	901209	171020
16810	901263	170967
16811	901312	170912
16812	901362	170858
16813	901417	170804
16814	901466	170750
16815	901517	170696
16816	901567	170642
16817	901625	170589
16818	901679	170535
16819	901735	170482
16820	901784	170428
16821	901839	170374
16822	901891	170320
16823	901942	170266
16824	901995	170213
16825	902048	170159
16826	902099	170105
16827	902148	170050
16828	902195	169995
16829	902252	169942
16830	902301	169888
16831	902352	169834
16832	902403	169780
16833	902461	169727
16834	902514	169673
16835	902565	169619
16836	902616	169565
16837	902670	169512
16838	902725	169458
16839	902779	169405
16840	902830	169351
16841	902879	169296
16842	902926	169241
16843	902984	169188
16844	903034	169134
16845	903086	169080
16846	903139	169027
16847	903187	168972
16848	903235	168917
16849	903286	168863
16850	903337	168809
16851	903389	168755
16852	903457	168704
16853	903535	168655
16854	903581	168600
16855	903629	168545
16856	903675	168490
16857	903721	168435
16858	903772	168381
16859	903821	168327
16860	903870	168272
16861	903923	168219
16862	903974	168165
16863	904019	168109
16864	904070	168055
16865	904121	168001
16866	904173	167947
16867	904227	167894
16868	904276	167839
16869	904324	167785
16870	904372	167730
16871	904430	167677
16872	904482	167623
16873	904535	167570
16874	904589	167516
16875	904642	167462
16876	904694	167408
16877	904743	167354
16878	904794	167300
16879	904847	167246
16880	904900	167192
16881	904952	167139
16882	905008	167085
16883	905064	167032
16884	905115	166978
16885	905161	166923
16886	905210	166869
16887	905258	166814
16888	905313	166761
16889	905365	166707
16890	905418	166653
16891	905469	166599
16892	905535	166548
16893	905583	166493
16894	905634	166439
16895	905684	166385
16896	905735	166331
16897	905782	166276
16898	905835	166222
16899	905884	166168
16900	905936	166114
16901	905993	166061
16902	906044	166007
16903	906094	165952
16904	906146	165899
16905	906197	165844
16906	906248	165790
16907	906298	165736
16908	906349	165682
16909	906399	165628
16910	906450	165574
16911	906504	165520
16912	906553	165466
16913	906605	165412
16914	906661	165359
16915	906712	165305
16916	906765	165251
16917	906820	165197
16918	906869	165143
16919	906921	165089
16920	906979	165036
16921	907031	164983
16922	907084	164929
16923	907133	164874
16924	907186	164821
16925	907236	164766
16926	907284	164712
16927	907339	164658
16928	907394	164605
16929	907448	164552
16930	907502	164498
16931	907555	164444
16932	907604	164390
16933	907656	164336
16934	907705	164282
16935	907765	164229
16936	907813	164174
16937	907863	164120
16938	907921	164068
16939	907976	164014
16940	908026	163960
16941	908074	163905
16942	908131	163852
16943	908181	163798
16944	908238	163745
16945	908289	163691
16946	908346	163638
16947	908401	163585
16948	908465	163533
16949	908520	163480
16950	908568	163425
16951	908620	163371
16952	908671	163317
16953	908726	163264
16954	908782	163211
16955	908834	163157
16956	908883	163102
16957	908936	163048
16958	908984	162994
16959	909033	162940
16960	909081	162885
16961	909131	162831
16962	909178	162776
16963	909229	162722
16964	909281	162668
16965	909336	162614
16966	909386	162560
16967	909439	162507
16968	909494	162453
16969	909548	162400
16970	909597	162345
16971	909649	162291
16972	909700	162237
16973	909764	162186
16974	909809	162131
16975	909857	162076
16976	909913	162023
16977	909964	161969
16978	910016	161915
16979	910067	161861
16980	910119	161807
16981	910173	161753
16982	910231	161701
16983	910278	161646
16984	910332	161592
16985	910386	161539
16986	910434	161484
16987	910487	161430
16988	910540	161377
16989	910592	161323
16990	910643	161269
16991	910700	161216
16992	910751	161162
16993	910807	161108
16994	910856	161054
16995	910910	161001
16996	910958	160946
16997	911012	160893
16998	911069	160840
16999	911117	160785
17000	911170	160731
17001	911221	160677
17002	911269	160623
17003	911320	160568
17004	911375	160515
17005	911431	160462
17006	911486	160409
17007	911547	160356
17008	911600	160303
17009	911654	160249
17010	911703	160195
17011	911753	160141
17012	911803	160086
17013	911857	160033
17014	911910	159979
17015	911959	159925
17016	912009	159870
17017	912058	159816
17018	912107	159762
17019	912157	159708
17020	912209	159654
17021	912257	159599
17022	912311	159545
17023	912373	159493
17024	912431	159441
17025	912478	159386
17026	912537	159333
17027	912589	159279
17028	912638	159225
17029	912690	159171
17030	912741	159117
17031	912790	159063
17032	912843	159009
17033	912894	158955
17034	912946	158901
17035	913000	158847
17036	913052	158794
17037	913106	158740
17038	913154	158686
17039	913204	158631
17040	913263	158579
17041	913326	158527
17042	913380	158473
17043	913437	158420
17044	913489	158366
17045	913544	158313
17046	913593	158258
17047	913646	158205
17048	913695	158150
17049	913748	158097
17050	913798	158043
17051	913852	157989
17052	913901	157935
17053	913951	157880
17054	914000	157826
17055	914051	157772
17056	914110	157719
17057	914168	157666
17058	914219	157613
17059	914268	157558
17060	914320	157504
17061	914374	157451
17062	914431	157398
17063	914482	157344
17064	914540	157291
17065	914603	157239
17066	914663	157186
17067	914712	157132
17068	914759	157077
17069	914810	157023
17070	914859	156969
17071	914908	156914
17072	914956	156860
17073	915007	156806
17074	915062	156753
17075	915113	156699
17076	915169	156645
17077	915218	156591
17078	915268	156537
17079	915323	156483
17080	915376	156430
17081	915428	156376
17082	915483	156322
17083	915539	156269
17084	915589	156215
17085	915638	156161
17086	915692	156107
17087	915747	156054
17088	915799	156000
17089	915844	155945
17090	915897	155891
17091	915951	155838
17092	916007	155785
17093	916051	155729
17094	916112	155677
17095	916173	155625
17096	916224	155571
17097	916272	155516
17098	916322	155462
17099	916379	155409
17100	916435	155356
17101	916488	155302
17102	916540	155248
17103	916590	155194
17104	916642	155140
17105	916686	155085
17106	916735	155031
17107	916790	154977
17108	916839	154923
17109	916908	154872
17110	916967	154819
17111	917014	154765
17112	917068	154711
17113	917115	154656
17114	917172	154603
17115	917224	154549
17116	917275	154495
17117	917325	154441
17118	917379	154388
17119	917432	154334
17120	917481	154280
17121	917536	154226
17122	917588	154172
17123	917637	154118
17124	917691	154064
17125	917741	154010
17126	917790	153956
17127	917843	153902
17128	917893	153848
17129	917953	153796
17130	918002	153741
17131	918073	153691
17132	918126	153637
17133	918180	153583
17134	918240	153531
17135	918297	153478
17136	918344	153423
17137	918394	153369
17138	918446	153315
17139	918498	153261
17140	918560	153209
17141	918609	153155
17142	918661	153101
17143	918710	153046
17144	918760	152992
17145	918809	152938
17146	918856	152883
17147	918911	152830
17148	918959	152775
17149	919012	152722
17150	919068	152668
17151	919126	152616
17152	919194	152564
17153	919268	152514
17154	919345	152465
17155	919408	152412
17156	919458	152358
17157	919517	152306
17158	919569	152252
17159	919622	152198
17160	919676	152145
17161	919726	152090
17162	919782	152037
17163	919837	151984
17164	919888	151930
17165	919939	151876
17166	919994	151822
17167	920048	151769
17168	920099	151715
17169	920152	151661
17170	920209	151608
17171	920261	151554
17172	920317	151501
17173	920369	151447
17174	920419	151393
17175	920479	151341
17176	920532	151287
17177	920585	151233
17178	920634	151179
17179	920687	151125
17180	920739	151071
17181	920791	151017
17182	920845	150964
17183	920896	150910
17184	920947	150856
17185	921001	150802
17186	921054	150749
17187	921109	150695
17188	921168	150643
17189	921225	150590
17190	921278	150536
17191	921341	150484
17192	921406	150432
17193	921475	150381
17194	921530	150328
17195	921580	150273
17196	921634	150220
17197	921683	150166
17198	921737	150112
17199	921786	150058
17200	921851	150006
17201	921917	149954
17202	921979	149902
17203	922040	149850
17204	922104	149798
17205	922165	149746
17206	922229	149694
17207	922283	149640
17208	922338	149587
17209	922390	149533
17210	922440	149479
17211	922492	149425
17212	922542	149371
17213	922594	149317
17214	922642	149262
17215	922694	149209
17216	922748	149155
17217	922803	149102
17218	922857	149048
17219	922909	148994
17220	922969	148942
17221	923021	148888
17222	923084	148836
17223	923137	148782
17224	923189	148728
17225	923247	148675
17226	923298	148621
17227	923352	148568
17228	923403	148514
17229	923455	148460
17230	923503	148405
17231	923559	148352
17232	923609	148298
17233	923660	148244
17234	923711	148190
17235	923765	148136
17236	923818	148083
17237	923867	148028
17238	923920	147975
17239	923976	147921
17240	924033	147868
17241	924089	147815
17242	924138	147761
17243	924193	147708
17244	924247	147654
17245	924296	147600
17246	924349	147546
17247	924402	147492
17248	924455	147439
17249	924508	147385
17250	924561	147331
17251	924612	147277
17252	924669	147224
17253	924719	147170
17254	924768	147116
17255	924818	147062
17256	924866	147007
17257	924917	146953
17258	924975	146900
17259	925026	146846
17260	925075	146792
17261	925124	146738
17262	925177	146684
17263	925234	146631
17264	925286	146577
17265	925338	146523
17266	925387	146469
17267	925439	146415
17268	925494	146362
17269	925549	146308
17270	925599	146254
17271	925648	146200
17272	925700	146146
17273	925763	146094
17274	925825	146041
17275	925880	145988
17276	925931	145934
17277	925981	145880
17278	926033	145826
17279	926087	145773
17280	926144	145720
17281	926196	145666
17282	926272	145616
17283	926321	145561
17284	926371	145507
17285	926417	145452
17286	926462	145397
17287	926510	145343
17288	926561	145289
17289	926616	145235
17290	926666	145181
17291	926721	145128
17292	926775	145075
17293	926834	145022
17294	926893	144969
17295	926943	144915
17296	926991	144860
17297	927043	144807
17298	927101	144754
17299	927157	144700
17300	927207	144646
17301	927261	144593
17302	927313	144539
17303	927369	144486
17304	927422	144432
17305	927472	144378
17306	927521	144324
17307	927589	144272
17308	927637	144218
17309	927686	144163
17310	927735	144109
17311	927784	144055
17312	927832	144000
17313	927881	143946
17314	927931	143892
17315	927985	143838
17316	928049	143786
17317	928100	143732
17318	928152	143678
17319	928200	143624
17320	928249	143570
17321	928301	143516
17322	928351	143462
17323	928401	143408
17324	928452	143354
17325	928503	143300
17326	928553	143245
17327	928603	143191
17328	928654	143137
17329	928708	143084
17330	928762	143030
17331	928812	142976
17332	928864	142922
17333	928914	142868
17334	928967	142815
17335	929014	142760
17336	929071	142707
17337	929119	142652
17338	929168	142598
17339	929217	142544
17340	929269	142490
17341	929320	142436
17342	929369	142382
17343	929424	142328
17344	929477	142275
17345	929533	142221
17346	929584	142167
17347	929631	142113
17348	929680	142059
17349	929740	142006
17350	929791	141952
17351	929841	141898
17352	929890	141844
17353	929946	141790
17354	930011	141739
17355	930057	141684
17356	930116	141631
17357	930170	141577
17358	930219	141523
17359	930274	141470
17360	930327	141416
17361	930377	141362
17362	930429	141308
17363	930482	141254
17364	930536	141201
17365	930590	141147
17366	930641	141093
17367	930693	141040
17368	930747	140986
17369	930800	140933
17370	930853	140879
17371	930908	140825
17372	930962	140772
17373	931021	140719
17374	931075	140666
17375	931128	140612
17376	931186	140559
17377	931234	140505
17378	931288	140451
17379	931341	140397
17380	931397	140344
17381	931451	140291
17382	931504	140237
17383	931550	140182
17384	931618	140131
17385	931682	140079
17386	931730	140024
17387	931784	139971
17388	931833	139917
17389	931881	139862
17390	931935	139809
17391	931989	139755
17392	932043	139701
17393	932098	139648
17394	932153	139595
17395	932206	139541
17396	932253	139487
17397	932308	139433
17398	932357	139379
17399	932406	139325
17400	932459	139271
17401	932511	139217
17402	932573	139165
17403	932628	139111
17404	932679	139057
17405	932733	139004
17406	932786	138950
17407	932838	138896
17408	932892	138843
17409	932941	138789
17410	933007	138737
17411	933061	138683
17412	933110	138629
17413	933161	138575
17414	933209	138521
17415	933264	138467
17416	933320	138414
17417	933370	138360
17418	933421	138306
17419	933473	138252
17420	933520	138198
17421	933569	138143
17422	933620	138089
17423	933673	138036
17424	933729	137982
17425	933786	137929
17426	933838	137876
17427	933887	137821
17428	933941	137768
17429	933998	137715
17430	934050	137661
17431	934101	137607
17432	934156	137553
17433	934203	137499
17434	934266	137447
17435	934314	137392
17436	934364	137338
17437	934412	137284
17438	934462	137230
17439	934519	137177
17440	934568	137122
17441	934620	137069
17442	934669	137014
17443	934716	136960
17444	934767	136906
17445	934820	136852
17446	934870	136798
17447	934925	136745
17448	934979	136691
17449	935036	136638
17450	935089	136584
17451	935142	136531
17452	935196	136477
17453	935246	136423
17454	935297	136369
17455	935349	136315
17456	935400	136261
17457	935448	136207
17458	935504	136154
17459	935554	136100
17460	935605	136046
17461	935653	135991
17462	935705	135937
17463	935754	135883
17464	935808	135830
17465	935862	135776
17466	935912	135722
17467	935966	135668
17468	936018	135615
17469	936070	135561
17470	936122	135507
17471	936175	135453
17472	936250	135403
17473	936326	135353
17474	936391	135301
17475	936456	135249
17476	936528	135198
17477	936601	135147
17478	936670	135096
17479	936731	135043
17480	936794	134991
17481	936862	134939
17482	936929	134888
17483	936997	134836
17484	937060	134784
17485	937128	134733
17486	937197	134681
17487	937256	134628
17488	937310	134575
17489	937370	134522
17490	937442	134471
17491	937507	134419
17492	937567	134366
17493	937625	134314
17494	937684	134261
17495	937744	134208
17496	937798	134154
17497	937853	134101
17498	937910	134048
17499	937966	133995
17500	938025	133942
17501	938085	133889
17502	938147	133837
17503	938220	133786
17504	938282	133734
17505	938344	133681
17506	938403	133628
17507	938464	133576
17508	938524	133523
17509	938582	133470
17510	938638	133417
17511	938696	133364
17512	938748	133310
17513	938814	133258
17514	938869	133205
17515	938931	133152
17516	938987	133099
17517	939048	133046
17518	939103	132993
17519	939159	132940
17520	939208	132886
17521	939257	132831
17522	939320	132779
17523	939374	132726
17524	939431	132672
17525	939486	132619
17526	939540	132566
17527	939592	132512
17528	939640	132457
17529	939693	132404
17530	939745	132350
17531	939798	132296
17532	939855	132243
17533	939910	132189
17534	939966	132136
17535	940024	132083
17536	940078	132030
17537	940130	131976
17538	940183	131922
17539	940238	131869
17540	940291	131815
17541	940343	131761
17542	940395	131707
17543	940450	131654
17544	940498	131600
17545	940553	131546
17546	940624	131495
17547	940745	131451
17548	940834	131402
17549	940897	131350
17550	940960	131298
17551	941011	131244
17552	941065	131190
17553	941117	131136
17554	941175	131083
17555	941254	131033
17556	941330	130983
17557	941406	130932
17558	941497	130884
17559	941626	130840
17560	941705	130790
17561	941775	130739
17562	941848	130688
17563	941912	130636
17564	941974	130583
17565	942027	130530
17566	942084	130477
17567	942137	130423
17568	942187	130369
17569	942262	130318
17570	942313	130264
17571	942360	130210
17572	942408	130155
17573	942462	130102
17574	942543	130052
17575	942622	130002
17576	942692	129950
17577	942763	129899
17578	942830	129847
17579	942903	129796
17580	942969	129744
17581	943057	129695
17582	943138	129645
17583	943225	129596
17584	943297	129545
17585	943369	129494
17586	943453	129445
17587	943514	129392
17588	943586	129341
17589	943654	129289
17590	943720	129237
17591	943798	129187
17592	943875	129137
17593	943945	129085
17594	944010	129033
17595	944079	128981
17596	944142	128929
17597	944203	128876
17598	944270	128825
17599	944337	128773
17600	944405	128721
17601	944491	128672
17602	944570	128622
17603	944649	128571
17604	944731	128522
17605	944799	128470
17606	944867	128418
17607	944939	128367
17608	945015	128316
17609	945095	128266
17610	945170	128215
17611	945234	128163
17612	945303	128112
17613	945359	128058
17614	945410	128004
17615	945472	127952
17616	945524	127898
17617	945578	127844
17618	945629	127790
17619	945686	127737
17620	945746	127684
17621	945806	127631
17622	945855	127577
17623	945910	127524
17624	945958	127469
17625	946012	127415
17626	946061	127361
17627	946112	127307
17628	946165	127253
17629	946217	127199
17630	946269	127146
17631	946323	127092
17632	946383	127039
17633	946435	126985
17634	946488	126931
17635	946538	126877
17636	946591	126824
17637	946645	126770
17638	946699	126716
17639	946759	126663
17640	946818	126611
17641	946881	126558
17642	946944	126506
17643	947001	126452
17644	947058	126399
17645	947120	126347
17646	947173	126293
17647	947236	126240
17648	947301	126188
17649	947369	126136
17650	947425	126083
17651	947476	126029
17652	947533	125976
17653	947593	125923
17654	947660	125871
17655	947720	125818
17656	947772	125764
17657	947824	125711
17658	947876	125657
17659	947928	125603
17660	947979	125549
17661	948033	125495
17662	948085	125441
17663	948140	125388
17664	948192	125334
17665	948244	125280
17666	948299	125226
17667	948354	125173
17668	948405	125119
17669	948459	125065
17670	948516	125012
17671	948568	124958
17672	948621	124904
17673	948686	124852
17674	948747	124799
17675	948802	124746
17676	948852	124692
17677	948908	124638
17678	948962	124585
17679	949018	124531
17680	949069	124477
17681	949123	124424
17682	949173	124369
17683	949226	124316
17684	949277	124262
17685	949330	124208
17686	949388	124155
17687	949441	124101
17688	949495	124048
17689	949552	123994
17690	949631	123944
17691	949693	123891
17692	949754	123838
17693	949808	123785
17694	949862	123731
17695	949933	123680
17696	949983	123626
17697	950039	123572
17698	950092	123518
17699	950145	123465
17700	950199	123411
17701	950250	123357
17702	950302	123303
17703	950353	123249
17704	950406	123195
17705	950493	123146
17706	950611	123101
17707	950670	123048
17708	950724	122994
17709	950776	122940
17710	950830	122886
17711	950895	122834
17712	950949	122781
17713	951016	122729
17714	951092	122678
17715	951203	122632
17716	951262	122579
17717	951315	122525
17718	951367	122471
17719	951422	122417
17720	951491	122366
17721	951544	122312
17722	951597	122258
17723	951659	122205
17724	951758	122157
17725	951817	122105
17726	951869	122051
17727	951921	121997
17728	951970	121942
17729	952017	121888
17730	952070	121834
17731	952121	121780
17732	952174	121726
17733	952226	121672
17734	952288	121620
17735	952341	121566
17736	952399	121513
17737	952450	121459
17738	952508	121406
17739	952570	121353
17740	952621	121299
17741	952675	121245
17742	952729	121192
17743	952784	121138
17744	952837	121084
17745	952893	121031
17746	952946	120977
17747	952998	120923
17748	953047	120869
17749	953101	120815
17750	953149	120761
17751	953201	120707
17752	953252	120653
17753	953304	120599
17754	953359	120545
17755	953409	120491
17756	953465	120438
17757	953521	120384
17758	953577	120331
17759	953633	120278
17760	953687	120224
17761	953742	120170
17762	953790	120116
17763	953842	120062
17764	953893	120008
17765	953942	119954
17766	953992	119900
17767	954049	119846
17768	954102	119793
17769	954155	119739
17770	954213	119686
17771	954268	119632
17772	954326	119579
17773	954391	119527
17774	954450	119474
17775	954503	119420
17776	954560	119367
17777	954613	119313
17778	954666	119259
17779	954720	119205
17780	954774	119152
17781	954824	119098
17782	954875	119044
17783	954926	118989
17784	954977	118935
17785	955034	118882
17786	955084	118828
17787	955143	118775
17788	955195	118721
17789	955243	118667
17790	955291	118612
17791	955346	118559
17792	955394	118504
17793	955450	118451
17794	955512	118398
17795	955569	118345
17796	955623	118291
17797	955676	118238
17798	955742	118185
17799	955790	118131
17800	955837	118076
17801	955888	118022
17802	955941	117969
17803	955990	117914
17804	956043	117861
17805	956101	117807
17806	956152	117753
17807	956203	117699
17808	956256	117646
17809	956310	117592
17810	956361	117538
17811	956413	117484
17812	956465	117430
17813	956520	117376
17814	956580	117324
17815	956631	117270
17816	956685	117216
17817	956738	117162
17818	956791	117108
17819	956842	117054
17820	956891	117000
17821	956942	116946
17822	956993	116892
17823	957050	116839
17824	957104	116785
17825	957157	116731
17826	957206	116677
17827	957258	116623
17828	957307	116569
17829	957357	116515
17830	957422	116462
17831	957470	116408
17832	957521	116354
17833	957576	116300
17834	957630	116247
17835	957681	116193
17836	957730	116138
17837	957785	116085
17838	957834	116031
17839	957884	115977
17840	957937	115923
17841	957989	115869
17842	958042	115815
17843	958092	115761
17844	958144	115707
17845	958191	115653
17846	958240	115598
17847	958293	115544
17848	958351	115491
17849	958406	115438
17850	958468	115385
17851	958522	115331
17852	958575	115278
17853	958628	115224
17854	958678	115170
17855	958730	115116
17856	958784	115062
17857	958834	115008
17858	958884	114954
17859	958937	114900
17860	958992	114847
17861	959043	114793
17862	959093	114739
17863	959150	114685
17864	959204	114632
17865	959258	114578
17866	959322	114525
17867	959383	114473
17868	959435	114419
17869	959492	114365
17870	959547	114312
17871	959599	114258
17872	959658	114205
17873	959710	114151
17874	959762	114097
17875	959821	114044
17876	959874	113990
17877	959925	113936
17878	959978	113883
17879	960029	113828
17880	960086	113775
17881	960135	113721
17882	960184	113667
17883	960241	113613
17884	960292	113559
17885	960343	113505
17886	960392	113451
17887	960448	113398
17888	960504	113344
17889	960561	113291
17890	960614	113237
17891	960666	113183
17892	960723	113130
17893	960774	113076
17894	960826	113022
17895	960886	112969
17896	960937	112915
17897	960989	112861
17898	961043	112808
17899	961098	112754
17900	961160	112701
17901	961213	112648
17902	961267	112594
17903	961322	112540
17904	961376	112487
17905	961430	112433
17906	961485	112379
17907	961544	112326
17908	961602	112273
17909	961653	112219
17910	961704	112165
17911	961755	112111
17912	961805	112057
17913	961858	112003
17914	961906	111949
17915	961955	111895
17916	962010	111841
17917	962067	111788
17918	962120	111734
17919	962174	111680
17920	962227	111627
17921	962279	111573
17922	962332	111519
17923	962382	111465
17924	962435	111411
17925	962491	111358
17926	962547	111304
17927	962595	111250
17928	962644	111196
17929	962699	111142
17930	962750	111088
17931	962799	111034
17932	962854	110980
17933	962906	110927
17934	962960	110873
17935	963023	110820
17936	963077	110767
17937	963132	110713
17938	963183	110659
17939	963236	110605
17940	963290	110552
17941	963343	110498
17942	963396	110444
17943	963444	110390
17944	963493	110336
17945	963552	110282
17946	963605	110229
17947	963657	110175
17948	963705	110120
17949	963756	110066
17950	963813	110013
17951	963873	109960
17952	963921	109906
17953	963978	109852
17954	964027	109798
17955	964079	109744
17956	964127	109690
17957	964179	109636
17958	964231	109582
17959	964282	109528
17960	964334	109474
17961	964389	109421
17962	964440	109367
17963	964497	109313
17964	964549	109260
17965	964600	109206
17966	964651	109152
17967	964704	109098
17968	964766	109045
17969	964812	108991
17970	964876	108938
17971	964924	108884
17972	964974	108830
17973	965024	108776
17974	965084	108722
17975	965134	108668
17976	965184	108614
17977	965232	108560
17978	965285	108506
17979	965337	108452
17980	965395	108399
17981	965446	108345
17982	965514	108293
17983	965568	108239
17984	965623	108186
17985	965678	108132
17986	965730	108078
17987	965783	108025
17988	965834	107971
17989	965883	107916
17990	965934	107862
17991	965990	107809
17992	966037	107755
17993	966088	107701
17994	966141	107647
17995	966198	107593
17996	966258	107540
17997	966312	107487
17998	966380	107435
17999	966440	107382
18000	966492	107328
18001	966563	107276
18002	966616	107222
18003	966668	107169
18004	966718	107114
18005	966766	107060
18006	966816	107006
18007	966868	106952
18008	966917	106898
18009	966977	106845
18010	967030	106791
18011	967080	106737
18012	967136	106684
18013	967189	106630
18014	967238	106576
18015	967292	106522
18016	967349	106469
18017	967408	106415
18018	967461	106362
18019	967515	106308
18020	967564	106254
18021	967625	106201
18022	967672	106147
18023	967747	106095
18024	967798	106041
18025	967848	105987
18026	967894	105933
18027	967944	105878
18028	967998	105825
18029	968048	105771
18030	968100	105717
18031	968144	105662
18032	968198	105608
18033	968247	105554
18034	968299	105500
18035	968349	105446
18036	968404	105393
18037	968455	105339
18038	968512	105285
18039	968561	105231
18040	968611	105177
18041	968659	105123
18042	968712	105069
18043	968763	105015
18044	968815	104961
18045	968868	104907
18046	968921	104854
18047	968970	104799
18048	969019	104745
18049	969081	104692
18050	969131	104638
18051	969179	104584
18052	969230	104530
18053	969283	104476
18054	969338	104423
18055	969393	104369
18056	969440	104315
18057	969490	104261
18058	969545	104207
18059	969596	104153
18060	969651	104100
18061	969703	104046
18062	969754	103992
18063	969809	103938
18064	969859	103884
18065	969908	103830
18066	969961	103776
18067	970015	103723
18068	970064	103668
18069	970119	103615
18070	970170	103561
18071	970220	103507
18072	970274	103453
18073	970328	103400
18074	970377	103345
18075	970428	103291
18076	970483	103238
18077	970535	103184
18078	970589	103130
18079	970647	103077
18080	970697	103023
18081	970756	102970
18082	970810	102916
18083	970859	102862
18084	970914	102809
18085	970968	102755
18086	971017	102701
18087	971071	102647
18088	971123	102593
18089	971174	102539
18090	971228	102486
18091	971281	102432
18092	971337	102378
18093	971386	102324
18094	971435	102270
18095	971484	102216
18096	971534	102162
18097	971587	102108
18098	971643	102055
18099	971696	102001
18100	971748	101947
18101	971802	101893
18102	971852	101839
18103	971903	101785
18104	971962	101732
18105	972023	101679
18106	972075	101625
18107	972127	101571
18108	972179	101518
18109	972230	101464
18110	972283	101410
18111	972335	101356
18112	972385	101302
18113	972439	101248
18114	972492	101195
18115	972541	101140
18116	972590	101086
18117	972646	101033
18118	972692	100978
18119	972746	100925
18120	972802	100871
18121	972855	100817
18122	972911	100764
18123	972957	100710
18124	973014	100656
18125	973096	100605
18126	973142	100551
18127	973194	100497
18128	973242	100443
18129	973287	100388
18130	973335	100334
18131	973382	100280
18132	973430	100225
18133	973483	100172
18134	973529	100117
18135	973578	100063
18136	973629	100009
18137	973678	99955
18138	973735	99902
18139	973788	99848
18140	973838	99794
18141	973886	99739
18142	973937	99685
18143	973989	99632
18144	974041	99578
18145	974092	99524
18146	974147	99470
18147	974204	99417
18148	974258	99363
18149	974310	99309
18150	974367	99256
18151	974421	99202
18152	974468	99148
18153	974520	99094
18154	974573	99040
18155	974627	98987
18156	974676	98933
18157	974726	98879
18158	974780	98825
18159	974833	98771
18160	974879	98717
18161	974929	98663
18162	974978	98609
18163	975032	98555
18164	975083	98501
18165	975137	98447
18166	975192	98394
18167	975254	98341
18168	975306	98287
18169	975368	98234
18170	975422	98181
18171	975473	98127
18172	975525	98073
18173	975576	98019
18174	975633	97965
18175	975691	97912
18176	975743	97858
18177	975792	97804
18178	975844	97750
18179	975895	97696
18180	975956	97644
18181	976024	97591
18182	976080	97538
18183	976141	97485
18184	976198	97431
18185	976250	97378
18186	976300	97324
18187	976348	97269
18188	976408	97216
18189	976462	97163
18190	976510	97108
18191	976565	97055
18192	976616	97001
18193	976675	96948
18194	976732	96894
18195	976786	96841
18196	976837	96787
18197	976887	96733
18198	976940	96679
18199	976990	96625
18200	977041	96571
18201	977095	96517
18202	977151	96464
18203	977202	96410
18204	977252	96356
18205	977309	96303
18206	977362	96249
18207	977414	96195
18208	977465	96141
18209	977510	96087
18210	977563	96033
18211	977611	95978
18212	977660	95924
18213	977711	95870
18214	977763	95817
18215	977822	95763
18216	977873	95709
18217	977926	95656
18218	977984	95602
18219	978040	95549
18220	978099	95496
18221	978151	95442
18222	978202	95388
18223	978251	95334
18224	978302	95280
18225	978350	95226
18226	978407	95172
18227	978458	95118
18228	978514	95065
18229	978565	95011
18230	978615	94957
18231	978672	94904
18232	978724	94850
18233	978777	94796
18234	978830	94742
18235	978879	94688
18236	978930	94634
18237	978983	94581
18238	979032	94526
18239	979087	94473
18240	979138	94419
18241	979189	94365
18242	979239	94311
18243	979292	94257
18244	979346	94204
18245	979396	94150
18246	979452	94096
18247	979503	94042
18248	979557	93989
18249	979610	93935
18250	979659	93881
18251	979713	93827
18252	979765	93773
18253	979811	93719
18254	979860	93665
18255	979912	93611
18256	979967	93557
18257	980014	93503
18258	980075	93450
18259	980126	93396
18260	980177	93342
18261	980227	93288
18262	980287	93235
18263	980344	93182
18264	980394	93128
18265	980446	93074
18266	980497	93020
18267	980546	92966
18268	980597	92912
18269	980646	92858
18270	980694	92803
18271	980749	92750
18272	980803	92696
18273	980856	92642
18274	980906	92588
18275	980981	92537
18276	981080	92487
18277	981148	92435
18278	981205	92382
18279	981257	92328
18280	981316	92275
18281	981371	92221
18282	981422	92167
18283	981480	92114
18284	981535	92060
18285	981587	92007
18286	981639	91953
18287	981702	91900
18288	981769	91847
18289	981825	91794
18290	981882	91741
18291	981936	91687
18292	981995	91634
18293	982060	91581
18294	982121	91528
18295	982185	91475
18296	982245	91422
18297	982297	91368
18298	982359	91316
18299	982414	91262
18300	982469	91209
18301	982528	91155
18302	982582	91102
18303	982635	91048
18304	982690	90994
18305	982758	90942
18306	982819	90889
18307	982881	90836
18308	982935	90782
18309	982994	90729
18310	983052	90676
18311	983105	90622
18312	983160	90569
18313	983213	90515
18314	983273	90462
18315	983327	90408
18316	983390	90355
18317	983451	90302
18318	983515	90249
18319	983577	90197
18320	983641	90144
18321	983699	90091
18322	983757	90037
18323	983818	89984
18324	983877	89931
18325	983931	89877
18326	983992	89824
18327	984051	89771
18328	984113	89718
18329	984172	89665
18330	984240	89613
18331	984299	89559
18332	984356	89506
18333	984422	89453
18334	984484	89400
18335	984547	89348
18336	984606	89294
18337	984664	89241
18338	984726	89188
18339	984784	89135
18340	984845	89082
18341	984910	89029
18342	984973	88976
18343	985033	88923
18344	985095	88870
18345	985153	88817
18346	985214	88764
18347	985280	88711
18348	985337	88658
18349	985395	88605
18350	985448	88551
18351	985508	88498
18352	985564	88444
18353	985618	88391
18354	985673	88337
18355	985727	88283
18356	985785	88230
18357	985840	88176
18358	985900	88123
18359	985963	88070
18360	986020	88017
18361	986079	87964
18362	986132	87910
18363	986193	87857
18364	986244	87803
18365	986305	87750
18366	986365	87697
18367	986419	87643
18368	986473	87589
18369	986529	87536
18370	986586	87482
18371	986639	87429
18372	986695	87375
18373	986746	87321
18374	986803	87268
18375	986857	87214
18376	986907	87160
18377	986969	87107
18378	987023	87053
18379	987080	87000
18380	987134	86946
18381	987190	86893
18382	987244	86839
18383	987296	86785
18384	987351	86732
18385	987406	86678
18386	987460	86625
18387	987514	86571
18388	987571	86517
18389	987623	86464
18390	987684	86410
18391	987737	86357
18392	987788	86303
18393	987840	86249
18394	987894	86195
18395	987950	86142
18396	988005	86088
18397	988057	86034
18398	988111	85981
18399	988162	85927
18400	988215	85873
18401	988265	85819
18402	988320	85765
18403	988373	85711
18404	988426	85658
18405	988481	85604
18406	988540	85551
18407	988596	85497
18408	988651	85444
18409	988712	85391
18410	988768	85337
18411	988822	85284
18412	988874	85230
18413	988934	85177
18414	988995	85123
18415	989049	85070
18416	989102	85016
18417	989161	84963
18418	989216	84909
18419	989271	84856
18420	989335	84803
18421	989392	84749
18422	989445	84696
18423	989502	84642
18424	989558	84589
18425	989612	84535
18426	989673	84482
18427	989737	84429
18428	989791	84375
18429	989844	84322
18430	989899	84268
18431	989957	84215
18432	990017	84161
18433	990074	84108
18434	990128	84054
18435	990184	84001
18436	990236	83947
18437	990308	83895
18438	990369	83842
18439	990430	83789
18440	990485	83735
18441	990540	83681
18442	990599	83628
18443	990659	83575
18444	990711	83521
18445	990766	83468
18446	990831	83415
18447	990890	83362
18448	990943	83308
18449	990996	83254
18450	991056	83201
18451	991117	83148
18452	991184	83095
18453	991247	83042
18454	991315	82990
18455	991374	82936
18456	991425	82882
18457	991479	82829
18458	991532	82775
18459	991585	82721
18460	991639	82667
18461	991690	82614
18462	991747	82560
18463	991798	82506
18464	991857	82453
18465	991918	82400
18466	991972	82346
18467	992028	82292
18468	992080	82239
18469	992135	82185
18470	992190	82131
18471	992246	82078
18472	992301	82024
18473	992359	81971
18474	992414	81917
18475	992463	81863
18476	992521	81810
18477	992583	81757
18478	992642	81704
18479	992695	81650
18480	992751	81596
18481	992808	81543
18482	992867	81489
18483	992928	81436
18484	992991	81383
18485	993044	81330
18486	993099	81276
18487	993154	81222
18488	993208	81169
18489	993265	81115
18490	993322	81062
18491	993377	81008
18492	993437	80955
18493	993493	80901
18494	993558	80849
18495	993611	80795
18496	993670	80742
18497	993728	80688
18498	993783	80635
18499	993835	80581
18500	993889	80527
18501	993955	80474
18502	994010	80421
18503	994066	80367
18504	994120	80314
18505	994174	80260
18506	994226	80206
18507	994286	80153
18508	994340	80099
18509	994399	80046
18510	994462	79993
18511	994524	79940
18512	994587	79887
18513	994655	79834
18514	994718	79781
18515	994774	79728
18516	994834	79674
18517	994887	79621
18518	994943	79567
18519	994992	79513
18520	995050	79460
18521	995106	79406
18522	995162	79352
18523	995210	79298
18524	995279	79246
18525	995344	79193
18526	995411	79140
18527	995470	79087
18528	995541	79035
18529	995601	78981
18530	995654	78928
18531	995709	78874
18532	995762	78820
18533	995817	78767
18534	995869	78713
18535	995929	78659
18536	995982	78606
18537	996039	78552
18538	996097	78499
18539	996153	78445
18540	996205	78391
18541	996259	78338
18542	996313	78284
18543	996361	78230
18544	996412	78176
18545	996465	78122
18546	996521	78069
18547	996577	78015
18548	996630	77961
18549	996685	77908
18550	996742	77854
18551	996794	77800
18552	996851	77747
18553	996909	77693
18554	996968	77640
18555	997023	77586
18556	997076	77533
18557	997145	77480
18558	997206	77427
18559	997259	77373
18560	997317	77320
18561	997373	77266
18562	997433	77213
18563	997496	77160
18564	997552	77106
18565	997607	77053
18566	997661	76999
18567	997716	76945
18568	997769	76892
18569	997830	76838
18570	997887	76785
18571	997944	76731
18572	997999	76678
18573	998053	76624
18574	998115	76571
18575	998166	76517
18576	998236	76465
18577	998290	76411
18578	998344	76357
18579	998395	76303
18580	998447	76249
18581	998499	76195
18582	998553	76142
18583	998611	76088
18584	998672	76035
18585	998742	75983
18586	998811	75930
18587	998876	75877
18588	998941	75824
18589	998999	75771
18590	999063	75718
18591	999127	75665
18592	999196	75612
18593	999252	75559
18594	999305	75505
18595	999357	75451
18596	999408	75397
18597	999455	75343
18598	999508	75289
18599	999558	75235
18600	999610	75181
18601	999666	75128
18602	999715	75074
18603	999771	75020
18604	999825	74966
18605	999879	74913
18606	999930	74859
18607	999982	74805
18608	1000030	74751
18609	1000082	74697
18610	1000136	74643
18611	1000194	74590
18612	1000243	74535
18613	1000296	74482
18614	1000344	74428
18615	1000395	74374
18616	1000452	74320
18617	1000503	74266
18618	1000561	74213
18619	1000611	74159
18620	1000663	74105
18621	1000726	74052
18622	1000779	73998
18623	1000832	73944
18624	1000880	73890
18625	1000935	73836
18626	1000992	73783
18627	1001043	73729
18628	1001101	73676
18629	1001153	73622
18630	1001210	73568
18631	1001259	73514
18632	1001312	73460
18633	1001362	73406
18634	1001416	73352
18635	1001466	73299
18636	1001519	73245
18637	1001570	73191
18638	1001619	73137
18639	1001669	73083
18640	1001722	73029
18641	1001773	72975
18642	1001826	72921
18643	1001880	72867
18644	1001933	72814
18645	1001985	72760
18646	1002041	72706
18647	1002095	72653
18648	1002146	72599
18649	1002197	72545
18650	1002246	72491
18651	1002303	72437
18652	1002354	72383
18653	1002406	72329
18654	1002454	72275
18655	1002511	72222
18656	1002562	72168
18657	1002611	72114
18658	1002662	72060
18659	1002717	72006
18660	1002770	71952
18661	1002819	71898
18662	1002871	71844
18663	1002926	71791
18664	1002978	71737
18665	1003038	71683
18666	1003096	71630
18667	1003145	71576
18668	1003201	71522
18669	1003255	71469
18670	1003304	71415
18671	1003363	71361
18672	1003414	71307
18673	1003471	71254
18674	1003523	71200
18675	1003580	71146
18676	1003630	71092
18677	1003689	71039
18678	1003740	70985
18679	1003796	70932
18680	1003846	70878
18681	1003899	70824
18682	1003953	70770
18683	1004008	70716
18684	1004060	70663
18685	1004114	70609
18686	1004167	70555
18687	1004216	70501
18688	1004265	70447
18689	1004322	70393
18690	1004381	70340
18691	1004434	70286
18692	1004488	70233
18693	1004539	70179
18694	1004591	70125
18695	1004649	70071
18696	1004709	70018
18697	1004772	69965
18698	1004835	69912
18699	1004893	69858
18700	1004955	69805
18701	1005005	69751
18702	1005058	69697
18703	1005114	69644
18704	1005167	69590
18705	1005221	69536
18706	1005275	69483
18707	1005323	69429
18708	1005382	69375
18709	1005438	69322
18710	1005497	69268
18711	1005566	69216
18712	1005619	69162
18713	1005673	69108
18714	1005725	69054
18715	1005773	69000
18716	1005823	68946
18717	1005875	68892
18718	1005928	68838
18719	1005988	68785
18720	1006038	68731
18721	1006091	68677
18722	1006148	68624
18723	1006203	68570
18724	1006258	68516
18725	1006314	68463
18726	1006378	68410
18727	1006434	68356
18728	1006489	68303
18729	1006548	68249
18730	1006614	68196
18731	1006680	68143
18732	1006751	68091
18733	1006819	68038
18734	1006890	67985
18735	1006959	67933
18736	1007017	67879
18737	1007078	67826
18738	1007138	67773
18739	1007197	67719
18740	1007259	67666
18741	1007322	67613
18742	1007383	67560
18743	1007440	67506
18744	1007506	67453
18745	1007570	67400
18746	1007634	67347
18747	1007699	67294
18748	1007758	67241
18749	1007813	67187
18750	1007867	67133
18751	1007924	67080
18752	1007974	67026
18753	1008023	66972
18754	1008071	66918
18755	1008126	66864
18756	1008176	66810
18757	1008226	66756
18758	1008274	66702
18759	1008325	66648
18760	1008379	66594
18761	1008432	66540
18762	1008481	66486
18763	1008540	66433
18764	1008588	66379
18765	1008644	66325
18766	1008696	66271
18767	1008752	66218
18768	1008818	66165
18769	1008872	66111
18770	1008921	66057
18771	1008973	66003
18772	1009024	65949
18773	1009080	65896
18774	1009130	65842
18775	1009187	65788
18776	1009261	65736
18777	1009312	65682
18778	1009363	65628
18779	1009410	65574
18780	1009457	65519
18781	1009510	65466
18782	1009567	65412
18783	1009620	65358
18784	1009684	65305
18785	1009734	65251
18786	1009783	65197
18787	1009831	65143
18788	1009884	65089
18789	1009932	65035
18790	1009993	64982
18791	1010046	64928
18792	1010095	64874
18793	1010144	64820
18794	1010197	64766
18795	1010248	64712
18796	1010302	64658
18797	1010361	64605
18798	1010414	64551
18799	1010467	64497
18800	1010520	64444
18801	1010580	64390
18802	1010636	64337
18803	1010696	64283
18804	1010742	64229
18805	1010797	64175
18806	1010850	64122
18807	1010900	64068
18808	1010951	64014
18809	1011006	63960
18810	1011064	63907
18811	1011116	63853
18812	1011168	63799
18813	1011218	63745
18814	1011270	63691
18815	1011325	63637
18816	1011382	63584
18817	1011435	63530
18818	1011490	63476
18819	1011545	63423
18820	1011602	63369
18821	1011664	63316
18822	1011713	63262
18823	1011765	63208
18824	1011817	63154
18825	1011869	63100
18826	1011931	63047
18827	1011986	62993
18828	1012044	62940
18829	1012098	62886
18830	1012150	62832
18831	1012202	62778
18832	1012253	62724
18833	1012303	62670
18834	1012355	62617
18835	1012410	62563
18836	1012465	62509
18837	1012516	62455
18838	1012567	62401
18839	1012621	62348
18840	1012673	62294
18841	1012722	62240
18842	1012773	62186
18843	1012830	62132
18844	1012881	62078
18845	1012937	62025
18846	1012989	61971
18847	1013042	61917
18848	1013092	61863
18849	1013144	61809
18850	1013194	61755
18851	1013245	61701
18852	1013301	61648
18853	1013361	61594
18854	1013412	61541
18855	1013461	61487
18856	1013514	61433
18857	1013565	61379
18858	1013616	61325
18859	1013667	61271
18860	1013719	61217
18861	1013768	61163
18862	1013819	61109
18863	1013878	61056
18864	1013933	61002
18865	1013982	60948
18866	1014031	60894
18867	1014082	60840
18868	1014130	60786
18869	1014183	60732
18870	1014234	60678
18871	1014286	60625
18872	1014338	60571
18873	1014391	60517
18874	1014438	60463
18875	1014493	60409
18876	1014545	60355
18877	1014601	60302
18878	1014652	60248
18879	1014701	60194
18880	1014753	60140
18881	1014805	60086
18882	1014854	60032
18883	1014906	59978
18884	1014967	59925
18885	1015014	59871
18886	1015072	59817
18887	1015125	59763
18888	1015184	59710
18889	1015238	59656
18890	1015290	59602
18891	1015345	59549
18892	1015401	59495
18893	1015456	59441
18894	1015513	59388
18895	1015565	59334
18896	1015613	59280
18897	1015668	59226
18898	1015723	59173
18899	1015770	59118
18900	1015820	59064
18901	1015874	59011
18902	1015930	58957
18903	1015984	58903
18904	1016036	58850
18905	1016086	58796
18906	1016137	58742
18907	1016189	58688
18908	1016240	58634
18909	1016292	58580
18910	1016342	58526
18911	1016395	58472
18912	1016450	58419
18913	1016502	58365
18914	1016559	58311
18915	1016615	58258
18916	1016678	58204
18917	1016733	58151
18918	1016789	58097
18919	1016842	58043
18920	1016897	57990
18921	1016948	57936
18922	1016997	57882
18923	1017059	57829
18924	1017117	57775
18925	1017168	57721
18926	1017217	57667
18927	1017271	57613
18928	1017323	57559
18929	1017373	57506
18930	1017429	57452
18931	1017486	57398
18932	1017535	57344
18933	1017588	57291
18934	1017640	57237
18935	1017689	57183
18936	1017741	57129
18937	1017795	57075
18938	1017846	57021
18939	1017898	56967
18940	1017947	56913
18941	1017997	56859
18942	1018049	56806
18943	1018105	56752
18944	1018156	56698
18945	1018208	56644
18946	1018255	56590
18947	1018306	56536
18948	1018370	56483
18949	1018428	56430
18950	1018483	56376
18951	1018537	56322
18952	1018594	56269
18953	1018645	56215
18954	1018692	56161
18955	1018748	56107
18956	1018803	56053
18957	1018853	55999
18958	1018906	55946
18959	1018960	55892
18960	1019015	55838
18961	1019067	55784
18962	1019115	55730
18963	1019170	55677
18964	1019225	55623
18965	1019280	55569
18966	1019332	55515
18967	1019385	55462
18968	1019437	55408
18969	1019491	55354
18970	1019544	55300
18971	1019600	55247
18972	1019654	55193
18973	1019712	55139
18974	1019765	55086
18975	1019821	55032
18976	1019872	54978
18977	1019923	54924
18978	1019979	54871
18979	1020035	54817
18980	1020093	54764
18981	1020148	54710
18982	1020202	54656
18983	1020255	54602
18984	1020309	54549
18985	1020359	54495
18986	1020416	54441
18987	1020471	54387
18988	1020521	54333
18989	1020579	54280
18990	1020635	54226
18991	1020684	54172
18992	1020739	54119
18993	1020790	54065
18994	1020842	54011
18995	1020893	53957
18996	1020943	53903
18997	1020990	53849
18998	1021041	53795
18999	1021093	53741
19000	1021144	53687
19001	1021200	53634
19002	1021253	53580
19003	1021319	53527
19004	1021367	53473
19005	1021418	53419
19006	1021469	53365
19007	1021515	53311
19008	1021567	53257
19009	1021620	53203
19010	1021671	53149
19011	1021728	53096
19012	1021780	53042
19013	1021829	52988
19014	1021880	52934
19015	1021932	52880
19016	1021980	52826
19017	1022039	52773
19018	1022093	52719
19019	1022144	52665
19020	1022195	52611
19021	1022244	52557
19022	1022294	52503
19023	1022344	52449
19024	1022393	52395
19025	1022441	52341
19026	1022494	52288
19027	1022544	52234
19028	1022597	52180
19029	1022653	52126
19030	1022708	52073
19031	1022761	52019
19032	1022812	51965
19033	1022869	51911
19034	1022927	51858
19035	1022977	51804
19036	1023035	51750
19037	1023086	51697
19038	1023134	51643
19039	1023186	51589
19040	1023241	51535
19041	1023289	51481
19042	1023345	51427
19043	1023400	51374
19044	1023454	51320
19045	1023504	51266
19046	1023554	51212
19047	1023608	51158
19048	1023658	51105
19049	1023710	51051
19050	1023763	50997
19051	1023815	50943
19052	1023867	50889
19053	1023920	50835
19054	1023976	50782
19055	1024031	50728
19056	1024083	50674
19057	1024135	50621
19058	1024185	50567
19059	1024232	50513
19060	1024286	50459
19061	1024341	50405
19062	1024390	50351
19063	1024438	50297
19064	1024493	50243
19065	1024547	50190
19066	1024603	50136
19067	1024658	50082
19068	1024707	50028
19069	1024760	49975
19070	1024812	49921
19071	1024864	49867
19072	1024918	49813
19073	1024973	49760
19074	1025025	49706
19075	1025075	49652
19076	1025125	49598
19077	1025178	49544
19078	1025234	49491
19079	1025293	49437
19080	1025356	49384
19081	1025418	49331
19082	1025480	49277
19083	1025549	49224
19084	1025607	49171
19085	1025657	49117
19086	1025705	49063
19087	1025758	49009
19088	1025808	48955
19089	1025860	48901
19090	1025911	48847
19091	1025959	48793
19092	1026010	48739
19093	1026069	48686
19094	1026120	48632
19095	1026176	48578
19096	1026228	48525
19097	1026279	48471
19098	1026336	48417
19099	1026390	48363
19100	1026441	48310
19101	1026498	48256
19102	1026551	48202
19103	1026612	48149
19104	1026673	48095
19105	1026722	48041
19106	1026770	47987
19107	1026816	47933
19108	1026864	47879
19109	1026920	47826
19110	1026971	47772
19111	1027026	47718
19112	1027080	47664
19113	1027132	47611
19114	1027183	47557
19115	1027236	47503
19116	1027295	47449
19117	1027353	47396
19118	1027411	47342
19119	1027466	47289
19120	1027517	47235
19121	1027570	47181
19122	1027618	47127
19123	1027674	47074
19124	1027728	47020
19125	1027787	46966
19126	1027848	46913
19127	1027901	46859
19128	1027956	46805
19129	1028007	46752
19130	1028069	46698
19131	1028124	46644
19132	1028184	46591
19133	1028251	46538
19134	1028309	46484
19135	1028361	46431
19136	1028409	46377
19137	1028460	46323
19138	1028514	46269
19139	1028573	46215
19140	1028625	46162
19141	1028677	46108
19142	1028731	46054
19143	1028783	46000
19144	1028839	45947
19145	1028890	45893
19146	1028954	45839
19147	1029027	45787
19148	1029102	45734
19149	1029152	45680
19150	1029206	45626
19151	1029275	45573
19152	1029342	45520
19153	1029403	45467
19154	1029458	45413
19155	1029510	45359
19156	1029570	45306
19157	1029624	45252
19158	1029675	45198
19159	1029727	45144
19160	1029781	45090
19161	1029833	45037
19162	1029884	44983
19163	1029934	44929
19164	1029983	44875
19165	1030031	44821
19166	1030090	44767
19167	1030146	44714
19168	1030202	44660
19169	1030256	44606
19170	1030309	44553
19171	1030362	44499
19172	1030432	44446
19173	1030517	44393
19174	1030591	44340
19175	1030661	44287
19176	1030735	44235
19177	1030810	44182
19178	1030863	44128
19179	1030936	44075
19180	1031008	44022
19181	1031077	43969
19182	1031145	43916
19183	1031217	43863
19184	1031274	43809
19185	1031323	43755
19186	1031373	43701
19187	1031441	43648
19188	1031512	43595
19189	1031587	43542
19190	1031659	43489
19191	1031733	43436
19192	1031801	43383
19193	1031853	43329
19194	1031924	43276
19195	1031993	43223
19196	1032066	43170
19197	1032135	43117
19198	1032195	43064
19199	1032245	43010
19200	1032303	42956
19201	1032361	42903
19202	1032413	42849
19203	1032464	42795
19204	1032521	42741
19205	1032571	42687
19206	1032625	42634
19207	1032679	42580
19208	1032727	42526
19209	1032783	42472
19210	1032844	42419
19211	1032899	42365
19212	1032954	42311
19213	1033009	42257
19214	1033059	42204
19215	1033107	42150
19216	1033159	42096
19217	1033211	42042
19218	1033262	41988
19219	1033315	41934
19220	1033372	41881
19221	1033423	41827
19222	1033479	41773
19223	1033535	41719
19224	1033585	41665
19225	1033634	41612
19226	1033684	41558
19227	1033736	41504
19228	1033789	41450
19229	1033846	41396
19230	1033898	41343
19231	1033957	41289
19232	1034014	41235
19233	1034077	41182
19234	1034133	41128
19235	1034198	41075
19236	1034258	41021
19237	1034307	40967
19238	1034358	40914
19239	1034405	40860
19240	1034454	40806
19241	1034508	40752
19242	1034559	40698
19243	1034612	40644
19244	1034668	40591
19245	1034729	40537
19246	1034782	40483
19247	1034841	40430
19248	1034895	40376
19249	1034956	40322
19250	1035010	40269
19251	1035062	40215
19252	1035115	40161
19253	1035167	40107
19254	1035222	40054
19255	1035278	40000
19256	1035331	39946
19257	1035380	39892
19258	1035430	39838
19259	1035482	39784
19260	1035534	39731
19261	1035582	39677
19262	1035634	39623
19263	1035680	39569
19264	1035732	39515
19265	1035783	39461
19266	1035835	39407
19267	1035890	39353
19268	1035942	39300
19269	1035990	39246
19270	1036066	39193
19271	1036115	39139
19272	1036164	39085
19273	1036215	39031
19274	1036268	38977
19275	1036320	38923
19276	1036368	38869
19277	1036422	38816
19278	1036477	38762
19279	1036528	38708
19280	1036586	38654
19281	1036643	38601
19282	1036696	38547
19283	1036748	38493
19284	1036799	38439
19285	1036858	38386
19286	1036911	38332
19287	1036965	38278
19288	1037018	38224
19289	1037071	38171
19290	1037128	38117
19291	1037184	38063
19292	1037244	38010
19293	1037297	37956
19294	1037375	37903
19295	1037419	37849
19296	1037471	37795
19297	1037522	37741
19298	1037574	37687
19299	1037625	37634
19300	1037678	37580
19301	1037732	37526
19302	1037786	37472
19303	1037842	37419
19304	1037893	37365
19305	1037948	37311
19306	1038001	37257
19307	1038056	37203
19308	1038112	37150
19309	1038165	37096
19310	1038215	37042
19311	1038265	36988
19312	1038324	36935
19313	1038375	36881
19314	1038432	36827
19315	1038489	36774
19316	1038554	36720
19317	1038607	36666
19318	1038684	36613
19319	1038730	36559
19320	1038776	36505
19321	1038848	36452
19322	1038898	36398
19323	1038953	36345
19324	1039005	36291
19325	1039056	36237
19326	1039112	36183
19327	1039168	36130
19328	1039221	36076
19329	1039271	36022
19330	1039327	35968
19331	1039433	35916
19332	1039500	35863
19333	1039555	35809
19334	1039606	35755
19335	1039663	35702
19336	1039718	35648
19337	1039767	35594
19338	1039824	35540
19339	1039883	35487
19340	1039937	35433
19341	1039992	35379
19342	1040046	35325
19343	1040106	35272
19344	1040154	35218
19345	1040208	35164
19346	1040258	35110
19347	1040307	35056
19348	1040355	35002
19349	1040407	34949
19350	1040466	34895
19351	1040516	34841
19352	1040568	34787
19353	1040621	34733
19354	1040675	34680
19355	1040727	34626
19356	1040779	34572
19357	1040828	34518
19358	1040884	34464
19359	1040937	34411
19360	1040991	34357
19361	1041046	34303
19362	1041095	34249
19363	1041147	34195
19364	1041207	34142
19365	1041258	34088
19366	1041311	34034
19367	1041362	33980
19368	1041414	33927
19369	1041468	33873
19370	1041519	33819
19371	1041569	33765
19372	1041626	33711
19373	1041683	33658
19374	1041733	33604
19375	1041788	33550
19376	1041840	33496
19377	1041894	33442
19378	1041947	33389
19379	1041997	33335
19380	1042046	33281
19381	1042095	33227
19382	1042147	33173
19383	1042197	33119
19384	1042247	33065
19385	1042297	33011
19386	1042350	32958
19387	1042404	32904
19388	1042460	32850
19389	1042511	32796
19390	1042563	32743
19391	1042621	32689
19392	1042694	32636
19393	1042743	32582
19394	1042792	32528
19395	1042839	32474
19396	1042890	32420
19397	1042943	32366
19398	1042994	32312
19399	1043047	32259
19400	1043101	32205
19401	1043159	32151
19402	1043209	32097
19403	1043262	32044
19404	1043315	31990
19405	1043363	31936
19406	1043418	31882
19407	1043471	31828
19408	1043525	31775
19409	1043577	31721
19410	1043631	31667
19411	1043690	31613
19412	1043740	31560
19413	1043794	31506
19414	1043844	31452
19415	1043908	31398
19416	1043960	31345
19417	1044007	31291
19418	1044055	31237
19419	1044105	31183
19420	1044156	31129
19421	1044208	31075
19422	1044258	31021
19423	1044307	30967
19424	1044361	30914
19425	1044413	30860
19426	1044464	30806
19427	1044516	30752
19428	1044567	30698
19429	1044620	30645
19430	1044675	30591
19431	1044732	30537
19432	1044792	30484
19433	1044847	30430
19434	1044900	30376
19435	1044951	30322
19436	1045006	30269
19437	1045058	30215
19438	1045114	30161
19439	1045168	30107
19440	1045219	30053
19441	1045271	30000
19442	1045350	29947
19443	1045397	29893
19444	1045451	29839
19445	1045500	29785
19446	1045549	29731
19447	1045608	29677
19448	1045659	29624
19449	1045706	29570
19450	1045756	29516
19451	1045807	29462
19452	1045865	29408
19453	1045916	29354
19454	1045966	29301
19455	1046020	29247
19456	1046070	29193
19457	1046117	29139
19458	1046173	29085
19459	1046222	29031
19460	1046278	28978
19461	1046337	28924
19462	1046388	28870
19463	1046444	28817
19464	1046495	28763
19465	1046546	28709
19466	1046597	28655
19467	1046655	28601
19468	1046701	28547
19469	1046750	28493
19470	1046798	28440
19471	1046851	28386
19472	1046905	28332
19473	1046955	28278
19474	1047008	28224
19475	1047058	28171
19476	1047109	28117
19477	1047157	28063
19478	1047209	28009
19479	1047262	27955
19480	1047315	27901
19481	1047364	27848
19482	1047414	27794
19483	1047468	27740
19484	1047521	27686
19485	1047575	27632
19486	1047626	27579
19487	1047678	27525
19488	1047730	27471
19489	1047783	27417
19490	1047836	27363
19491	1047888	27310
19492	1047939	27256
19493	1047997	27202
19494	1048048	27148
19495	1048099	27094
19496	1048154	27041
19497	1048215	26987
19498	1048269	26933
19499	1048317	26879
19500	1048369	26826
19501	1048419	26772
19502	1048469	26718
19503	1048524	26664
19504	1048580	26610
19505	1048636	26557
19506	1048688	26503
19507	1048739	26449
19508	1048795	26395
19509	1048846	26342
19510	1048908	26288
19511	1048969	26234
19512	1049014	26181
19513	1049066	26127
19514	1049117	26073
19515	1049169	26019
19516	1049221	25965
19517	1049268	25911
19518	1049320	25858
19519	1049371	25804
19520	1049425	25750
19521	1049478	25696
19522	1049532	25642
19523	1049579	25589
19524	1049628	25535
19525	1049680	25481
19526	1049728	25427
19527	1049782	25373
19528	1049840	25320
19529	1049893	25266
19530	1049943	25212
19531	1049999	25158
19532	1050063	25105
19533	1050116	25051
19534	1050162	24997
19535	1050213	24943
19536	1050266	24889
19537	1050317	24836
19538	1050369	24782
19539	1050423	24728
19540	1050479	24674
19541	1050529	24620
19542	1050580	24567
19543	1050633	24513
19544	1050683	24459
19545	1050742	24405
19546	1050794	24352
19547	1050842	24298
19548	1050896	24244
19549	1050954	24190
19550	1051007	24136
19551	1051062	24083
19552	1051127	24029
19553	1051177	23975
19554	1051228	23922
19555	1051280	23868
19556	1051337	23814
19557	1051391	23760
19558	1051449	23707
19559	1051503	23653
19560	1051555	23599
19561	1051609	23545
19562	1051661	23492
19563	1051716	23438
19564	1051770	23384
19565	1051824	23330
19566	1051881	23277
19567	1051935	23223
19568	1052010	23170
19569	1052056	23116
19570	1052108	23062
19571	1052158	23008
19572	1052206	22954
19573	1052257	22900
19574	1052308	22847
19575	1052360	22793
19576	1052410	22739
19577	1052459	22685
19578	1052510	22631
19579	1052567	22578
19580	1052619	22524
19581	1052677	22470
19582	1052728	22416
19583	1052778	22362
19584	1052830	22309
19585	1052889	22255
19586	1052941	22201
19587	1053001	22148
19588	1053054	22094
19589	1053105	22040
19590	1053160	21986
19591	1053216	21933
19592	1053265	21879
19593	1053314	21825
19594	1053368	21771
19595	1053414	21717
19596	1053465	21663
19597	1053517	21610
19598	1053565	21556
19599	1053615	21502
19600	1053664	21448
19601	1053723	21394
19602	1053794	21341
19603	1053864	21288
19604	1053936	21234
19605	1054002	21181
19606	1054071	21127
19607	1054148	21074
19608	1054217	21020
19609	1054279	20967
19610	1054333	20913
19611	1054387	20859
19612	1054451	20806
19613	1054523	20752
19614	1054596	20699
19615	1054664	20645
19616	1054738	20592
19617	1054796	20538
19618	1054845	20485
19619	1054899	20431
19620	1054951	20377
19621	1055011	20323
19622	1055064	20270
19623	1055130	20216
19624	1055202	20163
19625	1055271	20109
19626	1055340	20056
19627	1055413	20002
19628	1055482	19949
19629	1055555	19895
19630	1055622	19842
19631	1055679	19788
19632	1055728	19734
19633	1055794	19681
19634	1055849	19627
19635	1055901	19573
19636	1055959	19519
19637	1056016	19466
19638	1056068	19412
19639	1056119	19358
19640	1056171	19304
19641	1056224	19251
19642	1056285	19197
19643	1056362	19144
19644	1056433	19090
19645	1056509	19037
19646	1056577	18983
19647	1056647	18930
19648	1056714	18876
19649	1056778	18823
19650	1056837	18769
19651	1056888	18715
19652	1056942	18661
19653	1057015	18608
19654	1057090	18554
19655	1057162	18501
19656	1057231	18447
19657	1057301	18394
19658	1057371	18340
19659	1057444	18287
19660	1057502	18233
19661	1057553	18179
19662	1057613	18126
19663	1057670	18072
19664	1057720	18018
19665	1057767	17964
19666	1057816	17910
19667	1057871	17857
19668	1057922	17803
19669	1057973	17749
19670	1058028	17695
19671	1058083	17641
19672	1058133	17588
19673	1058191	17534
19674	1058239	17480
19675	1058289	17426
19676	1058336	17372
19677	1058390	17318
19678	1058440	17265
19679	1058492	17211
19680	1058548	17157
19681	1058608	17103
19682	1058664	17050
19683	1058717	16996
19684	1058768	16942
19685	1058818	16888
19686	1058871	16834
19687	1058924	16781
19688	1058977	16727
19689	1059025	16673
19690	1059081	16619
19691	1059133	16565
19692	1059182	16511
19693	1059238	16458
19694	1059287	16404
19695	1059338	16350
19696	1059393	16296
19697	1059444	16242
19698	1059495	16189
19699	1059546	16135
19700	1059599	16081
19701	1059651	16027
19702	1059700	15973
19703	1059747	15919
19704	1059799	15866
19705	1059847	15812
19706	1059897	15758
19707	1059949	15704
19708	1060003	15650
19709	1060055	15596
19710	1060107	15543
19711	1060155	15489
19712	1060208	15435
19713	1060262	15381
19714	1060313	15327
19715	1060366	15274
19716	1060414	15220
19717	1060467	15166
19718	1060515	15112
19719	1060579	15058
19720	1060629	15005
19721	1060676	14951
19722	1060727	14897
19723	1060778	14843
19724	1060830	14789
19725	1060881	14735
19726	1060933	14682
19727	1060983	14628
19728	1061039	14574
19729	1061100	14520
19730	1061149	14467
19731	1061202	14413
19732	1061253	14359
19733	1061308	14305
19734	1061385	14252
19735	1061437	14198
19736	1061490	14144
19737	1061545	14090
19738	1061596	14037
19739	1061650	13983
19740	1061696	13929
19741	1061750	13875
19742	1061803	13821
19743	1061855	13767
19744	1061909	13714
19745	1061967	13660
19746	1062024	13606
19747	1062073	13552
19748	1062121	13499
19749	1062176	13445
19750	1062230	13391
19751	1062283	13337
19752	1062349	13284
19753	1062409	13230
19754	1062458	13176
19755	1062504	13122
19756	1062553	13068
19757	1062602	13014
19758	1062657	12961
19759	1062709	12907
19760	1062762	12853
19761	1062825	12799
19762	1062878	12746
19763	1062932	12692
19764	1062983	12638
19765	1063037	12584
19766	1063088	12530
19767	1063139	12477
19768	1063188	12423
19769	1063244	12369
19770	1063301	12315
19771	1063350	12261
19772	1063408	12208
19773	1063457	12154
19774	1063514	12100
19775	1063568	12046
19776	1063624	11993
19777	1063675	11939
19778	1063724	11885
19779	1063781	11831
19780	1063834	11777
19781	1063887	11724
19782	1063939	11670
19783	1063994	11616
19784	1064045	11562
19785	1064102	11509
19786	1064153	11455
19787	1064203	11401
19788	1064253	11347
19789	1064302	11293
19790	1064354	11239
19791	1064402	11186
19792	1064455	11132
19793	1064508	11078
19794	1064555	11024
19795	1064603	10970
19796	1064654	10917
19797	1064703	10863
19798	1064758	10809
19799	1064808	10755
19800	1064858	10701
19801	1064908	10648
19802	1064961	10594
19803	1065014	10540
19804	1065074	10486
19805	1065122	10432
19806	1065179	10379
19807	1065232	10325
19808	1065288	10271
19809	1065337	10217
19810	1065391	10163
19811	1065441	10110
19812	1065492	10056
19813	1065548	10002
19814	1065601	9948
19815	1065655	9895
19816	1065707	9841
19817	1065756	9787
19818	1065810	9733
19819	1065861	9679
19820	1065913	9626
19821	1065968	9572
19822	1066020	9518
19823	1066071	9464
19824	1066126	9410
19825	1066175	9357
19826	1066227	9303
19827	1066283	9249
19828	1066337	9195
19829	1066388	9142
19830	1066443	9088
19831	1066497	9034
19832	1066550	8980
19833	1066606	8926
19834	1066660	8873
19835	1066730	8819
19836	1066784	8765
19837	1066834	8711
19838	1066883	8658
19839	1066937	8604
19840	1066987	8550
19841	1067043	8496
19842	1067091	8442
19843	1067142	8389
19844	1067191	8335
19845	1067240	8281
19846	1067293	8227
19847	1067344	8173
19848	1067393	8120
19849	1067454	8066
19850	1067503	8012
19851	1067556	7958
19852	1067611	7905
19853	1067662	7851
19854	1067713	7797
19855	1067762	7743
19856	1067815	7689
19857	1067864	7636
19858	1067913	7582
19859	1067963	7528
19860	1068036	7474
19861	1068083	7420
19862	1068131	7367
19863	1068182	7313
19864	1068232	7259
19865	1068278	7205
19866	1068327	7151
19867	1068380	7098
19868	1068426	7044
19869	1068477	6990
19870	1068527	6936
19871	1068583	6882
19872	1068637	6829
19873	1068686	6775
19874	1068737	6721
19875	1068790	6667
19876	1068854	6614
19877	1068905	6560
19878	1068958	6506
19879	1069009	6452
19880	1069065	6399
19881	1069116	6345
19882	1069168	6291
19883	1069222	6237
19884	1069274	6183
19885	1069324	6130
19886	1069387	6076
19887	1069436	6022
19888	1069486	5968
19889	1069536	5914
19890	1069585	5861
19891	1069634	5807
19892	1069684	5753
19893	1069735	5699
19894	1069784	5646
19895	1069834	5592
19896	1069887	5538
19897	1069936	5484
19898	1069989	5430
19899	1070045	5377
19900	1070095	5323
19901	1070140	5269
19902	1070190	5215
19903	1070244	5161
19904	1070294	5108
19905	1070344	5054
19906	1070396	5000
19907	1070449	4946
19908	1070499	4893
19909	1070547	4839
19910	1070601	4785
19911	1070656	4731
19912	1070706	4677
19913	1070756	4624
19914	1070812	4570
19915	1070866	4516
19916	1070927	4462
19917	1070978	4409
19918	1071028	4355
19919	1071082	4301
19920	1071140	4247
19921	1071191	4194
19922	1071239	4140
19923	1071288	4086
19924	1071340	4032
19925	1071390	3978
19926	1071438	3925
19927	1071487	3871
19928	1071535	3817
19929	1071584	3763
19930	1071639	3709
19931	1071691	3656
19932	1071745	3602
19933	1071802	3548
19934	1071849	3494
19935	1071908	3441
19936	1071956	3387
19937	1072006	3333
19938	1072060	3279
19939	1072113	3226
19940	1072164	3172
19941	1072216	3118
19942	1072270	3064
19943	1072322	3010
19944	1072375	2957
19945	1072422	2903
19946	1072472	2849
19947	1072524	2795
19948	1072573	2742
19949	1072625	2688
19950	1072672	2634
19951	1072728	2580
19952	1072776	2526
19953	1072826	2473
19954	1072893	2419
19955	1072963	2365
19956	1073023	2311
19957	1073085	2258
19958	1073141	2204
19959	1073200	2150
19960	1073262	2096
19961	1073319	2043
19962	1073376	1989
19963	1073428	1935
19964	1073479	1881
19965	1073531	1828
19966	1073585	1774
19967	1073639	1720
19968	1073701	1666
19969	1073752	1613
19970	1073804	1559
19971	1073855	1505
19972	1073908	1451
19973	1073959	1397
19974	1074015	1344
19975	1074066	1290
19976	1074119	1236
19977	1074177	1182
19978	1074228	1129
19979	1074281	1075
19980	1074334	1021
19981	1074388	967
19982	1074433	914
19983	1074487	860
19984	1074540	806
19985	1074594	752
19986	1074650	698
19987	1074725	645
19988	1074773	591
19989	1074822	537
19990	1074873	483
19991	1074925	430
19992	1074976	376
19993	1075033	322
19994	1075081	268
19995	1075128	215
19996	1075182	161
19997	1075236	107
19998	1075290	53
19999	1075344	0
